img_id,plan,steps,before_ink,after_ink
3336,denoise,denoise,0.1748,0.1699
3401,denoise,denoise,0.1178,0.1078
8697,denoise,denoise,0.1467,0.1405
9298,denoise,denoise,0.2616,0.2590
238294,denoise,denoise,0.2964,0.2801
9760,denoise,denoise,0.2913,0.2773
9764,denoise,denoise,0.0311,0.0282
3810,crop,crop_t0b0l37r38+denoise,0.3620,0.0683
237613,denoise,denoise,0.1415,0.1343
8079,denoise,denoise,0.4180,0.4031
6881,invert,invert,0.6588,0.3412
6882,invert,invert,0.7666,0.2334
6298,invert,invert+denoise,0.6872,0.3125
6505,denoise,denoise,0.1242,0.1111
3748,denoise,denoise,0.1496,0.1432
4193,denoise,denoise,0.0936,0.0896
240620,denoise,denoise,0.1963,0.1887
15377,denoise,denoise,0.1264,0.1244
14486,crop,crop_t34b35l0r0,0.3763,0.1068
240291,denoise,denoise,0.3696,0.3616
14629,crop,crop_t0b0l34r34+denoise,0.4059,0.1360
14881,denoise,denoise,0.2137,0.2060
14842,crop,crop_t21b22l0r0+denoise,0.3495,0.1814
240437,denoise,denoise,0.2256,0.2207
13444,crop,crop_t0b0l39r39+denoise,0.3699,0.0626
13459,denoise,denoise,0.1429,0.1359
13471,denoise,denoise,0.1294,0.1127
13871,denoise,denoise,0.3535,0.3455
13863,denoise,denoise,0.1467,0.1355
12530,denoise,denoise,0.3452,0.3338
12866,denoise,denoise,0.1079,0.1019
14262,denoise,denoise,0.1780,0.1700
242465,denoise,denoise,0.3558,0.3442
19890,crop,crop_t30b30l0r0+denoise,0.4071,0.1726
19349,denoise,denoise,0.2576,0.2509
19402,denoise,denoise,0.3023,0.2869
19426,crop,crop_t0b0l23r23,0.3005,0.1208
19530,denoise,denoise,0.4790,0.4685
19499,denoise,denoise,0.2811,0.2761
20247,denoise,denoise,0.2629,0.2540
3956,denoise,denoise,0.1636,0.1544
4063,crop,crop_t0b0l33r34+denoise,0.3591,0.0956
7319,denoise,denoise,0.3060,0.2918
7296,invert,invert,0.7814,0.2186
7350,denoise,denoise,0.1158,0.1090
237253,denoise,denoise,0.1202,0.1174
7426,invert,invert+denoise,0.5834,0.4146
7445,denoise,denoise,0.1502,0.1418
20098,denoise,denoise,0.2956,0.2786
242759,denoise,denoise,0.1950,0.1782
20874,denoise,denoise,0.2175,0.2056
20969,crop,crop_t0b0l35r35,0.3954,0.1220
21059,denoise,denoise,0.3058,0.2861
21188,denoise,denoise,0.1527,0.1491
21661,denoise,denoise,0.2199,0.2142
21740,denoise,denoise,0.2979,0.2762
15973,crop,crop_t25b26l0r0,0.3016,0.1024
16309,crop,crop_t18b18l0r0+denoise,0.3696,0.2274
16711,denoise,denoise,0.2320,0.2259
16837,denoise,denoise,0.1847,0.1745
16977,denoise,denoise,0.3045,0.3000
17142,crop,crop_t37b37l0r0+denoise,0.4276,0.1385
17162,denoise,denoise,0.3606,0.3551
241454,denoise,denoise,0.1951,0.1908
236022,crop,crop_t0b0l45r45+denoise,0.4776,0.1207
4925,denoise,denoise,0.2739,0.2714
947,denoise,denoise,0.1406,0.1283
1716,denoise,denoise,0.1913,0.1835
1730,denoise,denoise,0.0502,0.0460
237609,denoise,denoise,0.2526,0.2487
6738,invert,invert+denoise,0.7481,0.2516
237020,crop,crop_t13b14l0r0,0.2980,0.1925
15386,denoise,denoise,0.0750,0.0713
15501,denoise,denoise,0.1222,0.1180
15506,denoise,denoise,0.3031,0.2906
15645,crop,crop_t38b39l0r0,0.4043,0.1035
15757,crop,crop_t34b34l0r0,0.3979,0.1323
15770,denoise,denoise,0.2285,0.2149
15783,crop,crop_t41b42l0r0,0.4277,0.1035
15878,denoise,denoise,0.3127,0.2986
13009,crop,crop_t0b0l42r43+denoise,0.4479,0.1142
239703,crop,crop_t0b0l15r14+denoise,0.2722,0.1572
14268,denoise,denoise,0.3544,0.3168
14325,denoise,denoise,0.1116,0.1017
14366,denoise,denoise,0.2002,0.1948
240218,denoise,denoise,0.2962,0.2897
15050,denoise,denoise,0.1354,0.1284
15163,denoise,denoise,0.1443,0.1402
10816,denoise,denoise,0.1873,0.1841
11010,denoise,denoise,0.2665,0.2464
238374,crop,crop_t0b0l21r22+denoise,0.3007,0.1323
238396,denoise,denoise,0.2239,0.1980
10067,crop,crop_t0b0l46r46,0.4659,0.1065
238434,denoise,denoise,0.2224,0.2089
10224,denoise,denoise,0.1760,0.1736
10443,denoise,denoise,0.2862,0.2699
18031,crop,crop_t21b21l0r0,0.2903,0.1262
18356,crop,crop_t26b27l0r0+denoise,0.4148,0.2074
18371,denoise,denoise,0.1983,0.1906
241880,crop,crop_t27b27l0r0,0.3860,0.1750
18654,denoise,denoise,0.2462,0.2332
18670,denoise,denoise,0.1983,0.1906
18959,crop,crop_t39b40l0r0,0.4553,0.1467
18960,crop,crop_t44b45l0r0,0.5007,0.1530
5963,denoise,denoise,0.2543,0.2457
6140,invert,invert+denoise,0.6821,0.3168
6215,denoise,denoise,0.2847,0.2753
8166,crop,crop_t0b0l16r16+denoise,0.2164,0.0892
8647,denoise,denoise,0.1539,0.1410
238302,crop,crop_t16b17l29r0+denoise,0.3127,0.0849
9807,denoise,denoise,0.3532,0.3412
10830,denoise,denoise,0.3995,0.3902
17323,denoise,denoise,0.1853,0.1791
17334,denoise,denoise,0.5237,0.5127
17327,denoise,denoise,0.2623,0.2565
17406,denoise,denoise,0.3177,0.3063
17426,denoise,denoise,0.3308,0.3224
241746,crop,crop_t17b17l0r0,0.3346,0.2018
18242,crop,crop_t15b15l0r0+denoise,0.3770,0.2594
17969,denoise,denoise,0.1506,0.1402
18982,denoise,denoise,0.1797,0.1746
19001,denoise,denoise,0.2454,0.2381
19003,denoise,denoise,0.2572,0.2237
19129,denoise,denoise,0.2174,0.2046
19346,denoise,denoise,0.2020,0.1948
18732,denoise,denoise,0.2740,0.2588
18816,denoise,denoise,0.4439,0.4301
19558,denoise,denoise,0.2629,0.2540
24993,denoise,denoise,0.1936,0.1881
25081,denoise,denoise,0.2603,0.2458
25235,denoise,denoise,0.1430,0.1398
25205,denoise,denoise,0.1756,0.1714
25230,crop,crop_t0b0l44r52+denoise,0.4667,0.0900
25233,crop,crop_t0b0l39r40+denoise,0.4451,0.1365
25358,denoise,denoise,0.2556,0.2508
25368,denoise,denoise,0.1751,0.1582
22463,crop,crop_t14b14l0r0,0.2841,0.1748
243533,crop,crop_t22b23l0r0+denoise,0.4099,0.2340
22584,denoise,denoise,0.1875,0.1810
22713,denoise,denoise,0.2753,0.2625
23654,denoise,denoise,0.1474,0.1373
23818,denoise,denoise,0.1225,0.1192
23965,denoise,denoise,0.4762,0.4715
24135,denoise,denoise,0.1676,0.1597
26432,denoise,denoise,0.2782,0.2557
26661,denoise,denoise,0.1190,0.1134
26801,crop,crop_t40b40l0r0,0.4026,0.0901
26851,denoise,denoise,0.2374,0.2334
27268,crop,crop_t13b13l0r0,0.3535,0.2519
27463,crop,crop_t0b0l47r47+denoise,0.4793,0.1122
245615,crop,crop_t0b0l45r46+denoise,0.4687,0.1115
27476,crop,crop_t33b33l0r0,0.3843,0.1265
26923,denoise,denoise,0.2157,0.2044
245864,denoise,denoise,0.1182,0.1143
28084,denoise,denoise,0.2063,0.1835
27749,denoise,denoise,0.3572,0.3552
245785,crop,crop_t18b19l0r0+denoise,0.3562,0.2113
27988,crop,crop_t40b40l0r0,0.4178,0.1053
28782,denoise,denoise,0.3192,0.3138
28362,crop,crop_t0b0l18r19,0.2898,0.1452
30879,denoise,denoise,0.2707,0.2642
30977,denoise,denoise,0.2042,0.2012
30978,denoise,denoise,0.2563,0.2533
247052,denoise,denoise,0.2620,0.2576
31127,denoise,denoise,0.2288,0.2253
31288,denoise,denoise,0.2757,0.2642
247346,crop,crop_t0b0l27r28+denoise,0.3807,0.1654
31985,denoise,denoise,0.2174,0.2128
25593,denoise,denoise,0.2684,0.2623
25667,denoise,denoise,0.2753,0.2515
25738,denoise,denoise,0.2992,0.2938
25858,denoise,denoise,0.1225,0.1192
25977,denoise,denoise,0.3184,0.3134
26047,denoise,denoise,0.3184,0.3134
26312,denoise,denoise,0.2467,0.2402
245174,crop,crop_t0b0l30r30+denoise,0.4350,0.2004
21833,denoise,denoise,0.2885,0.2810
21216,denoise,denoise,0.2816,0.2767
21223,denoise,denoise,0.3739,0.3440
21462,denoise,denoise,0.3901,0.3805
21870,denoise,denoise,0.3169,0.3116
22003,denoise,denoise,0.3540,0.3458
22092,denoise,denoise,0.1336,0.1238
22358,denoise,denoise,0.2210,0.2146
22709,denoise,denoise,0.2059,0.1999
22715,denoise,denoise,0.3634,0.3325
243627,denoise,denoise,0.3175,0.3082
22863,denoise,denoise,0.3444,0.3034
23147,denoise,denoise,0.1499,0.1430
24774,denoise,denoise,0.2109,0.1986
24771,denoise,denoise,0.1690,0.1588
24840,crop,crop_t41b41l0r0+denoise,0.4393,0.1188
28584,denoise,denoise,0.2063,0.2008
246095,denoise,denoise,0.2524,0.2436
29242,denoise,denoise,0.1553,0.1521
29346,denoise,denoise,0.2462,0.2108
29520,denoise,denoise,0.2214,0.2156
29016,denoise,denoise,0.2909,0.2825
29055,denoise,denoise,0.1371,0.1319
29057,denoise,denoise,0.1151,0.1102
32012,denoise,denoise,0.2132,0.2027
32835,denoise,denoise,0.3023,0.2954
32847,denoise,denoise,0.2246,0.2136
32499,crop,crop_t38b39l0r0,0.3638,0.0630
32515,denoise,denoise,0.3539,0.3456
32725,crop,crop_t0b0l18r18+denoise,0.3039,0.1609
32811,denoise,denoise,0.1168,0.1118
32289,denoise,denoise,0.2860,0.2723
246309,denoise,denoise,0.1137,0.1068
29561,denoise,denoise,0.1478,0.1300
29578,crop,crop_t0b0l41r42+denoise,0.4430,0.1168
29613,denoise,denoise,0.2405,0.2343
29821,denoise,denoise,0.3335,0.3114
246583,denoise,denoise,0.3233,0.3188
30130,crop,crop_t48b49l0r0+denoise,0.4852,0.0986
30240,crop,crop_t20b21l0r0,0.3039,0.1437
33133,crop,crop_t22b23l0r0+denoise,0.2897,0.1136
33212,denoise,denoise,0.2337,0.2242
33502,crop,crop_t0b0l25r25+denoise,0.3660,0.1705
248099,crop,crop_t0b0l21r22+denoise,0.3514,0.1833
33990,denoise,denoise,0.2130,0.2086
34349,crop,crop_t16b0l0r0+denoise,0.2883,0.2271
35068,denoise,denoise,0.4087,0.3949
35250,denoise,denoise,0.2034,0.1996
35261,denoise,denoise,0.2921,0.2850
248798,denoise,denoise,0.3505,0.3445
35604,denoise,denoise,0.4136,0.4088
35646,denoise,denoise,0.3876,0.3828
35677,crop,crop_t22b22l0r0+denoise,0.2505,0.0774
35701,denoise,denoise,0.2135,0.2052
35732,denoise,denoise,0.1783,0.1738
35992,denoise,denoise,0.1994,0.1933
30241,crop,crop_t33b34l0r0+denoise,0.4715,0.2094
30282,denoise,denoise,0.2769,0.2692
246796,crop,crop_t35b36l0r0+denoise,0.4303,0.1528
246841,crop,crop_t0b0l21r22+denoise,0.2913,0.1229
30491,crop,crop_t0b12l0r0+denoise,0.3617,0.3148
30613,denoise,denoise,0.3662,0.3613
30807,denoise,denoise,0.3281,0.2959
30867,crop,crop_t0b0l17r17+denoise,0.3099,0.1770
249143,denoise,denoise,0.1892,0.1847
249466,denoise,denoise,0.3058,0.2963
36903,denoise,denoise,0.1821,0.1795
37040,crop,crop_t18b19l0r0+denoise,0.2745,0.1289
37166,crop,crop_t0b0l34r34+denoise,0.3937,0.1249
37220,denoise,denoise,0.1922,0.1742
250179,denoise,denoise,0.2485,0.2409
37636,crop,crop_t40b40l0r0+denoise,0.4422,0.1289
37716,crop,crop_t0b0l0r12,0.2518,0.2050
249890,denoise,denoise,0.2137,0.2055
37938,denoise,denoise,0.3110,0.3042
38883,denoise,denoise,0.1890,0.1811
39044,denoise,denoise,0.2056,0.2023
39567,denoise,denoise,0.2269,0.1983
39579,denoise,denoise,0.2333,0.2247
39622,crop,crop_t31b32l0r0+denoise,0.3748,0.1284
40118,crop,crop_t0b0l32r32+denoise,0.3880,0.1367
40187,denoise,denoise,0.1226,0.1176
41010,crop,crop_t13b13l0r0+denoise,0.2585,0.1565
41036,crop,crop_t31b31l0r0,0.3443,0.1021
41134,denoise,denoise,0.1674,0.1636
40302,crop,crop_t0b12l0r0,0.2218,0.1749
40303,crop,crop_t0b0l45r46+denoise,0.4751,0.1177
250990,crop,crop_t34b35l0r0,0.4157,0.1461
40457,crop,crop_t24b24l0r0+denoise,0.3786,0.1898
40519,denoise,denoise,0.2547,0.2341
251177,denoise,denoise,0.3383,0.3295
251446,crop,crop_t23b24l0r0+denoise,0.3066,0.1221
41643,crop,crop_t15b15l0r0,0.2376,0.1205
41989,denoise,denoise,0.1143,0.1072
42388,denoise,denoise,0.3002,0.2723
251824,denoise,denoise,0.2226,0.2096
252922,crop,crop_t0b0l24r25+denoise,0.3018,0.1084
252929,denoise,denoise,0.4064,0.3986
45140,denoise,denoise,0.1554,0.1509
45145,denoise,denoise,0.2830,0.2694
45377,denoise,denoise,0.4064,0.3986
44662,denoise,denoise,0.2170,0.2011
252745,crop,crop_t0b0l47r48+denoise,0.4551,0.0833
44696,denoise,denoise,0.2486,0.2444
42472,crop,crop_t18b18l0r0+denoise,0.2421,0.1011
42912,denoise,denoise,0.1709,0.1638
43141,denoise,denoise,0.3607,0.3512
43265,denoise,denoise,0.2536,0.2488
43311,denoise,denoise,0.2002,0.1934
43391,crop,crop_t0b0l39r40+denoise,0.4501,0.1407
43392,crop,crop_t31b32l0r0+denoise,0.3622,0.1156
43649,denoise,denoise,0.3280,0.3178
47688,crop,crop_t0b0l25r26+denoise,0.4919,0.2931
47819,denoise,denoise,0.1123,0.1096
48006,denoise,denoise,0.2765,0.2694
48318,denoise,denoise,0.2804,0.2751
48449,denoise,denoise,0.2385,0.2243
48710,crop,crop_t18b18l0r0+denoise,0.2618,0.1205
48874,crop,crop_t34b31l0r0+denoise,0.3594,0.1053
48927,denoise,denoise,0.4295,0.4230
44806,denoise,denoise,0.2300,0.2122
44959,denoise,denoise,0.2759,0.2585
45565,denoise,denoise,0.2352,0.2191
45602,denoise,denoise,0.2997,0.2923
45845,crop,crop_t0b0l43r45+denoise,0.4716,0.1274
46046,denoise,denoise,0.3195,0.3100
253294,denoise,denoise,0.2114,0.2014
46115,denoise,denoise,0.2752,0.2703
47098,crop,crop_t22b27l0r0+denoise,0.4905,0.3006
47341,denoise,denoise,0.3484,0.3361
47529,crop,crop_t0b0l13r14+denoise,0.4844,0.3789
47562,crop,crop_t0b0l16r14+denoise,0.4764,0.3590
47566,denoise,denoise,0.3633,0.3600
47626,crop,crop_t0b0l16r14+denoise,0.4764,0.3590
47631,denoise,denoise,0.3633,0.3600
47650,denoise,denoise,0.3344,0.3276
50473,crop,crop_t33b36l0r0+denoise,0.3966,0.1264
50591,denoise,denoise,0.1663,0.1564
50392,denoise,denoise,0.0784,0.0754
50841,denoise,denoise,0.2407,0.2340
255233,denoise,denoise,0.3016,0.2855
51470,crop,crop_t0b0l19r26,0.3868,0.2111
52344,denoise,denoise,0.2265,0.2150
52478,denoise,denoise,0.2339,0.2276
43825,denoise,denoise,0.4212,0.4084
43889,denoise,denoise,0.1933,0.1880
43990,denoise,denoise,0.2647,0.2558
44027,denoise,denoise,0.4465,0.4306
252480,denoise,denoise,0.2805,0.2710
44137,denoise,denoise,0.1854,0.1794
44173,denoise,denoise,0.2279,0.2198
44176,denoise,denoise,0.2010,0.1903
49533,denoise,denoise,0.3579,0.3555
49952,denoise,denoise,0.1790,0.1695
50052,denoise,denoise,0.1263,0.1189
49482,denoise,denoise,0.1509,0.1273
254462,crop,crop_t38b35l0r0+denoise,0.4565,0.1723
49092,denoise,denoise,0.1766,0.1636
254575,denoise,denoise,0.3134,0.2984
50446,denoise,denoise,0.1115,0.1097
46341,denoise,denoise,0.2763,0.2660
46346,denoise,denoise,0.3226,0.3105
46450,crop,crop_t0b0l25r26+denoise,0.3392,0.1391
253502,crop,crop_t0b0l34r35+denoise,0.4816,0.2096
46775,crop,crop_t20b21l0r0+denoise,0.2810,0.1183
46941,denoise,denoise,0.4126,0.4017
47010,crop,crop_t23b23l0r0+denoise,0.3033,0.1229
253685,crop,crop_t46b46l0r0+denoise,0.4645,0.1050
52518,denoise,denoise,0.1526,0.1428
52860,denoise,denoise,0.2670,0.2550
256067,denoise,denoise,0.1031,0.1009
256068,denoise,denoise,0.2255,0.2200
255964,denoise,denoise,0.2105,0.2042
52906,denoise,denoise,0.2831,0.2775
256336,denoise,denoise,0.2775,0.2639
53502,crop,crop_t0b0l35r36+denoise,0.3884,0.1078
57394,denoise,denoise,0.1912,0.1889
59119,invert,invert+denoise,0.5505,0.4494
59357,denoise,denoise,0.2436,0.2384
57750,denoise,denoise,0.1482,0.1434
57886,denoise,denoise,0.2893,0.2859
57938,denoise,denoise,0.2343,0.2306
58107,denoise,denoise,0.1792,0.1694
58181,denoise,denoise,0.2897,0.2824
53657,denoise,denoise,0.2863,0.2803
256411,denoise,denoise,0.2072,0.2034
256484,crop,crop_t0b0l18r18+denoise,0.3195,0.1737
54044,denoise,denoise,0.2016,0.1950
54077,denoise,denoise,0.2139,0.1903
256664,crop,crop_t0b0l49r48+denoise,0.4638,0.0835
54252,crop,crop_t25b26l0r0+denoise,0.2553,0.0561
54254,crop,crop_t0b0l30r31+denoise,0.3342,0.0946
54420,denoise,denoise,0.2244,0.2163
54432,denoise,denoise,0.1399,0.1366
54480,denoise,denoise,0.4218,0.4122
54610,denoise,denoise,0.1996,0.1923
55792,crop,crop_t41b40l0r0+denoise,0.4528,0.1361
56769,crop,crop_t37b37l0r0+denoise,0.4129,0.1234
56648,denoise,denoise,0.2611,0.2573
57160,denoise,denoise,0.2739,0.2659
258310,crop,crop_t0b0l17r17+denoise,0.3054,0.1721
58413,denoise,denoise,0.2627,0.2583
258377,denoise,denoise,0.2714,0.2604
258411,denoise,denoise,0.2723,0.2679
58933,invert,invert+denoise,0.7222,0.2755
59761,denoise,denoise,0.1787,0.1660
60161,denoise,denoise,0.1685,0.1646
60629,invert,invert+denoise,0.6644,0.3344
60773,denoise,denoise,0.3564,0.3503
60879,denoise,denoise,0.2449,0.2389
60359,denoise,denoise,0.3067,0.2966
60470,invert,invert+denoise,0.7716,0.2283
60555,invert,invert,0.5738,0.4262
60597,denoise,denoise,0.1362,0.1317
60999,denoise,denoise,0.2630,0.2453
61084,invert,invert+denoise,0.7504,0.2489
259644,denoise,denoise,0.1120,0.1100
61477,crop,crop_t0b0l36r36+denoise,0.4616,0.1797
259656,crop,crop_t0b0l36r34+denoise,0.4530,0.1794
61530,invert,invert+denoise,0.6563,0.3430
61675,denoise,denoise,0.1937,0.1874
62119,denoise,denoise,0.2299,0.2227
62201,denoise,denoise,0.1929,0.1840
62581,invert,invert+denoise,0.6127,0.3863
66918,denoise,denoise,0.1802,0.1743
67173,denoise,denoise,0.2301,0.2242
67739,denoise,denoise,0.2366,0.2311
67884,denoise,denoise,0.3946,0.3825
68361,denoise,denoise,0.1514,0.1438
68437,denoise,denoise,0.4424,0.4331
68606,invert,invert+denoise,0.5907,0.4085
68798,denoise,denoise,0.0978,0.0935
64411,invert,invert+denoise,0.6398,0.3599
64649,invert,invert+denoise,0.6749,0.3246
260978,crop,crop_t0b0l27r25+denoise,0.4028,0.1993
64133,denoise,denoise,0.3277,0.3181
64179,denoise,denoise,0.2371,0.2250
64246,crop,crop_t0b0l0r12+denoise,0.2892,0.2410
64339,denoise,denoise,0.2512,0.2436
64871,invert,invert+denoise,0.7226,0.2772
62910,denoise,denoise,0.1682,0.1652
62920,denoise,denoise,0.1776,0.1727
63016,invert,invert,0.7547,0.2453
63083,denoise,denoise,0.0950,0.0919
260348,crop,crop_t26b25l0r0+denoise,0.3177,0.1182
63845,invert,invert,0.7649,0.2351
63900,denoise,denoise,0.4122,0.3823
64343,denoise,denoise,0.1772,0.1707
72466,denoise,denoise,0.1806,0.1745
72489,crop,crop_t0b0l26r27+denoise,0.3910,0.1833
72988,denoise,denoise,0.1977,0.1917
73013,denoise,denoise,0.1995,0.1910
73029,denoise,denoise,0.1842,0.1765
264428,denoise,denoise,0.1833,0.1767
264603,crop,crop_t13b12l0r0+denoise,0.1985,0.0985
73567,denoise,denoise,0.3225,0.3175
65601,denoise,denoise,0.2574,0.2487
66334,denoise,denoise,0.2984,0.2871
66404,denoise,denoise,0.4219,0.4158
66505,denoise,denoise,0.2275,0.2220
261745,denoise,denoise,0.3930,0.3835
66559,denoise,denoise,0.4219,0.4158
66668,denoise,denoise,0.2275,0.2220
66669,denoise,denoise,0.3930,0.3835
73597,denoise,denoise,0.3968,0.3900
264674,crop,crop_t42b42l0r0+denoise,0.4523,0.1230
73819,invert,invert,0.7160,0.2840
74282,denoise,denoise,0.1534,0.1503
74291,denoise,denoise,0.2616,0.2516
74394,invert,invert+denoise,0.7566,0.2429
74786,crop,crop_t0b0l48r53+denoise,0.4978,0.1028
74245,denoise,denoise,0.1708,0.1641
65071,invert,invert,0.7946,0.2054
65329,denoise,denoise,0.2899,0.2837
65368,denoise,denoise,0.2871,0.2815
261268,denoise,denoise,0.3009,0.2841
65447,denoise,denoise,0.2899,0.2837
65481,denoise,denoise,0.2871,0.2815
65482,denoise,denoise,0.3009,0.2841
65574,denoise,denoise,0.1682,0.1596
70270,denoise,denoise,0.2590,0.2534
70340,invert,invert+denoise,0.7564,0.2428
70396,invert,invert+denoise,0.6290,0.3693
71224,invert,invert+denoise,0.6371,0.3612
71938,invert,invert,0.6851,0.3149
71941,denoise,denoise,0.1932,0.1859
264116,denoise,denoise,0.3755,0.3615
264148,denoise,denoise,0.3755,0.3615
75061,denoise,denoise,0.2494,0.2352
75173,denoise,denoise,0.1736,0.1672
75308,denoise,denoise,0.1396,0.1332
75685,invert,invert+denoise,0.7483,0.2505
75695,denoise,denoise,0.2853,0.2817
75816,invert,invert+denoise,0.7011,0.2987
76340,denoise,denoise,0.1373,0.1285
76623,invert,invert+denoise,0.6794,0.3187
68800,crop,crop_t0b0l33r32+denoise,0.4909,0.2226
68856,crop,crop_t12b0l0r0+denoise,0.2230,0.1760
68998,denoise,denoise,0.3330,0.3201
69033,invert,invert,0.5717,0.4283
262837,denoise,denoise,0.1494,0.1460
69197,denoise,denoise,0.2485,0.2464
263107,denoise,denoise,0.3448,0.3266
69985,denoise,denoise,0.1990,0.1903
77773,denoise,denoise,0.1715,0.1661
77780,denoise,denoise,0.1715,0.1661
78611,invert,invert+denoise,0.7366,0.2615
79630,denoise,denoise,0.2026,0.1899
267176,denoise,denoise,0.3601,0.3541
79781,denoise,denoise,0.1995,0.1830
79984,crop,crop_t0b0l33r32+denoise,0.4397,0.1847
80041,invert,invert+denoise,0.5873,0.4113
76691,invert,invert+denoise,0.5747,0.4240
76841,denoise,denoise,0.2083,0.1997
266094,crop,crop_t25b25l0r0+denoise,0.3228,0.1263
77166,denoise,denoise,0.2986,0.2862
77238,denoise,denoise,0.1434,0.1398
77239,denoise,denoise,0.2229,0.1990
77325,denoise,denoise,0.1434,0.1398
266210,denoise,denoise,0.2229,0.1990
80059,denoise,denoise,0.2054,0.1884
80335,denoise,denoise,0.0854,0.0797
80369,denoise,denoise,0.2200,0.2157
80370,denoise,denoise,0.2835,0.2579
80451,denoise,denoise,0.1332,0.1269
80518,denoise,denoise,0.2232,0.2169
80671,denoise,denoise,0.1089,0.1068
81423,invert,invert+denoise,0.6820,0.3172
80864,invert,invert+denoise,0.6700,0.3297
80865,invert,invert+denoise,0.6772,0.3177
80916,crop,crop_t18b18l0r0+denoise,0.3300,0.1870
81547,denoise,denoise,0.2218,0.2122
81653,invert,invert+denoise,0.6317,0.3679
81673,denoise,denoise,0.2259,0.2205
81744,invert,invert+denoise,0.7347,0.2647
81763,denoise,denoise,0.2152,0.2110
81771,denoise,denoise,0.2487,0.2298
82178,invert,invert,0.8297,0.1703
268314,denoise,denoise,0.3787,0.3728
268315,crop,crop_t16b16l0r0+denoise,0.2491,0.1229
82740,invert,invert+denoise,0.7499,0.2497
82753,denoise,denoise,0.1929,0.1846
268629,denoise,denoise,0.2298,0.2223
83215,denoise,denoise,0.1285,0.1226
268674,crop,crop_t0b0l19r19+denoise,0.2962,0.1469
83461,denoise,denoise,0.2275,0.2221
82910,invert,invert+denoise,0.6386,0.3612
82950,denoise,denoise,0.2020,0.1875
83051,denoise,denoise,0.1701,0.1634
83474,invert,invert+denoise,0.8154,0.1844
83828,denoise,denoise,0.1530,0.1492
83897,invert,invert+denoise,0.7417,0.2526
84348,crop,crop_t45b45l0r0,0.4596,0.1081
84440,denoise,denoise,0.2103,0.2010
83934,invert,invert+denoise,0.5729,0.4269
84519,invert,invert+denoise,0.5647,0.4230
84615,denoise,denoise,0.2448,0.2349
84647,denoise,denoise,0.1464,0.1337
84748,denoise,denoise,0.1549,0.1495
84833,denoise,denoise,0.3972,0.3886
86721,denoise,denoise,0.2285,0.2193
87066,denoise,denoise,0.1149,0.1070
87260,denoise,denoise,0.3488,0.3458
87433,denoise,denoise,0.1409,0.1362
87555,denoise,denoise,0.3831,0.3684
87850,denoise,denoise,0.3070,0.2968
88100,denoise,denoise,0.1621,0.1567
89180,invert,invert+denoise,0.5860,0.4139
89333,invert,invert+denoise,0.5860,0.4139
89378,invert,invert+denoise,0.5992,0.4006
89410,invert,invert+denoise,0.5992,0.4006
89047,denoise,denoise,0.1875,0.1823
89658,denoise,denoise,0.1261,0.1228
90382,invert,invert+denoise,0.7188,0.2810
90432,denoise,denoise,0.1611,0.1448
90488,denoise,denoise,0.2293,0.2201
269317,crop,crop_t25b25l0r0+denoise,0.3167,0.1190
84979,invert,invert+denoise,0.6485,0.3503
85040,denoise,denoise,0.1530,0.1492
85230,denoise,denoise,0.1841,0.1765
85618,denoise,denoise,0.2326,0.2259
85821,denoise,denoise,0.4574,0.4456
85853,denoise,denoise,0.1702,0.1552
85869,crop,crop_t0b0l21r20+denoise,0.2937,0.1335
269733,crop,crop_t0b0l22r23+denoise,0.3329,0.1568
269763,crop,crop_t16b15l0r0+denoise,0.2468,0.1241
86067,denoise,denoise,0.1565,0.1495
86364,invert,invert+denoise,0.6604,0.3394
86389,invert,invert,0.6977,0.3023
269940,crop,crop_t0b0l29r31+denoise,0.3884,0.1517
269995,denoise,denoise,0.2706,0.2596
86622,denoise,denoise,0.2702,0.2567
98255,crop,crop_t0b0l33r34+denoise,0.3522,0.0899
98256,crop,crop_t0b0l32r32+denoise,0.3405,0.0899
98328,denoise,denoise,0.2842,0.2808
98391,denoise,denoise,0.3143,0.3007
98930,denoise,denoise,0.1904,0.1857
98955,denoise,denoise,0.1635,0.1512
98970,denoise,denoise,0.1628,0.1550
98982,denoise,denoise,0.1971,0.1932
93502,invert,invert+denoise,0.7030,0.2965
93074,denoise,denoise,0.2616,0.2576
93112,crop,crop_t0b0l19r19+denoise,0.2807,0.1307
94402,denoise,denoise,0.2564,0.2424
94503,denoise,denoise,0.1932,0.1878
93645,denoise,denoise,0.1548,0.1488
93799,denoise,denoise,0.2769,0.2723
93947,invert,invert,0.5945,0.4055
92214,denoise,denoise,0.3107,0.3032
272489,crop,crop_t17b16l0r0+denoise,0.3283,0.1972
92745,invert,invert+denoise,0.6972,0.3023
92910,denoise,denoise,0.2922,0.2872
92923,denoise,denoise,0.1939,0.1874
92929,invert,invert+denoise,0.6645,0.3350
93423,denoise,denoise,0.1864,0.1811
93426,denoise,denoise,0.1895,0.1832
90724,invert,invert+denoise,0.8048,0.1948
90909,denoise,denoise,0.2749,0.2679
91235,denoise,denoise,0.2242,0.2177
91416,denoise,denoise,0.3735,0.3659
91462,invert,invert,0.7184,0.2816
91775,denoise,denoise,0.1705,0.1631
91840,invert,invert,0.6892,0.3108
91914,invert,invert+denoise,0.5972,0.4017
94067,denoise,denoise,0.1505,0.1305
94080,denoise,denoise,0.2414,0.2198
273437,denoise,denoise,0.2305,0.2244
273274,denoise,denoise,0.3294,0.3206
94690,denoise,denoise,0.1624,0.1572
95857,invert,invert,0.7168,0.2832
95863,denoise,denoise,0.2971,0.2895
95865,denoise,denoise,0.1898,0.1854
99998,denoise,denoise,0.2359,0.2265
100369,crop,crop_t17b15l0r0+denoise,0.3910,0.2647
100474,crop,crop_t18b22l0r0+denoise,0.2647,0.1079
100555,crop,crop_t0b0l25r24+denoise,0.2829,0.0914
100495,denoise,denoise,0.1577,0.1490
100591,crop,crop_t0b0l32r32+denoise,0.4181,0.1677
101071,denoise,denoise,0.2475,0.2413
101109,denoise,denoise,0.1107,0.1069
99029,invert,invert+denoise,0.5515,0.4473
99046,denoise,denoise,0.1647,0.1608
99121,invert,invert+denoise,0.7412,0.2581
99238,invert,invert+denoise,0.5863,0.4128
99396,invert,invert+denoise,0.7349,0.2647
99595,denoise,denoise,0.1034,0.0882
99786,denoise,denoise,0.2128,0.2094
275402,denoise,denoise,0.2359,0.2265
95627,denoise,denoise,0.3677,0.3591
273669,denoise,denoise,0.3315,0.3084
96775,denoise,denoise,0.3044,0.2763
97160,denoise,denoise,0.1789,0.1734
97940,denoise,denoise,0.2651,0.2497
98137,denoise,denoise,0.2450,0.2418
98231,denoise,denoise,0.2614,0.2579
98252,crop,crop_t0b0l41r33+denoise,0.3840,0.0947
276035,denoise,denoise,0.2589,0.2515
101341,denoise,denoise,0.1805,0.1770
101485,denoise,denoise,0.2509,0.2390
102121,denoise,denoise,0.1732,0.1688
102146,denoise,denoise,0.2565,0.2507
102147,denoise,denoise,0.2203,0.2165
102201,crop,crop_t28b29l0r0+denoise,0.3257,0.1002
102648,denoise,denoise,0.1950,0.1901
102799,denoise,denoise,0.2495,0.2385
102806,denoise,denoise,0.1431,0.1351
102919,denoise,denoise,0.1431,0.1351
103104,denoise,denoise,0.4917,0.4843
103136,crop,crop_t0b0l0r13+denoise,0.2705,0.2183
103338,denoise,denoise,0.4917,0.4843
276919,denoise,denoise,0.2432,0.2364
103415,denoise,denoise,0.1508,0.1467
104325,crop,crop_t30b29l0r0,0.4679,0.2384
277380,denoise,denoise,0.2553,0.2510
104826,denoise,denoise,0.1822,0.1754
105218,denoise,denoise,0.1134,0.1085
105221,crop,crop_t0b0l49r48+denoise,0.4593,0.0798
105312,crop,crop_t0b0l49r48+denoise,0.4593,0.0798
105498,denoise,denoise,0.1105,0.1073
277796,crop,crop_t0b0l42r43+denoise,0.4558,0.1212
105812,denoise,denoise,0.1989,0.1941
106090,denoise,denoise,0.2733,0.2696
106108,denoise,denoise,0.1983,0.1906
278011,denoise,denoise,0.1857,0.1812
106917,denoise,denoise,0.1099,0.1071
106940,denoise,denoise,0.3964,0.3918
107091,crop,crop_t0b0l36r36+denoise,0.3989,0.1173
105014,denoise,denoise,0.2945,0.2845
107890,denoise,denoise,0.1174,0.1152
107891,denoise,denoise,0.1573,0.1515
107960,crop,crop_t38b36l0r0+denoise,0.4313,0.1390
108334,denoise,denoise,0.1843,0.1764
108405,denoise,denoise,0.2194,0.2152
108480,denoise,denoise,0.2048,0.2017
109025,crop,crop_t0b0l38r38+denoise,0.4203,0.1216
110721,denoise,denoise,0.3284,0.3245
105015,denoise,denoise,0.1792,0.1665
277558,denoise,denoise,0.2179,0.2124
104975,denoise,denoise,0.2902,0.2845
104996,denoise,denoise,0.1827,0.1793
105017,crop,crop_t0b0l12r12+denoise,0.3328,0.2378
106830,denoise,denoise,0.1959,0.1934
107250,denoise,denoise,0.1368,0.1315
107889,denoise,denoise,0.3385,0.3233
103671,crop,crop_t31b31l0r0+denoise,0.3855,0.1428
104040,denoise,denoise,0.1877,0.1858
104213,denoise,denoise,0.3331,0.3258
104217,denoise,denoise,0.3632,0.3459
103895,denoise,denoise,0.4765,0.4704
103929,denoise,denoise,0.0802,0.0747
103955,denoise,denoise,0.2628,0.2557
104306,denoise,denoise,0.1141,0.1090
111437,denoise,denoise,0.2288,0.2227
111530,denoise,denoise,0.1961,0.1863
111020,denoise,denoise,0.1894,0.1818
111022,denoise,denoise,0.2918,0.2873
111893,crop,crop_t0b0l38r37+denoise,0.4766,0.1836
111976,denoise,denoise,0.2488,0.2428
112550,denoise,denoise,0.2012,0.1983
112560,denoise,denoise,0.2252,0.2203
113263,denoise,denoise,0.1473,0.1436
113603,denoise,denoise,0.4441,0.4193
113918,denoise,denoise,0.1313,0.1257
114097,denoise,denoise,0.4283,0.4136
114309,denoise,denoise,0.1718,0.1672
114499,denoise,denoise,0.1792,0.1657
114651,denoise,denoise,0.1802,0.1674
114859,denoise,denoise,0.1618,0.1407
117052,denoise,denoise,0.2404,0.2210
117730,denoise,denoise,0.2043,0.1933
117831,denoise,denoise,0.2043,0.1933
116491,denoise,denoise,0.3040,0.2971
116535,denoise,denoise,0.1859,0.1792
117240,crop,crop_t47b47l0r0+denoise,0.4605,0.0910
118390,denoise,denoise,0.1553,0.1513
118389,denoise,denoise,0.2497,0.2423
122142,crop,crop_t34b33l0r0+denoise,0.3731,0.1087
122181,denoise,denoise,0.1875,0.1748
122224,denoise,denoise,0.1846,0.1783
122368,denoise,denoise,0.1874,0.1801
122502,crop,crop_t12b13l0r0+denoise,0.3923,0.2945
122806,denoise,denoise,0.2772,0.2726
123073,denoise,denoise,0.1860,0.1788
123102,crop,crop_t14b15l0r0+denoise,0.2373,0.1236
123278,denoise,denoise,0.2331,0.2134
123513,denoise,denoise,0.2751,0.2728
124494,denoise,denoise,0.1860,0.1788
124538,crop,crop_t37b37l0r0+denoise,0.3521,0.0617
124650,denoise,denoise,0.2088,0.2027
125492,denoise,denoise,0.3092,0.2921
125957,denoise,denoise,0.3661,0.3624
125969,denoise,denoise,0.3086,0.3022
125985,crop,crop_t33b33l0r0+denoise,0.4071,0.1461
286140,denoise,denoise,0.2031,0.1968
126082,crop,crop_t37b37l0r0+denoise,0.4323,0.1416
127200,denoise,denoise,0.1745,0.1675
126730,denoise,denoise,0.1818,0.1746
126787,crop,crop_t15b14l0r0+denoise,0.2714,0.1571
126843,crop,crop_t0b0l26r27+denoise,0.3748,0.1657
286492,denoise,denoise,0.2372,0.2227
281574,denoise,denoise,0.4599,0.4522
114964,denoise,denoise,0.3951,0.3809
115668,denoise,denoise,0.2558,0.2524
115434,denoise,denoise,0.3152,0.2928
116181,denoise,denoise,0.2847,0.2701
282196,crop,crop_t0b0l39r40+denoise,0.4081,0.0980
282240,denoise,denoise,0.2020,0.1985
116671,crop,crop_t12b13l0r0+denoise,0.2874,0.1885
118553,denoise,denoise,0.4007,0.3700
119030,denoise,denoise,0.1886,0.1735
119042,crop,crop_t0b0l25r25+denoise,0.3985,0.1995
119301,denoise,denoise,0.1749,0.1659
119765,denoise,denoise,0.2683,0.2630
120018,denoise,denoise,0.1468,0.1200
120027,denoise,denoise,0.3250,0.3127
121543,denoise,denoise,0.4471,0.4352
286651,denoise,denoise,0.2903,0.2817
127348,denoise,denoise,0.2077,0.2020
128169,denoise,denoise,0.1422,0.1281
128375,denoise,denoise,0.3571,0.3311
128552,denoise,denoise,0.3646,0.3507
128559,denoise,denoise,0.3646,0.3507
287220,crop,crop_t26b26l0r0,0.2721,0.0690
128849,crop,crop_t32b31l0r0+denoise,0.3418,0.0956
128950,crop,crop_t0b0l32r32,0.4314,0.1814
128951,crop,crop_t0b0l21r21+denoise,0.2901,0.1254
129079,crop,crop_t17b18l0r0+denoise,0.4086,0.2716
129343,denoise,denoise,0.2274,0.2192
129697,denoise,denoise,0.2207,0.2106
129706,denoise,denoise,0.3174,0.3063
130079,crop,crop_t0b0l40r42+denoise,0.4657,0.1445
287770,denoise,denoise,0.2669,0.2445
130984,denoise,denoise,0.2750,0.2634
131083,denoise,denoise,0.1452,0.1404
132259,denoise,denoise,0.2274,0.2192
132619,denoise,denoise,0.2207,0.2106
132626,denoise,denoise,0.3174,0.3063
132802,crop,crop_t0b0l30r31+denoise,0.3359,0.0972
133096,denoise,denoise,0.1104,0.1027
131656,crop,crop_t0b0l13r14,0.2975,0.1920
290028,denoise,denoise,0.2177,0.2096
290042,crop,crop_t24b24l0r0,0.3166,0.1291
135694,denoise,denoise,0.3612,0.3516
135801,denoise,denoise,0.1805,0.1770
135827,crop,crop_t0b0l18r19+denoise,0.3473,0.1996
135877,denoise,denoise,0.1261,0.1233
135515,denoise,denoise,0.2908,0.2839
137862,denoise,denoise,0.2268,0.2203
130193,denoise,denoise,0.4269,0.4170
130230,denoise,denoise,0.4300,0.4225
287893,denoise,denoise,0.2197,0.2112
130425,denoise,denoise,0.4001,0.3969
130636,denoise,denoise,0.2750,0.2634
130674,crop,crop_t0b0l0r12+denoise,0.2932,0.2462
288006,crop,crop_t16b16l0r0+denoise,0.3229,0.1977
130757,denoise,denoise,0.2482,0.2423
138750,crop,crop_t0b0l32r32+denoise,0.3810,0.1286
139377,crop,crop_t0b0l22r23,0.2769,0.1012
139394,denoise,denoise,0.1817,0.1752
139542,crop,crop_t0b0l21r22+denoise,0.3107,0.1402
139693,crop,crop_t18b18l0r0,0.2784,0.1378
291680,crop,crop_t28b29l0r0+denoise,0.3551,0.1320
139934,denoise,denoise,0.1072,0.1032
291806,denoise,denoise,0.3281,0.3237
133378,crop,crop_t0b0l27r27+denoise,0.3654,0.1544
132104,denoise,denoise,0.1760,0.1736
133892,denoise,denoise,0.1834,0.1782
134616,crop,crop_t39b39l0r0+denoise,0.4003,0.0949
289630,denoise,denoise,0.1807,0.1731
135014,denoise,denoise,0.2028,0.1984
135151,denoise,denoise,0.2423,0.2342
135180,denoise,denoise,0.4366,0.4274
141571,crop,crop_t16b16l0r0,0.3266,0.2016
141664,crop,crop_t25b26l0r0+denoise,0.3132,0.1136
141669,crop,crop_t21b21l0r0+denoise,0.3317,0.1672
141757,crop,crop_t15b15l0r0,0.2361,0.1189
142264,crop,crop_t12b13l0r0,0.2383,0.1406
142280,denoise,denoise,0.1542,0.1505
142861,denoise,denoise,0.1262,0.1199
143355,denoise,denoise,0.2115,0.2040
138198,denoise,denoise,0.2363,0.2320
138357,crop,crop_t17b17l0r0,0.3143,0.1815
290572,crop,crop_t21b22l0r0+denoise,0.3755,0.2070
137001,crop,crop_t15b15l0r0,0.3180,0.2008
137003,crop,crop_t22b23l0r0+denoise,0.3893,0.2132
137004,crop,crop_t32b33l0r0,0.3935,0.1396
137270,denoise,denoise,0.3166,0.3111
137438,crop,crop_t30b31l0r0,0.4371,0.1988
140439,crop,crop_t27b27l0r0+denoise,0.3732,0.1621
140599,crop,crop_t0b0l21r22,0.3933,0.2253
140853,crop,crop_t16b16l0r0,0.2175,0.0925
140897,denoise,denoise,0.1698,0.1630
141054,denoise,denoise,0.2875,0.2846
141494,denoise,denoise,0.3395,0.3346
141532,denoise,denoise,0.2530,0.2473
141533,denoise,denoise,0.2949,0.2864
143540,denoise,denoise,0.2882,0.2856
144077,denoise,denoise,0.2414,0.2336
144241,crop,crop_t36b36l0r0+denoise,0.4068,0.1252
145261,denoise,denoise,0.4350,0.4265
145283,denoise,denoise,0.3655,0.3613
145404,denoise,denoise,0.3513,0.3374
145517,crop,crop_t0b0l35r35,0.4823,0.2089
145600,crop,crop_t0b0l14r13+denoise,0.4119,0.3064
145622,crop,crop_t18b19l0r0+denoise,0.3606,0.2161
145746,denoise,denoise,0.3680,0.3631
145871,denoise,denoise,0.2824,0.2762
146992,denoise,denoise,0.1989,0.1944
147054,denoise,denoise,0.2723,0.2471
294676,denoise,denoise,0.2339,0.2178
295116,denoise,denoise,0.2776,0.2718
148163,crop,crop_t41b42l0r0,0.4668,0.1426
294807,crop,crop_t28b29l0r0+denoise,0.3157,0.0930
147398,crop,crop_t16b16l0r0,0.3341,0.2091
294836,crop,crop_t21b21l0r0,0.3740,0.2100
147439,crop,crop_t0b0l44r45+denoise,0.4373,0.0892
148247,denoise,denoise,0.2132,0.2019
147652,crop,crop_t0b0l16r17+denoise,0.3282,0.1971
148609,denoise,denoise,0.4075,0.4045
148728,crop,crop_t25b26l0r0+denoise,0.3859,0.1860
149940,denoise,denoise,0.1561,0.1455
150012,denoise,denoise,0.3668,0.3593
150404,denoise,denoise,0.1587,0.1500
296120,denoise,denoise,0.2478,0.2379
150800,crop,crop_t0b0l18r18+denoise,0.3556,0.2136
151985,denoise,denoise,0.2972,0.2859
152194,crop,crop_t17b17l0r0+denoise,0.3810,0.2469
152318,denoise,denoise,0.1765,0.1727
156189,denoise,denoise,0.2357,0.2320
156891,denoise,denoise,0.1064,0.1006
156942,denoise,denoise,0.1250,0.1196
298719,denoise,denoise,0.3227,0.3025
157150,denoise,denoise,0.2099,0.2064
157399,denoise,denoise,0.2616,0.2563
157396,denoise,denoise,0.3481,0.3447
157729,crop,crop_t29b30l0r0,0.3765,0.1461
158479,denoise,denoise,0.1270,0.1238
158544,denoise,denoise,0.0964,0.0923
158886,crop,crop_t20b21l0r0,0.2508,0.0907
158922,denoise,denoise,0.1539,0.1480
159206,crop,crop_t0b0l26r22+denoise,0.3246,0.1366
159255,crop,crop_t0b0l20r20+denoise,0.2822,0.1254
300023,denoise,denoise,0.3208,0.2888
160366,denoise,denoise,0.3335,0.3302
296863,crop,crop_t34b34l0r0,0.4348,0.1692
153655,crop,crop_t12b13l0r0,0.3381,0.2404
153675,denoise,denoise,0.2875,0.2819
153393,denoise,denoise,0.2055,0.1966
153419,denoise,denoise,0.3043,0.2905
153534,denoise,denoise,0.1849,0.1780
152683,crop,crop_t0b0l33r33+denoise,0.3777,0.1182
153168,denoise,denoise,0.4565,0.4495
148929,crop,crop_t19b20l0r0+denoise,0.3611,0.2086
148931,crop,crop_t14b14l0r0,0.2744,0.1651
148963,denoise,denoise,0.3559,0.3460
148960,denoise,denoise,0.4158,0.3739
148547,denoise,denoise,0.2637,0.2579
149089,denoise,denoise,0.5015,0.4937
149491,crop,crop_t0b0l33r33+denoise,0.3638,0.1053
149799,denoise,denoise,0.1300,0.1265
153218,denoise,denoise,0.2377,0.2298
154233,denoise,denoise,0.1640,0.1600
154006,crop,crop_t20b21l0r0,0.3400,0.1799
154090,crop,crop_t20b21l0r0,0.3428,0.1827
154814,crop,crop_t0b0l30r30+denoise,0.3264,0.0902
297940,crop,crop_t14b14l0r0+denoise,0.3950,0.2855
155637,denoise,denoise,0.4330,0.4286
155882,crop,crop_t0b0l23r23+denoise,0.3518,0.1718
162930,denoise,denoise,0.2178,0.2111
301644,crop,crop_t25b0l0r0+denoise,0.3031,0.2048
163691,denoise,denoise,0.2210,0.2151
163855,crop,crop_t0b0l49r49+denoise,0.4552,0.0717
163809,denoise,denoise,0.1126,0.1074
164625,crop,crop_t0b0l34r35+denoise,0.4787,0.2072
164741,denoise,denoise,0.1837,0.1773
164743,denoise,denoise,0.4548,0.4472
160979,denoise,denoise,0.2319,0.2267
161299,crop,crop_t0b0l40r41+denoise,0.4287,0.1123
161473,crop,crop_t18b13l0r0+denoise,0.3383,0.2160
161490,denoise,denoise,0.2382,0.2341
161491,denoise,denoise,0.3775,0.3687
161692,denoise,denoise,0.3267,0.3109
161773,denoise,denoise,0.1509,0.1438
161775,denoise,denoise,0.2685,0.2642
161816,denoise,denoise,0.3373,0.3214
161875,denoise,denoise,0.2229,0.2186
162461,denoise,denoise,0.1771,0.1726
163109,denoise,denoise,0.1694,0.1613
163193,denoise,denoise,0.1863,0.1790
163222,denoise,denoise,0.3517,0.3466
300958,crop,crop_t14b0l15r16+denoise,0.3534,0.1834
162777,denoise,denoise,0.1599,0.1558
167605,denoise,denoise,0.2489,0.2372
303032,crop,crop_t26b0l18r23+denoise,0.4213,0.1725
167682,crop,crop_t41b0l0r0+denoise,0.3072,0.1463
167772,crop,crop_t18b0l33r34+denoise,0.4725,0.1579
167937,crop,crop_t28b0l22r0+denoise,0.2956,0.1075
168004,crop,crop_t0b0l40r40+denoise,0.4684,0.1553
168006,crop,crop_t35b0l29r26+denoise,0.4953,0.1730
168237,crop,crop_t22b0l0r0+denoise,0.1820,0.0941
168371,crop,crop_t0b0l16r17,0.3178,0.1889
168409,crop,crop_t18b0l24r25+denoise,0.3293,0.0802
168472,denoise,denoise,0.3224,0.3176
168553,crop,crop_t15b16l0r0+denoise,0.1853,0.0640
168612,denoise,denoise,0.1811,0.1745
168711,crop,crop_t0b0l41r42+denoise,0.4711,0.1466
169164,denoise,denoise,0.3273,0.2929
169306,crop,crop_t16b16l0r0,0.2322,0.1072
164122,denoise,denoise,0.3624,0.3493
164242,denoise,denoise,0.2137,0.2058
166540,denoise,denoise,0.2138,0.2078
302599,denoise,denoise,0.1703,0.1585
302279,crop,crop_t0b0l42r42+denoise,0.4255,0.0941
166313,crop,crop_t0b0l34r34+denoise,0.4215,0.1546
167171,denoise,denoise,0.2811,0.2745
167321,denoise,denoise,0.2172,0.2111
169412,denoise,denoise,0.4056,0.3981
303785,crop,crop_t0b0l27r28+denoise,0.3636,0.1463
169513,crop,crop_t16b17l0r0,0.2945,0.1656
169820,denoise,denoise,0.1907,0.1878
171033,crop,crop_t17b15l23r18+denoise,0.4372,0.1703
171414,denoise,denoise,0.2215,0.2120
172195,denoise,denoise,0.1389,0.1327
172286,denoise,denoise,0.1161,0.1077
172387,denoise,denoise,0.3297,0.3251
172475,denoise,denoise,0.2649,0.2571
173082,denoise,denoise,0.3605,0.3546
173979,denoise,denoise,0.2051,0.2018
173980,denoise,denoise,0.2775,0.2723
305838,crop,crop_t0b0l46r46,0.4568,0.0975
305912,denoise,denoise,0.2239,0.2139
174866,denoise,denoise,0.1093,0.1076
176061,denoise,denoise,0.2148,0.2115
306838,denoise,denoise,0.1208,0.1108
176936,denoise,denoise,0.2068,0.2032
177108,crop,crop_t0b0l45r46+denoise,0.4861,0.1248
177122,denoise,denoise,0.4109,0.3967
177123,denoise,denoise,0.2778,0.2736
177423,denoise,denoise,0.2415,0.2341
177451,crop,crop_t14b0l32r33+denoise,0.3802,0.0836
174935,crop,crop_t0b0l31r32+denoise,0.3902,0.1435
175078,crop,crop_t0b0l17r18+denoise,0.2906,0.1537
174472,denoise,denoise,0.1391,0.1344
175361,denoise,denoise,0.2396,0.2342
175379,denoise,denoise,0.2029,0.1738
306308,denoise,denoise,0.3685,0.3592
175843,crop,crop_t0b17l0r0+denoise,0.3254,0.2577
175939,crop,crop_t24b30l0r0+denoise,0.3621,0.1501
177938,denoise,denoise,0.3346,0.3130
178238,denoise,denoise,0.2207,0.2041
178331,denoise,denoise,0.2839,0.2790
178478,denoise,denoise,0.1471,0.1428
178572,denoise,denoise,0.2270,0.2239
178802,crop,crop_t0b0l49r47+denoise,0.4670,0.0921
179466,denoise,denoise,0.3111,0.3058
179624,denoise,denoise,0.1603,0.1549
181500,denoise,denoise,0.2339,0.2178
181559,denoise,denoise,0.2723,0.2471
308763,denoise,denoise,0.1259,0.1196
308944,denoise,denoise,0.1114,0.0994
182401,crop,crop_t0b0l14r14+denoise,0.2144,0.1047
182511,denoise,denoise,0.2438,0.2384
182757,crop,crop_t0b0l29r26+denoise,0.3379,0.1211
182764,denoise,denoise,0.2306,0.2220
180037,denoise,denoise,0.3632,0.3576
180038,denoise,denoise,0.3344,0.3230
180057,denoise,denoise,0.2115,0.2083
180720,crop,crop_t20b13l0r0+denoise,0.2787,0.1491
181326,denoise,denoise,0.2174,0.2132
181383,denoise,denoise,0.3548,0.3483
308591,crop,crop_t21b22l0r0,0.3735,0.2055
181477,denoise,denoise,0.2503,0.2340
183624,crop,crop_t13b0l0r0+denoise,0.2346,0.1812
183676,denoise,denoise,0.2081,0.2022
309555,denoise,denoise,0.2237,0.2178
184332,denoise,denoise,0.1925,0.1886
184333,denoise,denoise,0.2161,0.2046
183952,denoise,denoise,0.1197,0.1127
183965,denoise,denoise,0.1953,0.1698
309623,denoise,denoise,0.2350,0.2305
184087,denoise,denoise,0.1315,0.1197
184116,denoise,denoise,0.1970,0.1919
184676,denoise,denoise,0.2475,0.2445
185242,denoise,denoise,0.1288,0.1180
185574,denoise,denoise,0.2166,0.2108
185589,denoise,denoise,0.2330,0.2229
186083,denoise,denoise,0.3255,0.3161
186084,denoise,denoise,0.3418,0.3252
182765,denoise,denoise,0.2799,0.2706
182851,denoise,denoise,0.4886,0.4804
309183,crop,crop_t14b14l0r0+denoise,0.2746,0.1640
182872,denoise,denoise,0.2438,0.2384
182902,crop,crop_t21b22l0r0+denoise,0.2675,0.0995
182945,denoise,denoise,0.2869,0.2518
183179,denoise,denoise,0.2139,0.2095
309448,denoise,denoise,0.1837,0.1760
312103,denoise,denoise,0.2229,0.2160
190773,denoise,denoise,0.1423,0.1363
190810,denoise,denoise,0.2414,0.2361
192246,denoise,denoise,0.2558,0.2497
192398,crop,crop_t15b15l0r0+denoise,0.2585,0.1399
193046,denoise,denoise,0.3183,0.3115
193931,denoise,denoise,0.2545,0.2509
193962,denoise,denoise,0.2094,0.2027
193495,denoise,denoise,0.2956,0.2899
193843,denoise,denoise,0.3453,0.3368
194259,denoise,denoise,0.2136,0.2026
194701,denoise,denoise,0.1589,0.1570
194764,denoise,denoise,0.1645,0.1424
313948,denoise,denoise,0.3088,0.3042
194775,denoise,denoise,0.0848,0.0818
194902,denoise,denoise,0.3494,0.3425
315435,denoise,denoise,0.2118,0.2053
198473,denoise,denoise,0.2469,0.2415
198493,denoise,denoise,0.2031,0.1952
198553,denoise,denoise,0.2344,0.2297
198727,denoise,denoise,0.2117,0.1973
198743,denoise,denoise,0.3671,0.3571
198830,crop,crop_t15b16l0r0+denoise,0.1800,0.0578
198932,denoise,denoise,0.1678,0.1616
311220,denoise,denoise,0.2588,0.2515
311846,crop,crop_t18b18l0r0+denoise,0.2759,0.1335
189622,denoise,denoise,0.4308,0.4218
189731,crop,crop_t0b0l43r44+denoise,0.4352,0.0950
189799,denoise,denoise,0.4642,0.4562
190932,denoise,denoise,0.1854,0.1805
190994,denoise,denoise,0.1199,0.1142
312099,crop,crop_t14b15l0r0,0.2530,0.1397
197630,denoise,denoise,0.3138,0.3045
197707,denoise,denoise,0.2347,0.2300
197734,denoise,denoise,0.2144,0.2060
197865,crop,crop_t19b20l0r0+denoise,0.2532,0.0993
197909,denoise,denoise,0.1917,0.1870
197980,crop,crop_t13b13l15r0+denoise,0.2278,0.0731
198090,crop,crop_t25b15l0r0+denoise,0.2887,0.1314
198336,crop,crop_t19b25l30r0+denoise,0.3909,0.1211
195057,denoise,denoise,0.2003,0.1936
314596,crop,crop_t24b27l0r0+denoise,0.3173,0.1172
196465,denoise,denoise,0.2315,0.2243
196753,denoise,denoise,0.4114,0.3982
196867,crop,crop_t35b36l0r0+denoise,0.3441,0.0642
197046,denoise,denoise,0.1904,0.1828
314892,crop,crop_t13b13l0r0,0.2005,0.0989
315039,denoise,denoise,0.2646,0.2604
186360,denoise,denoise,0.3507,0.3454
186870,denoise,denoise,0.3301,0.3252
187622,denoise,denoise,0.4768,0.4551
187734,denoise,denoise,0.0938,0.0903
187787,denoise,denoise,0.2383,0.2334
187803,denoise,denoise,0.4768,0.4551
187823,denoise,denoise,0.2005,0.1944
187853,denoise,denoise,0.1917,0.1831
199179,crop,crop_t0b0l20r20+denoise,0.2789,0.1210
315910,denoise,denoise,0.2621,0.2574
199813,denoise,denoise,0.2511,0.2471
199976,denoise,denoise,0.1774,0.1699
200286,denoise,denoise,0.3886,0.3767
316718,crop,crop_t0b15l38r34+denoise,0.4547,0.1298
201855,denoise,denoise,0.1734,0.1656
202041,crop,crop_t20b20l14r0,0.2897,0.0876
203056,denoise,denoise,0.1890,0.1850
203280,denoise,denoise,0.2316,0.2274
203289,crop,crop_t27b27l0r0+denoise,0.4181,0.2054
204033,crop,crop_t0b0l0r12,0.2537,0.2068
204117,denoise,denoise,0.1601,0.1538
204118,denoise,denoise,0.2680,0.2600
204176,denoise,denoise,0.2352,0.2299
204251,denoise,denoise,0.1992,0.1951
202042,crop,crop_t0b0l29r35+denoise,0.4071,0.1551
202055,denoise,denoise,0.1986,0.1903
202324,denoise,denoise,0.2443,0.2314
202504,crop,crop_t22b23l0r0,0.3305,0.1547
202843,crop,crop_t22b23l0r0,0.3154,0.1396
202890,denoise,denoise,0.2020,0.1983
202991,denoise,denoise,0.4151,0.4090
203026,denoise,denoise,0.1449,0.1370
206257,denoise,denoise,0.2905,0.2796
206279,denoise,denoise,0.2905,0.2796
207641,denoise,denoise,0.2812,0.2733
207667,denoise,denoise,0.3937,0.3904
207762,denoise,denoise,0.2188,0.2136
207780,denoise,denoise,0.2188,0.2136
319279,denoise,denoise,0.3469,0.3303
208045,denoise,denoise,0.1651,0.1615
317983,crop,crop_t0b0l15r15+denoise,0.2192,0.1018
318093,denoise,denoise,0.3497,0.3459
205382,denoise,denoise,0.1893,0.1861
205423,denoise,denoise,0.2438,0.2348
205506,denoise,denoise,0.2127,0.2047
205539,denoise,denoise,0.2967,0.2898
205661,denoise,denoise,0.1606,0.1504
205890,denoise,denoise,0.1622,0.1335
208536,crop,crop_t28b29l0r0+denoise,0.3108,0.0880
208628,denoise,denoise,0.2375,0.2316
208677,denoise,denoise,0.3303,0.3138
209185,crop,crop_t17b17l0r0+denoise,0.2235,0.0906
209029,crop,crop_t0b0l13r14,0.2206,0.1151
209377,denoise,denoise,0.1641,0.1578
209560,crop,crop_t0b0l38r39+denoise,0.4497,0.1489
209878,denoise,denoise,0.1645,0.1604
211229,crop,crop_t14b14l0r0,0.3437,0.2344
320746,denoise,denoise,0.2075,0.2046
320858,denoise,denoise,0.3058,0.2941
212065,denoise,denoise,0.2502,0.2383
212786,crop,crop_t17b18l0r0+denoise,0.2258,0.0883
212554,denoise,denoise,0.2912,0.2850
213148,crop,crop_t0b0l34r34+denoise,0.3678,0.1012
213210,crop,crop_t21b21l0r0,0.3412,0.1772
210000,crop,crop_t25b25l0r0,0.3970,0.2016
210058,crop,crop_t12b12l0r0,0.2532,0.1595
210210,denoise,denoise,0.1502,0.1354
210588,denoise,denoise,0.2270,0.2150
210674,denoise,denoise,0.2255,0.2227
210698,denoise,denoise,0.2827,0.2739
211151,crop,crop_t12b13l0r0,0.3305,0.2329
320581,crop,crop_t0b0l15r15,0.2785,0.1613
214379,denoise,denoise,0.1686,0.1650
322260,denoise,denoise,0.2050,0.1937
215390,denoise,denoise,0.1922,0.1866
215450,denoise,denoise,0.2730,0.2564
215485,denoise,denoise,0.3251,0.3196
322813,denoise,denoise,0.1676,0.1639
216642,denoise,denoise,0.2197,0.1973
216342,denoise,denoise,0.2590,0.2543
324471,crop,crop_t29b30l0r0,0.3871,0.1566
220851,denoise,denoise,0.3459,0.3380
222001,denoise,denoise,0.4404,0.4248
223511,denoise,denoise,0.1718,0.1642
224117,denoise,denoise,0.2500,0.2443
224418,crop,crop_t13b12l0r0+denoise,0.2721,0.1748
224692,denoise,denoise,0.2890,0.2829
224845,denoise,denoise,0.3115,0.3040
322710,denoise,denoise,0.3508,0.3285
217022,denoise,denoise,0.1165,0.1128
217702,denoise,denoise,0.5051,0.4997
323313,denoise,denoise,0.1167,0.1140
219713,denoise,denoise,0.1755,0.1605
324050,denoise,denoise,0.1723,0.1687
219885,denoise,denoise,0.1755,0.1605
219886,denoise,denoise,0.1723,0.1687
237920,denoise,denoise,0.0957,0.0917
238384,denoise,denoise,0.2623,0.2588
238819,denoise,denoise,0.1271,0.1209
238820,denoise,denoise,0.1414,0.1354
239358,denoise,denoise,0.2417,0.2090
239452,denoise,denoise,0.4269,0.4216
240012,denoise,denoise,0.1442,0.1318
240104,denoise,denoise,0.1655,0.1558
213265,crop,crop_t0b0l28r27+denoise,0.3085,0.0919
213749,denoise,denoise,0.4036,0.3932
321672,denoise,denoise,0.4964,0.4877
321716,denoise,denoise,0.4964,0.4877
214225,denoise,denoise,0.1790,0.1756
214964,denoise,denoise,0.3468,0.3426
215208,crop,crop_t14b13l0r0+denoise,0.2232,0.1169
214317,denoise,denoise,0.4271,0.4202
241812,denoise,denoise,0.1338,0.1286
241846,crop,crop_t25b25l0r0,0.3063,0.1110
242276,crop,crop_t0b0l28r28+denoise,0.3959,0.1765
242365,crop,crop_t26b27l0r0,0.3514,0.1443
243333,denoise,denoise,0.1748,0.1695
243895,denoise,denoise,0.2219,0.2162
244056,denoise,denoise,0.2992,0.2938
244139,crop,crop_t27b27l0r0+denoise,0.3525,0.1407
234390,denoise,denoise,0.1084,0.1035
327097,denoise,denoise,0.4621,0.4580
229826,denoise,denoise,0.3605,0.3433
237256,denoise,denoise,0.1092,0.1056
237601,denoise,denoise,0.4065,0.4011
237834,denoise,denoise,0.2280,0.2120
237836,denoise,denoise,0.1981,0.1911
237875,crop,crop_t26b26l0r0+denoise,0.3748,0.1666
240156,crop,crop_t33b34l0r0,0.3956,0.1339
240463,crop,crop_t23b24l0r0,0.3176,0.1340
240705,denoise,denoise,0.2357,0.2246
240776,denoise,denoise,0.3804,0.3547
240837,crop,crop_t14b14l0r0+denoise,0.2554,0.1452
241100,crop,crop_t51b52l0r0,0.4863,0.0840
241609,crop,crop_t30b30l0r0,0.3206,0.0862
241752,denoise,denoise,0.4817,0.4622
245989,crop,crop_t0b0l0r12,0.2612,0.2144
246003,crop,crop_t0b0l28r28+denoise,0.3737,0.1543
246287,denoise,denoise,0.3967,0.3910
246307,denoise,denoise,0.2405,0.2343
246653,denoise,denoise,0.1749,0.1691
246764,denoise,denoise,0.2261,0.2202
247679,crop,crop_t13b14l0r0,0.3311,0.2257
247686,denoise,denoise,0.2985,0.2928
248960,denoise,denoise,0.3061,0.3006
249011,denoise,denoise,0.2992,0.2942
249572,crop,crop_t36b37l0r0+denoise,0.4136,0.1281
250836,denoise,denoise,0.2741,0.2401
251255,crop,crop_t30b30l0r0+denoise,0.3849,0.1497
251912,denoise,denoise,0.2125,0.2072
251915,denoise,denoise,0.2193,0.2002
252233,denoise,denoise,0.2207,0.2128
252407,denoise,denoise,0.3143,0.3085
252692,denoise,denoise,0.3232,0.3127
253075,denoise,denoise,0.3078,0.3011
253215,denoise,denoise,0.2185,0.1812
253562,denoise,denoise,0.2296,0.2220
253727,crop,crop_t0b0l15r12+denoise,0.4079,0.3030
253922,denoise,denoise,0.3344,0.3276
253986,denoise,denoise,0.2273,0.2200
243138,denoise,denoise,0.3497,0.3359
243203,denoise,denoise,0.3092,0.3017
244355,denoise,denoise,0.2710,0.2396
244475,denoise,denoise,0.2591,0.2452
244512,denoise,denoise,0.2110,0.2043
244890,denoise,denoise,0.1236,0.1169
245070,crop,crop_t34b34l0r0,0.4027,0.1370
245757,crop,crop_t12b13l0r0,0.3618,0.2641
254451,denoise,denoise,0.3825,0.3764
254470,denoise,denoise,0.2632,0.2584
254534,denoise,denoise,0.1896,0.1871
255020,denoise,denoise,0.2116,0.2036
255035,denoise,denoise,0.1115,0.1097
255916,denoise,denoise,0.3471,0.3305
256065,denoise,denoise,0.2963,0.2902
256812,crop,crop_t0b0l20r21+denoise,0.3590,0.1934
259819,denoise,denoise,0.3463,0.3427
260866,denoise,denoise,0.1331,0.1297
260987,denoise,denoise,0.1288,0.1233
260306,denoise,denoise,0.3929,0.3844
260565,crop,crop_t0b0l46r46+denoise,0.4698,0.1095
261186,denoise,denoise,0.1682,0.1596
261564,crop,crop_t32b27l0r0+denoise,0.3199,0.0897
261648,denoise,denoise,0.2984,0.2871
257296,denoise,denoise,0.0782,0.0755
257448,denoise,denoise,0.2446,0.2243
257555,denoise,denoise,0.2450,0.2386
258859,crop,crop_t0b0l16r16+denoise,0.2168,0.0909
259085,denoise,denoise,0.2342,0.2243
257957,crop,crop_t30b31l0r0+denoise,0.3901,0.1488
259544,denoise,denoise,0.2811,0.2732
259737,denoise,denoise,0.2556,0.2389
262724,denoise,denoise,0.2522,0.2445
262980,denoise,denoise,0.3478,0.3365
263067,denoise,denoise,0.2725,0.2661
263529,denoise,denoise,0.2578,0.2528
263656,denoise,denoise,0.4087,0.3949
263842,denoise,denoise,0.1598,0.1549
264188,denoise,denoise,0.4448,0.4345
266223,denoise,denoise,0.3555,0.3510
265680,denoise,denoise,0.1608,0.1534
267006,denoise,denoise,0.2052,0.2016
268121,denoise,denoise,0.2639,0.2573
269791,denoise,denoise,0.3536,0.3511
268816,denoise,denoise,0.1624,0.1475
268937,crop,crop_t45b45l0r0,0.4596,0.1081
269122,crop,crop_t20b21l0r0+denoise,0.2583,0.0922
268413,crop,crop_t0b0l45r46+denoise,0.4877,0.1310
271119,crop,crop_t0b0l39r40+denoise,0.4140,0.1053
271548,crop,crop_t24b24l0r0+denoise,0.3141,0.1241
271684,denoise,denoise,0.2487,0.2376
272205,denoise,denoise,0.2705,0.2574
272287,crop,crop_t33b33l0r0+denoise,0.4230,0.1620
272487,crop,crop_t25b22l0r0+denoise,0.2974,0.1129
272504,denoise,denoise,0.1129,0.1076
273267,denoise,denoise,0.2711,0.2650
273961,denoise,denoise,0.2361,0.2300
275269,denoise,denoise,0.4417,0.4324
275489,denoise,denoise,0.2128,0.2094
276050,denoise,denoise,0.3322,0.3286
276382,denoise,denoise,0.2630,0.2565
276401,denoise,denoise,0.3896,0.3770
276718,denoise,denoise,0.2495,0.2385
277180,denoise,denoise,0.0802,0.0747
268451,denoise,denoise,0.4635,0.4576
268612,denoise,denoise,0.2764,0.2686
268653,denoise,denoise,0.3457,0.3159
268715,denoise,denoise,0.1781,0.1746
268759,crop,crop_t0b0l18r18+denoise,0.3406,0.1996
269872,denoise,denoise,0.3536,0.3511
270071,denoise,denoise,0.1401,0.1337
270172,denoise,denoise,0.4047,0.3972
278861,crop,crop_t33b32l0r0+denoise,0.3981,0.1439
278889,crop,crop_t43b43l0r0+denoise,0.4798,0.1435
278954,crop,crop_t22b21l0r0+denoise,0.3513,0.1824
280820,denoise,denoise,0.2090,0.2029
281188,denoise,denoise,0.2404,0.2346
281573,denoise,denoise,0.3647,0.3607
281627,crop,crop_t20b21l0r0+denoise,0.3254,0.1627
281924,denoise,denoise,0.1518,0.1475
277441,denoise,denoise,0.2440,0.2274
277628,crop,crop_t22b24l0r0+denoise,0.3098,0.1283
277652,denoise,denoise,0.2277,0.2238
277683,denoise,denoise,0.2277,0.2238
277700,denoise,denoise,0.1134,0.1085
279126,denoise,denoise,0.3701,0.3553
279741,denoise,denoise,0.2267,0.2231
278617,denoise,denoise,0.2069,0.1972
282014,denoise,denoise,0.1629,0.1593
282070,denoise,denoise,0.1629,0.1593
282270,denoise,denoise,0.3040,0.2971
282334,crop,crop_t19b19l0r0+denoise,0.2635,0.1147
282347,denoise,denoise,0.2147,0.2088
284698,crop,crop_t0b0l26r27+denoise,0.3176,0.1091
284784,denoise,denoise,0.1029,0.0972
285236,crop,crop_t0b0l29r26+denoise,0.3841,0.1695
286568,denoise,denoise,0.1808,0.1734
286767,denoise,denoise,0.2760,0.2640
287065,denoise,denoise,0.1140,0.1101
285881,denoise,denoise,0.4178,0.4059
285939,denoise,denoise,0.3996,0.3708
287090,denoise,denoise,0.2667,0.2628
290053,denoise,denoise,0.2844,0.2791
290476,crop,crop_t30b30l0r0,0.3398,0.1054
294964,denoise,denoise,0.1886,0.1795
295013,denoise,denoise,0.1446,0.1407
295682,crop,crop_t15b15l0r0,0.2354,0.1182
295899,denoise,denoise,0.3575,0.3510
295950,crop,crop_t19b19l0r0+denoise,0.3396,0.1909
296928,denoise,denoise,0.2669,0.2632
296961,crop,crop_t0b0l32r33,0.4003,0.1464
296968,denoise,denoise,0.2254,0.2188
296995,denoise,denoise,0.3179,0.3108
297110,denoise,denoise,0.2948,0.2898
297642,denoise,denoise,0.2534,0.2503
298087,denoise,denoise,0.1912,0.1771
299631,crop,crop_t0b0l15r12+denoise,0.2711,0.1656
300464,denoise,denoise,0.1268,0.1225
300471,denoise,denoise,0.3393,0.3289
300544,denoise,denoise,0.1610,0.1532
303356,denoise,denoise,0.1471,0.1438
303656,denoise,denoise,0.2798,0.2748
303926,denoise,denoise,0.1671,0.1577
303983,denoise,denoise,0.1203,0.1151
304486,denoise,denoise,0.3335,0.3246
304510,crop,crop_t26b27l0r0,0.3604,0.1534
304552,denoise,denoise,0.2446,0.2354
305768,denoise,denoise,0.1312,0.1257
289053,denoise,denoise,0.2594,0.2542
289506,crop,crop_t27b28l0r0+denoise,0.2680,0.0526
289568,crop,crop_t13b13l0r0+denoise,0.2832,0.1816
289832,denoise,denoise,0.2459,0.2338
290634,crop,crop_t16b17l0r0+denoise,0.3087,0.1791
293623,denoise,denoise,0.2220,0.2024
293970,denoise,denoise,0.3015,0.2911
294067,crop,crop_t0b0l25r23,0.4738,0.2877
300614,denoise,denoise,0.1610,0.1532
300840,denoise,denoise,0.1454,0.1411
301110,denoise,denoise,0.3595,0.3435
301969,denoise,denoise,0.1278,0.1212
302860,denoise,denoise,0.3206,0.3099
302949,denoise,denoise,0.3590,0.3401
303067,crop,crop_t0b0l37r38,0.4083,0.1154
303202,denoise,denoise,0.1376,0.1316
307838,denoise,denoise,0.3852,0.3767
309251,denoise,denoise,0.1836,0.1734
309984,denoise,denoise,0.2296,0.2171
310086,denoise,denoise,0.1884,0.1843
310390,denoise,denoise,0.2593,0.2417
310552,denoise,denoise,0.1285,0.1237
311119,denoise,denoise,0.2508,0.2466
311414,denoise,denoise,0.1085,0.1049
306128,denoise,denoise,0.2029,0.1738
306364,denoise,denoise,0.1373,0.1315
306990,denoise,denoise,0.3500,0.3308
307057,denoise,denoise,0.1913,0.1806
307172,denoise,denoise,0.2168,0.2136
307213,denoise,denoise,0.2854,0.2813
307576,crop,crop_t19b0l29r19+denoise,0.3753,0.1262
307617,denoise,denoise,0.3335,0.3263
311519,denoise,denoise,0.1719,0.1673
311571,denoise,denoise,0.2554,0.2445
311656,denoise,denoise,0.2274,0.2207
312030,denoise,denoise,0.2083,0.2038
312214,crop,crop_t36b34l35r20+denoise,0.5013,0.0701
313303,denoise,denoise,0.1202,0.1174
313859,denoise,denoise,0.2094,0.2039
313924,denoise,denoise,0.1726,0.1672
322648,denoise,denoise,0.2372,0.2311
323818,denoise,denoise,0.2793,0.2582
323560,denoise,denoise,0.1551,0.1511
324316,denoise,denoise,0.2554,0.2448
327142,denoise,denoise,0.1910,0.1793
234930,denoise,denoise,0.2890,0.2844
314847,denoise,denoise,0.2519,0.2442
315065,crop,crop_t0b0l22r0+denoise,0.2157,0.1295
315545,denoise,denoise,0.3097,0.3029
315570,denoise,denoise,0.1618,0.1540
314125,denoise,denoise,0.2638,0.2581
314186,denoise,denoise,0.2139,0.2097
314242,denoise,denoise,0.2336,0.2062
314344,denoise,denoise,0.3087,0.3032
316742,denoise,denoise,0.2684,0.2635
317812,denoise,denoise,0.1361,0.1322
319725,denoise,denoise,0.2374,0.2326
319943,denoise,denoise,0.2799,0.2753
321105,denoise,denoise,0.3152,0.2974
320413,denoise,denoise,0.2794,0.2736
320738,crop,crop_t16b16l0r0+denoise,0.2466,0.1214
322236,denoise,denoise,0.2956,0.2864
