img_id,steps,b_ink,b_nsmall,b_ncc,b_mainfrac,b_edge8,b_framew,b_inset,a_ink,a_nsmall,a_ncc,a_mainfrac,a_edge8,a_framew,a_inset
310491,rm_smallCC+edge_clean,0.136260986328125,2,12,0.36573348264277716,0.0467529296875,1,0,0.131591796875,0,9,0.3787105751391466,0.01318359375,0,0
311372,rm_smallCC+edge_clean,0.1470184326171875,3,14,0.2720290607161391,0.064697265625,0,0,0.142181396484375,1,10,0.281283537239751,0.027099609375,0,1
311886,rm_smallCC+edge_clean,0.17340087890625,3,6,0.5003519887363604,0.0572509765625,0,0,0.1712188720703125,0,3,0.5067284555743695,0.0416259765625,0,1
315189,noop,0.2576751708984375,0,1,1.0,0.0860595703125,0,0,0.2576751708984375,0,1,1.0,0.0860595703125,0,0
314101,edge_clean,0.3228759765625,0,2,0.8593100189035917,0.0269775390625,0,0,0.322265625,0,2,0.8609375,0.0220947265625,0,1
317013,rm_smallCC,0.2109527587890625,1,2,0.9998553345388789,0.03564453125,0,0,0.2109222412109375,0,1,1.0,0.03564453125,0,0
317557,noop,0.4005126953125,0,2,0.5819110027430662,0.0,0,12,0.4005126953125,0,2,0.5819110027430662,0.0,0,12
318511,edge_clean,0.21087646484375,0,10,0.34290882778581766,0.006103515625,0,1,0.210693359375,0,10,0.34320683661645424,0.004638671875,0,4
318600,rm_smallCC+edge_clean,0.1049041748046875,11,30,0.2202181818181818,0.037353515625,1,0,0.0992279052734375,0,18,0.2328156235583577,0.0035400390625,0,5
319180,edge_clean,0.3055877685546875,0,6,0.4093473810356019,0.122802734375,0,0,0.3016357421875,0,6,0.4147106434641845,0.0911865234375,0,4
320073,noop,0.3615570068359375,0,1,1.0,0.0518798828125,0,0,0.3615570068359375,0,1,1.0,0.0518798828125,0,0
321306,rm_smallCC+edge_clean,0.2240447998046875,23,41,0.28413811891302865,0.068115234375,0,0,0.21533203125,1,16,0.29563492063492064,0.0059814453125,0,4
322135,noop,0.2528533935546875,0,1,1.0,0.0313720703125,0,0,0.2528533935546875,0,1,1.0,0.0313720703125,0,0
322423,edge_clean,0.359344482421875,0,3,0.8239490445859873,0.0501708984375,0,0,0.358489990234375,0,3,0.8259129990635907,0.0433349609375,0,3
323812,rm_smallCC+edge_clean,0.131134033203125,6,13,0.44868512915987896,0.041259765625,1,0,0.126800537109375,0,7,0.46401925391095067,0.009033203125,0,4
324217,noop,0.2763824462890625,0,4,0.8493899409264064,0.0106201171875,0,0,0.2763824462890625,0,4,0.8493899409264064,0.0106201171875,0,0
324456,rm_smallCC,0.1418609619140625,5,13,0.30418414542325484,0.0032958984375,0,4,0.141448974609375,0,8,0.3050701186623517,0.0,0,8
324954,edge_clean,0.186737060546875,0,11,0.4463964700114398,0.048095703125,0,0,0.1832275390625,0,10,0.45494670219853434,0.02001953125,0,0
326252,edge_clean,0.1613616943359375,0,3,0.6076595744680852,0.0419921875,0,0,0.160980224609375,0,3,0.6090995260663508,0.0389404296875,0,0
305837,rm_smallCC,0.252838134765625,1,5,0.7290283645141823,0.009765625,0,3,0.2526092529296875,0,4,0.7296889157354274,0.009765625,0,3
76891,rm_smallCC+edge_clean,0.2122039794921875,4,9,0.32738908463363775,0.050048828125,0,0,0.20611572265625,0,6,0.337059520284276,0.0030517578125,0,4
77058,noop,0.1827392578125,0,1,1.0,0.0120849609375,0,3,0.1827392578125,0,1,1.0,0.0120849609375,0,3
77133,noop,0.3085174560546875,0,3,0.9241307680894209,0.02197265625,0,0,0.3085174560546875,0,3,0.9241307680894209,0.02197265625,0,0
77181,rm_smallCC+edge_clean,0.1536407470703125,8,14,0.46469361406296555,0.0089111328125,0,1,0.152374267578125,0,6,0.46855597836971763,0.0064697265625,0,4
78934,edge_clean,0.262664794921875,0,5,0.291448820727315,0.035888671875,0,0,0.26129150390625,0,5,0.2929806120065405,0.02490234375,0,4
79263,edge_clean,0.3226470947265625,0,2,0.5848663986758099,0.0328369140625,0,0,0.3222808837890625,0,2,0.5855309881160929,0.0299072265625,0,0
267138,rm_smallCC+edge_clean,0.1645660400390625,1,7,0.4509967547519703,0.1409912109375,2,0,0.1489410400390625,0,5,0.4983095994262883,0.0093994140625,0,4
79689,noop,0.2696075439453125,0,1,1.0,0.0062255859375,0,3,0.2696075439453125,0,1,1.0,0.0062255859375,0,3
80544,rm_smallCC+edge_clean,0.1482391357421875,1,7,0.6206896551724138,0.0098876953125,0,0,0.147796630859375,0,6,0.622548007433409,0.0064697265625,0,4
80805,edge_clean,0.402435302734375,0,3,0.6817699249260636,0.0352783203125,0,0,0.4019317626953125,0,3,0.6826240461637751,0.03125,0,0
80789,edge_clean,0.2690582275390625,0,2,0.616230930641411,0.02099609375,0,0,0.268280029296875,0,2,0.6180184279376635,0.0147705078125,0,1
81914,edge_clean,0.3369903564453125,0,3,0.536880235453928,0.0810546875,0,0,0.3352203369140625,0,3,0.5397150530292685,0.06689453125,0,2
82241,noop,0.22064208984375,0,1,1.0,0.03173828125,0,0,0.22064208984375,0,1,1.0,0.03173828125,0,0
82657,rm_smallCC+edge_clean,0.3909149169921875,2,6,0.6490105000195168,0.07421875,0,0,0.38995361328125,0,4,0.6506104241665362,0.0689697265625,0,0
82947,noop,0.2896881103515625,0,1,1.0,0.04296875,0,0,0.2896881103515625,0,1,1.0,0.04296875,0,0
83830,edge_clean,0.1821746826171875,0,2,0.8680794036351454,0.0318603515625,0,0,0.181396484375,0,2,0.8718034993270525,0.025634765625,0,1
268910,noop,0.3137664794921875,0,2,0.9631376744638428,0.05859375,0,0,0.3137664794921875,0,2,0.9631376744638428,0.05859375,0,0
84441,edge_clean,0.2913818359375,0,2,0.6680980310012568,0.0440673828125,0,0,0.2897186279296875,0,2,0.6719334281350398,0.03076171875,0,0
84062,edge_clean,0.24127197265625,0,3,0.5699468757905388,0.034423828125,0,0,0.240203857421875,0,3,0.5724812603227036,0.02587890625,0,2
84235,edge_clean,0.41815185546875,0,3,0.6485549554809517,0.0498046875,0,0,0.4176177978515625,0,3,0.649384339946655,0.0455322265625,0,0
84545,noop,0.2708740234375,0,2,0.6094524560612888,0.0054931640625,0,6,0.2708740234375,0,2,0.6094524560612888,0.0054931640625,0,6
269199,noop,0.316680908203125,0,2,0.6249879541293245,0.005615234375,0,5,0.316680908203125,0,2,0.6249879541293245,0.005615234375,0,5
84600,noop,0.19110107421875,0,2,0.6464388374321303,0.0048828125,0,5,0.19110107421875,0,2,0.6464388374321303,0.0048828125,0,5
84924,rm_smallCC+edge_clean,0.1830291748046875,8,10,0.9619841600666944,0.061767578125,0,0,0.1760711669921875,0,1,1.0,0.0125732421875,0,0
85294,rm_smallCC+edge_clean,0.1568450927734375,3,9,0.45763206537600937,0.06005859375,0,0,0.15057373046875,0,5,0.47669233887312523,0.01513671875,0,4
86407,rm_smallCC+edge_clean,0.1812744140625,1,12,0.4155723905723906,0.0931396484375,0,0,0.173828125,0,11,0.433374297752809,0.034423828125,0,4
270082,edge_clean,0.1974029541015625,0,2,0.7545025894720568,0.0458984375,0,0,0.1957550048828125,0,2,0.7608543144438382,0.03271484375,0,0
270479,noop,0.2598876953125,0,2,0.9267848755284172,0.0103759765625,0,5,0.2598876953125,0,2,0.9267848755284172,0.0103759765625,0,5
270549,noop,0.2499542236328125,0,1,1.0,0.001220703125,0,5,0.2499542236328125,0,1,1.0,0.001220703125,0,5
89398,noop,0.1856689453125,0,2,0.8754930966469427,0.0157470703125,0,0,0.1856689453125,0,2,0.8754930966469427,0.0157470703125,0,0
89959,rm_smallCC,0.168060302734375,1,3,0.8644452514980934,0.069091796875,0,0,0.1679840087890625,0,2,0.8648378599327823,0.0684814453125,0,0
271465,noop,0.1527557373046875,0,1,1.0,0.035400390625,0,0,0.1527557373046875,0,1,1.0,0.035400390625,0,0
284513,rm_smallCC+edge_clean,0.287841796875,1,3,0.629293893129771,0.0462646484375,0,0,0.2867431640625,0,2,0.6317049808429118,0.03857421875,0,1
284715,edge_clean,0.263214111328125,0,3,0.7681739130434783,0.04248046875,0,0,0.2621917724609375,0,3,0.7711691788395507,0.0343017578125,0,1
285114,noop,0.232269287109375,0,7,0.33950860596505056,0.0087890625,0,5,0.232269287109375,0,7,0.33950860596505056,0.0087890625,0,5
286156,edge_clean,0.1705322265625,0,9,0.6121152469577666,0.0634765625,0,0,0.166168212890625,15,23,0.6281910009182736,0.0260009765625,0,4
285636,noop,0.281829833984375,0,4,0.4923118570655116,0.0068359375,0,5,0.281829833984375,0,4,0.4923118570655116,0.0068359375,0,5
288411,rm_smallCC+edge_clean,0.1670684814453125,1,9,0.4300849392638597,0.0511474609375,0,0,0.1627655029296875,0,7,0.44145495453267086,0.0172119140625,0,4
288422,noop,0.2783050537109375,0,1,1.0,0.0308837890625,0,0,0.2783050537109375,0,1,1.0,0.0308837890625,0,0
289846,edge_clean,0.2841339111328125,0,3,0.7095752107835239,0.046630859375,0,0,0.28369140625,0,3,0.7106820137693631,0.0430908203125,0,0
290715,noop,0.264007568359375,0,1,1.0,0.00537109375,0,4,0.264007568359375,0,1,1.0,0.00537109375,0,4
294518,edge_clean,0.1200408935546875,0,6,0.3004957417058599,0.035400390625,0,0,0.116729736328125,0,5,0.30901960784313726,0.0089111328125,0,0
295472,edge_clean,0.1101226806640625,0,6,0.22322294582236385,0.0059814453125,0,1,0.10992431640625,0,6,0.2236257634647418,0.00439453125,0,4
295515,noop,0.341705322265625,0,1,1.0,0.0,0,13,0.341705322265625,0,1,1.0,0.0,0,13
295967,rm_smallCC+edge_clean,0.0924835205078125,4,13,0.43936644118132323,0.0390625,0,0,0.088470458984375,0,8,0.45929630907209384,0.0142822265625,0,0
296384,edge_clean,0.1885986328125,0,6,0.5184466019417475,0.0091552734375,0,1,0.1883392333984375,0,6,0.5191606578627562,0.007080078125,0,4
296778,noop,0.101470947265625,0,3,0.6227067669172932,0.0067138671875,0,1,0.101470947265625,0,3,0.6227067669172932,0.0067138671875,0,1
297067,edge_clean,0.262847900390625,0,4,0.4378265412748171,0.0155029296875,0,0,0.262451171875,0,4,0.43848837209302327,0.0123291015625,0,4
300464,rm_smallCC+edge_clean,0.126800537109375,34,49,0.342719614921781,0.0469970703125,0,0,0.1170196533203125,0,16,0.3713652366671013,0.0067138671875,0,4
300788,noop,0.185760498046875,0,8,0.35493675045178247,0.0,0,13,0.185760498046875,0,8,0.35493675045178247,0.0,0,13
301527,edge_clean,0.373321533203125,0,3,0.5315131202485082,0.0714111328125,0,0,0.37091064453125,0,3,0.5349679117985848,0.0521240234375,0,1
301760,noop,0.4724578857421875,0,1,1.0,0.061279296875,0,0,0.4724578857421875,0,1,1.0,0.061279296875,0,0
302077,rm_smallCC,0.1885528564453125,1,3,0.5910010520352836,0.0147705078125,0,0,0.1884918212890625,0,2,0.5911924228932243,0.0142822265625,0,1
302084,rm_smallCC+edge_clean,0.1285552978515625,2,5,0.6325222551928783,0.057861328125,1,0,0.1217041015625,0,2,0.6681293881644935,0.0,0,11
305518,noop,0.220855712890625,0,1,1.0,0.0,0,15,0.220855712890625,0,1,1.0,0.0,0,15
305829,edge_clean,0.2499847412109375,0,4,0.34718915949459805,0.02880859375,0,0,0.248779296875,0,4,0.3488714425907753,0.0191650390625,0,4
305284,rm_smallCC+edge_clean,0.2843170166015625,1,5,0.45011538667954704,0.0828857421875,0,0,0.2837371826171875,0,4,0.45103522452272116,0.0787353515625,0,0
306196,rm_smallCC+edge_clean,0.247955322265625,15,24,0.6379076923076923,0.080078125,0,0,0.2375030517578125,1,10,0.6659813684548667,0.014404296875,0,4
306549,rm_smallCC,0.100311279296875,2,5,0.7245208396714329,0.0,0,12,0.10015869140625,0,3,0.725624619134674,0.0,0,12
306849,rm_smallCC+edge_clean,0.09417724609375,1,11,0.4923849643551523,0.0343017578125,0,0,0.0899810791015625,0,9,0.515346786501611,0.0008544921875,0,7
307988,edge_clean,0.1888275146484375,0,2,0.7194343434343434,0.1702880859375,0,0,0.1779022216796875,0,3,0.7636160905738056,0.0828857421875,0,4
308075,noop,0.1009674072265625,0,3,0.6555841015565966,0.00341796875,0,2,0.1009674072265625,0,3,0.6555841015565966,0.00341796875,0,2
310135,rm_smallCC+edge_clean,0.25787353515625,1,5,0.6053254437869823,0.0157470703125,0,1,0.2576446533203125,0,4,0.6058631921824105,0.013916015625,0,1
310398,rm_smallCC+edge_clean,0.1620941162109375,2,6,0.4097712510590229,0.05029296875,0,0,0.1558685302734375,1,4,0.4261380323054332,0.003173828125,0,4
250019,noop,0.2895965576171875,0,1,1.0,0.053466796875,0,0,0.2895965576171875,0,1,1.0,0.053466796875,0,0
252028,rm_smallCC,0.2725067138671875,1,3,0.8512794669354388,0.0518798828125,0,0,0.2720184326171875,0,2,0.8528075391260448,0.0518798828125,0,0
255389,rm_smallCC+edge_clean,0.1134033203125,4,9,0.4276103336921421,0.0570068359375,0,0,0.1064605712890625,1,6,0.4554966317901677,0.0035400390625,0,4
255697,noop,0.1845550537109375,0,1,1.0,0.03466796875,0,0,0.1845550537109375,0,1,1.0,0.03466796875,0,0
255707,noop,0.25042724609375,0,1,1.0,0.0308837890625,0,0,0.25042724609375,0,1,1.0,0.0308837890625,0,0
255945,noop,0.2478790283203125,0,1,1.0,0.027587890625,0,0,0.2478790283203125,0,1,1.0,0.027587890625,0,0
256346,noop,0.2117156982421875,0,1,1.0,0.0201416015625,0,0,0.2117156982421875,0,1,1.0,0.0201416015625,0,0
258302,rm_smallCC,0.3777923583984375,1,2,0.9998788319399007,0.09033203125,0,0,0.37774658203125,0,1,1.0,0.0899658203125,0,0
258808,rm_smallCC,0.219818115234375,1,2,0.9998611689573789,0.0096435546875,0,2,0.21978759765625,0,1,1.0,0.0093994140625,0,2
257948,edge_clean,0.097076416015625,0,5,0.4379126060987111,0.0709228515625,0,0,0.08843994140625,0,5,0.4806763285024155,0.0018310546875,0,4
260345,noop,0.201080322265625,0,3,0.42115647290939445,0.00244140625,0,6,0.201080322265625,0,3,0.42115647290939445,0.00244140625,0,6
260369,edge_clean,0.2222137451171875,0,4,0.4455126004257365,0.02001953125,0,0,0.221710205078125,0,4,0.4465244322092223,0.0159912109375,0,1
263317,noop,0.3810272216796875,0,1,1.0,0.0091552734375,0,4,0.3810272216796875,0,1,1.0,0.0091552734375,0,4
263338,edge_clean,0.3687896728515625,0,2,0.5670073234308411,0.01123046875,0,3,0.368743896484375,0,2,0.5670777124886204,0.0108642578125,0,4
265476,noop,0.2767791748046875,0,2,0.9568333425216384,0.02734375,0,0,0.2767791748046875,0,2,0.9568333425216384,0.02734375,0,0
265560,noop,0.1502532958984375,0,2,0.6484208388341627,0.0150146484375,0,3,0.1502532958984375,0,2,0.6484208388341627,0.0150146484375,0,3
267343,rm_smallCC+edge_clean,0.0724945068359375,3,13,0.2927804672700484,0.00537109375,0,0,0.071929931640625,0,10,0.29507848960543065,0.0030517578125,0,4
269840,rm_smallCC+edge_clean,0.1388092041015625,17,32,0.19852698691876441,0.0853271484375,0,0,0.12799072265625,1,16,0.21530758226037197,0.00927734375,0,4
269914,edge_clean,0.2336883544921875,0,5,0.7019262161279791,0.0418701171875,0,0,0.2319793701171875,0,5,0.7070972834309018,0.0281982421875,0,4
270173,rm_smallCC+edge_clean,0.13409423828125,14,24,0.31975421028675466,0.018310546875,0,0,0.1321868896484375,0,10,0.32436800184693526,0.0137939453125,0,0
270878,noop,0.27130126953125,0,1,1.0,0.0224609375,0,0,0.27130126953125,0,1,1.0,0.0224609375,0,0
271996,noop,0.152618408203125,0,3,0.5700859828034394,0.0048828125,0,3,0.152618408203125,0,3,0.5700859828034394,0.0048828125,0,3
272492,rm_smallCC+edge_clean,0.1168975830078125,1,9,0.3619631901840491,0.0093994140625,0,0,0.116485595703125,0,8,0.3632433848572177,0.0084228515625,0,0
272818,rm_smallCC+edge_clean,0.19097900390625,2,8,0.38247043783956536,0.0518798828125,1,0,0.186431884765625,0,5,0.391798985103945,0.0152587890625,0,3
276777,noop,0.2429046630859375,0,1,1.0,0.0616455078125,0,0,0.2429046630859375,0,1,1.0,0.0616455078125,0,0
276962,rm_smallCC+edge_clean,0.1368255615234375,4,15,0.26274116203858594,0.0157470703125,0,0,0.135833740234375,0,11,0.2646596270501011,0.01318359375,0,0
277916,rm_smallCC+edge_clean,0.0752105712890625,9,13,0.7372692229661189,0.0126953125,0,0,0.074310302734375,0,4,0.7462012320328542,0.00830078125,0,1
278696,noop,0.145843505859375,0,4,0.4595103578154426,0.0103759765625,0,3,0.145843505859375,0,4,0.4595103578154426,0.0103759765625,0,3
280320,rm_smallCC+edge_clean,0.188812255859375,3,8,0.4377727493130758,0.011962890625,0,0,0.18792724609375,0,5,0.4398343618057811,0.0106201171875,0,0
281113,noop,0.1367645263671875,0,3,0.9285953363829075,0.010986328125,0,4,0.1367645263671875,0,3,0.9285953363829075,0.010986328125,0,4
283195,noop,0.3416900634765625,0,1,1.0,0.0977783203125,0,0,0.3416900634765625,0,1,1.0,0.0977783203125,0,0
284091,edge_clean,0.270660400390625,0,3,0.8319990979817341,0.01220703125,0,3,0.27056884765625,0,3,0.8322806226032032,0.011474609375,0,4
23548,noop,0.1236572265625,0,1,1.0,0.00048828125,0,7,0.1236572265625,0,1,1.0,0.00048828125,0,7
22938,noop,0.1506195068359375,0,2,0.6746023705804883,0.01318359375,0,6,0.1506195068359375,0,2,0.6746023705804883,0.01318359375,0,6
23123,noop,0.2657928466796875,0,1,1.0,0.0,0,9,0.2657928466796875,0,1,1.0,0.0,0,9
23337,noop,0.2648773193359375,0,1,1.0,0.0306396484375,0,0,0.2648773193359375,0,1,1.0,0.0306396484375,0,0
25667,rm_smallCC+edge_clean,0.275299072265625,149,185,0.606584635849684,0.109619140625,0,0,0.2430419921875,11,44,0.6870919136112507,0.0277099609375,0,4
26172,rm_smallCC+edge_clean,0.1278839111328125,1,3,0.9850853120152726,0.0184326171875,0,0,0.1259765625,0,1,1.0,0.0035400390625,0,5
27183,edge_clean,0.2027587890625,0,4,0.4948826008428657,0.016845703125,0,0,0.2024078369140625,0,4,0.4957406709385601,0.0140380859375,0,0
27574,rm_smallCC+edge_clean,0.31756591796875,10,12,0.9684797232365943,0.0382080078125,0,0,0.3135528564453125,0,2,0.9808749817509368,0.00732421875,0,4
26941,rm_smallCC+edge_clean,0.0945281982421875,12,21,0.2692493946731235,0.0523681640625,0,0,0.08758544921875,1,10,0.2905923344947735,0.0047607421875,0,4
245879,rm_smallCC+edge_clean,0.106658935546875,3,7,0.43919885550786836,0.02587890625,0,0,0.106109619140625,0,4,0.44147253379350015,0.02294921875,0,0
28178,rm_smallCC+edge_clean,0.1385498046875,8,13,0.3820484581497797,0.064697265625,0,0,0.130706787109375,0,6,0.40497314966145226,0.0025634765625,0,4
27785,edge_clean,0.1373138427734375,0,3,0.6557395266140682,0.01806640625,0,2,0.1368255615234375,0,3,0.65807962529274,0.01416015625,0,3
27985,rm_smallCC+edge_clean,0.3506317138671875,1,3,0.9587014230384264,0.1055908203125,1,0,0.344024658203125,0,2,0.9771134569324935,0.0526123046875,0,0
29258,noop,0.2465972900390625,0,5,0.5426025617226656,0.006103515625,0,2,0.2465972900390625,0,5,0.5426025617226656,0.006103515625,0,2
29362,noop,0.188385009765625,0,1,1.0,0.0223388671875,0,0,0.188385009765625,0,1,1.0,0.0223388671875,0,0
29153,edge_clean,0.297760009765625,0,4,0.5677462334734037,0.0440673828125,1,0,0.293487548828125,0,3,0.576011230113341,0.0098876953125,0,4
29250,noop,0.2824249267578125,0,1,1.0,0.026611328125,0,0,0.2824249267578125,0,1,1.0,0.026611328125,0,0
30293,noop,0.374786376953125,0,1,1.0,0.03466796875,0,0,0.374786376953125,0,1,1.0,0.03466796875,0,0
32852,rm_smallCC+edge_clean,0.1281585693359375,1,3,0.9784498154542207,0.02197265625,0,0,0.125396728515625,0,1,1.0,0.0,0,16
34605,noop,0.33099365234375,0,1,1.0,0.0296630859375,0,1,0.33099365234375,0,1,1.0,0.0296630859375,0,1
34618,rm_smallCC+edge_clean,0.0898590087890625,1,12,0.23110884700288672,0.0804443359375,0,0,0.08953857421875,0,11,0.23193592365371507,0.0758056640625,0,4
34928,rm_smallCC+edge_clean,0.1116790771484375,5,13,0.4171334881814456,0.021484375,0,0,0.11004638671875,0,8,0.4233222407099279,0.016845703125,0,0
36194,noop,0.245025634765625,0,1,1.0,0.0306396484375,0,0,0.245025634765625,0,1,1.0,0.0306396484375,0,0
249465,rm_smallCC,0.1704559326171875,2,3,0.9961507474711306,0.0089111328125,0,0,0.1697998046875,0,1,1.0,0.0089111328125,0,0
37226,rm_smallCC,0.1053924560546875,1,2,0.9998552193426958,0.040283203125,0,0,0.105377197265625,0,1,1.0,0.040283203125,0,0
37383,edge_clean,0.2779998779296875,0,5,0.3339919863878369,0.037353515625,1,0,0.2743377685546875,0,4,0.33845041437232326,0.008056640625,0,4
37667,noop,0.2665252685546875,0,1,1.0,0.02978515625,0,0,0.2665252685546875,0,1,1.0,0.02978515625,0,0
39044,rm_smallCC+edge_clean,0.205596923828125,35,40,0.9617040225619712,0.067138671875,0,0,0.2022552490234375,0,5,0.9775933609958506,0.060302734375,0,0
38309,rm_smallCC,0.135772705078125,1,3,0.5246122724207687,0.018798828125,0,4,0.135406494140625,0,2,0.5260311020960108,0.016845703125,0,4
39573,rm_smallCC+edge_clean,0.221527099609375,1,5,0.6901777104284337,0.0126953125,0,0,0.2213592529296875,0,4,0.690701040876818,0.0118408203125,0,0
41043,noop,0.201751708984375,0,2,0.7980638330055967,0.0079345703125,0,4,0.201751708984375,0,2,0.7980638330055967,0.0079345703125,0,4
40438,rm_smallCC+edge_clean,0.207855224609375,9,13,0.8918660989575686,0.052734375,0,0,0.205108642578125,0,4,0.9038089570004464,0.0391845703125,0,0
175646,noop,0.2359619140625,0,2,0.9068804966373513,0.045654296875,0,0,0.2359619140625,0,2,0.9068804966373513,0.045654296875,0,0
176510,noop,0.2491455078125,0,1,1.0,0.0439453125,0,0,0.2491455078125,0,1,1.0,0.0439453125,0,0
176535,rm_smallCC+edge_clean,0.1453704833984375,1,9,0.49700850215177916,0.0775146484375,1,0,0.13751220703125,0,7,0.525410563692854,0.0157470703125,0,4
306838,rm_smallCC+edge_clean,0.120849609375,75,86,0.3031565656565657,0.0457763671875,0,0,0.1075592041015625,0,11,0.34061569016881826,0.014892578125,0,4
177649,noop,0.219818115234375,0,1,1.0,0.03369140625,0,0,0.219818115234375,0,1,1.0,0.03369140625,0,0
178218,rm_smallCC+edge_clean,0.2104034423828125,13,22,0.36565378200014503,0.143310546875,1,0,0.207366943359375,0,9,0.3710080941869021,0.1390380859375,1,0
178274,"crop(0, 0, 12, 0)+rm_smallCC",0.4591064453125,0,7,0.91468359478862,0.933349609375,12,0,0.4326972336065574,0,7,0.9050244191209117,0.900125,10,0
178536,rm_smallCC+edge_clean,0.3394775390625,15,25,0.5515102481121898,0.045166015625,0,0,0.3360748291015625,0,9,0.557094211123723,0.0224609375,0,4
179175,rm_smallCC+edge_clean,0.2282257080078125,19,32,0.2573377014107107,0.041259765625,1,0,0.2206573486328125,1,14,0.2661641656870203,0.005615234375,0,4
179958,noop,0.188385009765625,0,4,0.4501862951563259,0.0,0,10,0.188385009765625,0,4,0.4501862951563259,0.0,0,10
180039,edge_clean,0.248046875,0,4,0.38379675196850394,0.0203857421875,0,0,0.247100830078125,0,4,0.3852661479560331,0.0128173828125,0,4
180973,edge_clean,0.3280029296875,0,2,0.8506233717901005,0.0218505859375,0,0,0.327880859375,0,2,0.850940059568131,0.0208740234375,0,0
308323,rm_smallCC+edge_clean,0.354827880859375,1,5,0.5194805194805194,0.0577392578125,0,0,0.35400390625,0,4,0.5206896551724138,0.0550537109375,0,0
180718,noop,0.27960205078125,0,5,0.4031325038201266,0.0057373046875,0,2,0.27960205078125,0,5,0.4031325038201266,0.0057373046875,0,2
182417,edge_clean,0.2288665771484375,0,3,0.5163010867391159,0.0347900390625,0,0,0.2280731201171875,0,3,0.518097277045561,0.0284423828125,0,1
182559,edge_clean,0.1307525634765625,0,5,0.6080056015871164,0.02587890625,0,0,0.1276092529296875,0,4,0.6229821834269998,0.000732421875,0,7
182749,rm_smallCC+edge_clean,0.1069183349609375,4,9,0.6176680462394748,0.032958984375,0,0,0.102783203125,0,3,0.6425178147268409,0.0,0,15
182860,edge_clean,0.2503814697265625,0,4,0.5507952952647938,0.0494384765625,0,0,0.246673583984375,0,3,0.5590746010144748,0.019775390625,0,0
182893,rm_smallCC+edge_clean,0.22711181640625,1,8,0.4125235151840903,0.15380859375,1,0,0.217132568359375,1,8,0.4314827828531272,0.0732421875,0,0
184556,noop,0.447357177734375,0,1,1.0,0.08544921875,0,0,0.447357177734375,0,1,1.0,0.08544921875,0,0
185765,rm_smallCC+edge_clean,0.27606201171875,18,40,0.2885805881052399,0.2890625,2,0,0.2726898193359375,0,21,0.29214929214929214,0.278564453125,2,0
186615,rm_smallCC+edge_clean,0.12042236328125,3,8,0.3033451596553472,0.083251953125,0,0,0.1112823486328125,0,5,0.32825997531879886,0.0107421875,0,4
186833,noop,0.278717041015625,0,2,0.9616774334829739,0.0152587890625,0,0,0.278717041015625,0,2,0.9616774334829739,0.0152587890625,0,0
310840,edge_clean,0.242218017578125,0,5,0.3246818697240771,0.02294921875,0,0,0.2412567138671875,0,5,0.3259755866169123,0.0152587890625,0,4
186585,rm_smallCC+edge_clean,0.1052093505859375,12,27,0.25395213923132703,0.075927734375,0,0,0.0947723388671875,0,16,0.28191917565609403,0.0048828125,0,4
187127,noop,0.2857818603515625,0,1,1.0,0.033935546875,0,0,0.2857818603515625,0,1,1.0,0.033935546875,0,0
187143,edge_clean,0.29364013671875,0,6,0.6773539804614426,0.0804443359375,0,0,0.293182373046875,0,6,0.678411574893307,0.0767822265625,0,2
187288,rm_smallCC+edge_clean,0.2021636962890625,2,10,0.4162578307796815,0.0186767578125,0,0,0.2018280029296875,0,8,0.41695017766689346,0.0164794921875,0,0
187465,rm_smallCC,0.3949737548828125,1,3,0.9376472860730153,0.10595703125,0,0,0.394805908203125,0,2,0.938045914817964,0.10595703125,0,0
187853,rm_smallCC+edge_clean,0.19171142578125,65,78,0.22938554600445718,0.0662841796875,0,0,0.17706298828125,5,18,0.24836263357462943,0.0074462890625,0,4
188271,edge_clean,0.193878173828125,0,9,0.3015898000944436,0.01904296875,0,0,0.1934967041015625,0,9,0.30218437031779827,0.0159912109375,0,0
188320,edge_clean,0.2848358154296875,0,4,0.7354690094819736,0.0523681640625,0,0,0.2844696044921875,0,4,0.7364158129056483,0.0494384765625,0,0
214866,noop,0.40478515625,0,1,1.0,0.0399169921875,0,0,0.40478515625,0,1,1.0,0.0399169921875,0,0
214925,rm_smallCC+edge_clean,0.1184234619140625,1,5,0.48279860842674915,0.053955078125,0,0,0.112274169921875,0,4,0.5092416417504757,0.0048828125,0,4
215363,rm_smallCC+edge_clean,0.2184295654296875,4,14,0.29577366398882293,0.10986328125,0,0,0.2144317626953125,0,10,0.30128798121397565,0.0831298828125,0,4
215450,rm_smallCC+edge_clean,0.272979736328125,116,163,0.3856903297931806,0.1795654296875,0,0,0.2425537109375,5,52,0.43407146451937595,0.0703125,0,0
215482,rm_smallCC+edge_clean,0.2885894775390625,1,4,0.6509808068524295,0.0257568359375,0,0,0.287689208984375,0,3,0.653017927230296,0.02099609375,0,0
322477,rm_smallCC,0.3780670166015625,1,3,0.5968438471162771,0.0419921875,0,0,0.3780517578125,0,2,0.596867936712948,0.0419921875,0,0
322480,rm_smallCC,0.3393096923828125,1,4,0.6755857354859018,0.0299072265625,0,0,0.3391571044921875,0,3,0.6758896837180006,0.0299072265625,0,0
215913,rm_smallCC+edge_clean,0.1779632568359375,8,13,0.5540598473806053,0.0589599609375,0,0,0.1770782470703125,0,5,0.5568289530374838,0.0533447265625,0,0
216664,noop,0.2519989013671875,0,1,1.0,0.049072265625,0,0,0.2519989013671875,0,1,1.0,0.049072265625,0,0
216843,noop,0.347076416015625,0,1,1.0,0.02978515625,0,0,0.347076416015625,0,1,1.0,0.02978515625,0,0
216375,rm_smallCC+edge_clean,0.236419677734375,1,10,0.49302955982961144,0.0810546875,0,0,0.2280120849609375,0,9,0.5112092618617413,0.0147705078125,0,1
216443,edge_clean,0.2278594970703125,0,4,0.7042121475925802,0.022216796875,0,0,0.227325439453125,0,4,0.7058665592697007,0.0179443359375,0,0
218397,noop,0.4567413330078125,0,1,1.0,0.0736083984375,0,0,0.4567413330078125,0,1,1.0,0.0736083984375,0,0
218493,rm_smallCC+edge_clean,0.231719970703125,13,22,0.7358751481627815,0.0198974609375,0,0,0.229644775390625,0,9,0.7425249169435216,0.017822265625,0,1
218997,edge_clean,0.424346923828125,0,3,0.6793239841783532,0.0556640625,1,0,0.4183349609375,0,2,0.6890866647213306,0.0068359375,0,3
324476,edge_clean,0.307037353515625,0,2,0.5161017791472021,0.0338134765625,0,0,0.3067779541015625,0,2,0.516538174583437,0.03173828125,0,0
324538,rm_smallCC+edge_clean,0.1414794921875,1,8,0.39473684210526316,0.024658203125,0,0,0.1380767822265625,0,6,0.4044645817217372,0.0,0,15
221216,rm_smallCC+edge_clean,0.149383544921875,2,13,0.302247191011236,0.0111083984375,0,2,0.1491546630859375,0,11,0.3027109974424552,0.010498046875,0,4
221613,noop,0.3697509765625,0,1,1.0,0.0340576171875,0,0,0.3697509765625,0,1,1.0,0.0340576171875,0,0
222373,edge_clean,0.2534332275390625,0,2,0.5812511289060148,0.033203125,0,0,0.251953125,0,2,0.5846656976744186,0.0213623046875,0,4
222856,noop,0.1811065673828125,0,3,0.9159154098913135,0.0179443359375,0,0,0.1811065673828125,0,3,0.9159154098913135,0.0179443359375,0,0
222858,rm_smallCC+edge_clean,0.1069488525390625,2,11,0.34769581966043656,0.029541015625,1,0,0.10296630859375,0,8,0.3611440426793124,0.0,0,12
223687,rm_smallCC+edge_clean,0.263763427734375,7,18,0.5295036445678584,0.088134765625,0,0,0.2621002197265625,0,11,0.5328637131047331,0.081298828125,0,0
223837,rm_smallCC+edge_clean,0.35626220703125,2,4,0.8008394723316772,0.04443359375,0,0,0.3539581298828125,0,2,0.8060525067896711,0.0274658203125,0,4
224138,noop,0.114501953125,0,2,0.8718017057569296,0.0,0,9,0.114501953125,0,2,0.8718017057569296,0.0,0,9
239006,rm_smallCC,0.2303009033203125,1,3,0.8684820777844033,0.0333251953125,0,0,0.2302093505859375,0,2,0.8688274673560018,0.0325927734375,0,0
239660,rm_smallCC,0.1797943115234375,2,8,0.3683272511245014,0.007080078125,0,0,0.1794281005859375,0,6,0.36907900331660853,0.004150390625,0,1
243558,rm_smallCC+edge_clean,0.22979736328125,1,5,0.4220451527224436,0.0335693359375,0,0,0.226837158203125,0,3,0.4275528050585228,0.0098876953125,0,4
243981,edge_clean,0.25537109375,0,3,0.5062141491395793,0.017822265625,0,0,0.2547760009765625,0,3,0.5073965383002935,0.0130615234375,0,2
242979,rm_smallCC+edge_clean,0.1166229248046875,2,8,0.6302499018709931,0.03125,0,0,0.1128387451171875,1,6,0.6513860716700474,0.0029296875,0,4
246401,noop,0.3964080810546875,0,1,1.0,0.0457763671875,0,0,0.3964080810546875,0,1,1.0,0.0457763671875,0,0
249057,edge_clean,0.3689727783203125,0,3,0.9237417807369422,0.0323486328125,0,0,0.3682098388671875,0,3,0.9256557954498363,0.0262451171875,0,1
141376,rm_smallCC+edge_clean,0.153900146484375,12,18,0.33372992266508034,0.0487060546875,0,0,0.14776611328125,0,4,0.3475836431226766,0.0,0,8
292809,noop,0.286468505859375,0,6,0.3170341962288271,0.0,0,10,0.286468505859375,0,6,0.3170341962288271,0.0,0,10
142799,rm_smallCC,0.186981201171875,1,3,0.7411457483270769,0.0003662109375,0,7,0.1865997314453125,0,2,0.7426608880529888,0.0003662109375,0,7
293335,noop,0.3122711181640625,0,1,1.0,0.0872802734375,0,0,0.3122711181640625,0,1,1.0,0.0872802734375,0,0
143843,rm_smallCC+edge_clean,0.13250732421875,2,7,0.47616305849838786,0.031005859375,0,0,0.1286773681640625,0,5,0.4903355863868137,0.0010986328125,0,4
144624,edge_clean,0.2663421630859375,0,3,0.6837582354626182,0.120361328125,0,0,0.26556396484375,0,3,0.6857618938175132,0.1141357421875,0,0
144985,edge_clean,0.3800048828125,0,2,0.9788387407645358,0.04296875,0,0,0.3796234130859375,0,2,0.9798223401262108,0.0399169921875,0,0
147299,rm_smallCC+edge_clean,0.4466094970703125,1,3,0.5181591444873416,0.107421875,0,0,0.444793701171875,0,2,0.5202744425385935,0.0966796875,0,0
148192,noop,0.1602325439453125,0,3,0.584325302352157,0.00634765625,0,5,0.1602325439453125,0,3,0.584325302352157,0.00634765625,0,5
148667,noop,0.2720794677734375,0,1,1.0,0.068603515625,0,0,0.2720794677734375,0,1,1.0,0.068603515625,0,0
149065,noop,0.14337158203125,0,6,0.38718603661132395,0.0020751953125,0,6,0.14337158203125,0,6,0.38718603661132395,0.0020751953125,0,6
295618,rm_smallCC+edge_clean,0.1136322021484375,9,19,0.6373036121928293,0.0299072265625,0,0,0.1092071533203125,0,9,0.6631270085231242,0.0,0,8
150800,"crop(0, 0, 18, 18)+rm_smallCC+edge_clean",0.355560302734375,5,15,0.20809372586044117,0.583984375,18,0,0.24845525568181817,1,9,0.34653040806117347,0.014311974789915966,0,4
151011,noop,0.189056396484375,0,4,0.8317998385794996,0.0064697265625,0,0,0.189056396484375,0,4,0.8317998385794996,0.0064697265625,0,0
296321,noop,0.315093994140625,0,1,1.0,0.03515625,0,0,0.315093994140625,0,1,1.0,0.03515625,0,0
151275,edge_clean,0.252197265625,0,3,0.9518998063891578,0.0418701171875,0,0,0.252166748046875,0,3,0.9520150066561781,0.0416259765625,0,0
296632,noop,0.2935791015625,0,1,1.0,0.031005859375,0,0,0.2935791015625,0,1,1.0,0.031005859375,0,0
153291,noop,0.2593231201171875,0,2,0.9544571932921447,0.027099609375,0,0,0.2593231201171875,0,2,0.9544571932921447,0.027099609375,0,0
153308,rm_smallCC+edge_clean,0.2092437744140625,1,11,0.3555750018230876,0.08203125,1,0,0.200103759765625,0,8,0.3718163794418179,0.0035400390625,0,4
152545,edge_clean,0.3660888671875,0,2,0.5228409469823274,0.0941162109375,0,0,0.3645782470703125,0,2,0.5250073243209308,0.08203125,0,0
297866,noop,0.33538818359375,0,1,1.0,0.09716796875,0,0,0.33538818359375,0,1,1.0,0.09716796875,0,0
154751,noop,0.1499481201171875,0,1,1.0,0.0211181640625,0,0,0.1499481201171875,0,1,1.0,0.0211181640625,0,0
155044,rm_smallCC+edge_clean,0.0556182861328125,7,19,0.2759945130315501,0.055908203125,0,0,0.0473785400390625,0,11,0.3239935587761675,0.002685546875,0,4
155554,noop,0.3545989990234375,0,1,1.0,0.033203125,0,0,0.3545989990234375,0,1,1.0,0.033203125,0,0
156143,noop,0.2578887939453125,0,1,1.0,0.0157470703125,0,0,0.2578887939453125,0,1,1.0,0.0157470703125,0,0
298520,edge_clean,0.2216644287109375,0,4,0.821917808219178,0.0244140625,0,0,0.2212982177734375,0,4,0.8232779424946562,0.021484375,0,0
156575,rm_smallCC+edge_clean,0.2392730712890625,25,41,0.3532937950385817,0.0556640625,0,0,0.232269287109375,1,18,0.3639469189331231,0.02392578125,0,1
157374,noop,0.2874298095703125,0,4,0.7575516271168445,0.0323486328125,0,0,0.2874298095703125,0,4,0.7575516271168445,0.0323486328125,0,0
298951,rm_smallCC+edge_clean,0.2329864501953125,1,9,0.38293273953762524,0.033203125,0,0,0.2313079833984375,0,8,0.3857114585394815,0.02294921875,0,4
158090,noop,0.1928253173828125,0,5,0.7668750494579409,0.0037841796875,0,3,0.1928253173828125,0,5,0.7668750494579409,0.0037841796875,0,3
158800,noop,0.28271484375,0,1,1.0,0.0447998046875,0,0,0.28271484375,0,1,1.0,0.0447998046875,0,0
159010,rm_smallCC+edge_clean,0.2236328125,7,17,0.5090065502183406,0.418701171875,9,0,0.2054290771484375,0,10,0.5541112679194831,0.2730712890625,4,0
113266,edge_clean,0.1750640869140625,0,4,0.6903163950143816,0.048828125,0,0,0.17449951171875,0,4,0.6925498426023085,0.0443115234375,0,0
113365,rm_smallCC+edge_clean,0.1653289794921875,2,5,0.6936778957083526,0.010986328125,0,0,0.164642333984375,0,3,0.6965708989805376,0.006591796875,0,4
113620,noop,0.3835601806640625,0,1,1.0,0.0498046875,0,0,0.3835601806640625,0,1,1.0,0.0498046875,0,0
114251,edge_clean,0.3005218505859375,0,3,0.7317085554709317,0.0621337890625,0,0,0.2995147705078125,0,3,0.7341688318304549,0.0540771484375,0,0
114265,edge_clean,0.193328857421875,0,3,0.7495659037095501,0.0296630859375,0,0,0.1926727294921875,0,3,0.7521184762809852,0.0244140625,0,0
114508,rm_smallCC,0.295654296875,1,3,0.8710260115606936,0.01904296875,0,1,0.295379638671875,0,2,0.8718359334642009,0.01904296875,0,1
117589,rm_smallCC+edge_clean,0.1567840576171875,6,8,0.9754744525547445,0.0362548828125,0,0,0.1529388427734375,0,1,1.0,0.0081787109375,0,1
117742,edge_clean,0.3028411865234375,0,2,0.9066861490401572,0.0423583984375,0,0,0.3025054931640625,0,2,0.9076923076923077,0.0396728515625,0,0
117121,rm_smallCC,0.15496826171875,1,3,0.9965537613233556,0.0133056640625,0,1,0.154937744140625,0,2,0.9967500492416782,0.0133056640625,0,1
117179,rm_smallCC+edge_clean,0.170166015625,2,12,0.20462697274031563,0.114990234375,1,0,0.1576080322265625,1,11,0.22093135831155,0.011962890625,0,4
118413,rm_smallCC+edge_clean,0.163421630859375,3,6,0.8733893557422969,0.0230712890625,0,0,0.161895751953125,0,2,0.8816211121583412,0.0108642578125,0,1
118737,rm_smallCC+edge_clean,0.2635498046875,23,29,0.8727420101899027,0.0413818359375,0,0,0.257232666015625,0,5,0.894174872464112,0.0137939453125,0,3
118743,rm_smallCC+edge_clean,0.0815887451171875,4,8,0.6981484944828876,0.0347900390625,0,0,0.077239990234375,0,3,0.7374555511655472,0.0,0,10
283329,edge_clean,0.19189453125,0,4,0.8338104325699746,0.0322265625,0,0,0.19158935546875,0,4,0.8351385791653393,0.02978515625,0,0
119977,noop,0.1499481201171875,0,4,0.6182965299684543,0.0079345703125,0,4,0.1499481201171875,0,4,0.6182965299684543,0.0079345703125,0,4
283849,noop,0.2194671630859375,0,4,0.4943335882639227,0.0162353515625,0,5,0.2194671630859375,0,4,0.4943335882639227,0.0162353515625,0,5
120375,edge_clean,0.2103118896484375,0,4,0.7753754625263005,0.0521240234375,0,0,0.2093505859375,0,4,0.7789358600583091,0.04443359375,0,0
120450,noop,0.2430877685546875,0,2,0.6321637059820476,0.014404296875,0,4,0.2430877685546875,0,2,0.6321637059820476,0.014404296875,0,4
120763,edge_clean,0.422332763671875,0,6,0.4882216923188092,0.0396728515625,0,0,0.4207763671875,0,6,0.490027560197273,0.0272216796875,0,4
121205,rm_smallCC+edge_clean,0.2417449951171875,3,9,0.4003660922805024,0.0916748046875,1,0,0.2368621826171875,0,6,0.40861946788636216,0.053466796875,0,4
284548,noop,0.178131103515625,0,4,0.5638170292958712,0.0079345703125,0,4,0.178131103515625,0,4,0.5638170292958712,0.0079345703125,0,4
122706,rm_smallCC+edge_clean,0.1560821533203125,18,24,0.6866751393098055,0.0489501953125,0,0,0.1491851806640625,0,6,0.7184207834714125,0.00048828125,0,4
123560,rm_smallCC+edge_clean,0.2928619384765625,1,7,0.6247069243995207,0.076416015625,0,0,0.2921905517578125,0,6,0.6261423573032534,0.0701904296875,0,0
123707,noop,0.1876678466796875,0,4,0.5849256037076185,0.00439453125,0,5,0.1876678466796875,0,4,0.5849256037076185,0.00439453125,0,5
123725,noop,0.2626800537109375,0,4,0.6344467034562882,0.050048828125,0,0,0.2626800537109375,0,4,0.6344467034562882,0.050048828125,0,0
123821,edge_clean,0.2966766357421875,0,5,0.4926194517307,0.067626953125,0,0,0.29608154296875,0,5,0.49360956503813647,0.0628662109375,0,0
285269,rm_smallCC+edge_clean,0.32147216796875,3,8,0.6404025061704955,0.039306640625,0,0,0.3203277587890625,0,5,0.6426904206163959,0.0308837890625,0,1
124926,edge_clean,0.3504486083984375,0,2,0.5530108416423565,0.0245361328125,0,0,0.349822998046875,0,2,0.5539998255256041,0.01953125,0,1
285739,rm_smallCC+edge_clean,0.2996978759765625,1,3,0.7494526755256861,0.045166015625,0,0,0.29901123046875,0,2,0.7511737089201878,0.039794921875,0,1
125023,noop,0.38543701171875,0,2,0.9832937450514647,0.0689697265625,0,0,0.38543701171875,0,2,0.9832937450514647,0.0689697265625,0,0
125959,edge_clean,0.4191131591796875,0,5,0.451195980631303,0.0733642578125,0,0,0.4185791015625,0,5,0.45177165354330706,0.069091796875,0,0
126241,rm_smallCC+edge_clean,0.251922607421875,11,30,0.4136281041792853,0.0472412109375,0,0,0.2455291748046875,0,19,0.42439873221055247,0.011962890625,0,4
90400,edge_clean,0.1154327392578125,0,3,0.792729676140119,0.010009765625,0,0,0.1144256591796875,0,3,0.79970662755034,0.001953125,0,4
90572,noop,0.2367706298828125,0,2,0.5365727911323065,0.014892578125,0,4,0.2367706298828125,0,2,0.5365727911323065,0.014892578125,0,4
271703,rm_smallCC+edge_clean,0.1313018798828125,18,31,0.3282975014526438,0.0601806640625,0,0,0.1226043701171875,1,12,0.35158680771624146,0.0086669921875,0,4
91366,noop,0.2914581298828125,0,2,0.5662007224752631,0.0050048828125,0,6,0.2914581298828125,0,2,0.5662007224752631,0.0050048828125,0,6
91804,rm_smallCC+edge_clean,0.1483612060546875,25,35,0.4572662758407899,0.022705078125,0,0,0.142822265625,0,10,0.475,0.009521484375,0,4
91910,rm_smallCC+edge_clean,0.194244384765625,2,7,0.9211311861743912,0.0574951171875,0,0,0.1873931884765625,0,3,0.9548082403713053,0.0035400390625,0,3
92133,noop,0.175689697265625,0,4,0.3590411672746222,0.00927734375,0,4,0.175689697265625,0,4,0.3590411672746222,0.00927734375,0,4
92746,noop,0.1594085693359375,0,1,1.0,0.0155029296875,0,3,0.1594085693359375,0,1,1.0,0.0155029296875,0,3
93159,noop,0.3290557861328125,0,1,1.0,0.026123046875,0,0,0.3290557861328125,0,1,1.0,0.026123046875,0,0
95115,edge_clean,0.2944488525390625,0,3,0.5415349536197336,0.0543212890625,0,0,0.2941436767578125,0,3,0.5420967992944961,0.0518798828125,0,0
96710,rm_smallCC+edge_clean,0.1840667724609375,9,17,0.4347177319074857,0.039306640625,1,0,0.17987060546875,0,7,0.4448591788259247,0.0064697265625,0,5
97307,noop,0.2575225830078125,0,2,0.8563725780648219,0.0128173828125,0,0,0.2575225830078125,0,2,0.8563725780648219,0.0128173828125,0,0
98143,edge_clean,0.14837646484375,0,4,0.49012751953928424,0.023681640625,0,0,0.147369384765625,0,4,0.49347691033340235,0.015625,0,4
99587,noop,0.3922882080078125,0,2,0.9243844568050099,0.0037841796875,0,5,0.3922882080078125,0,2,0.9243844568050099,0.0037841796875,0,5
100174,noop,0.3544921875,0,1,1.0,0.0374755859375,0,0,0.3544921875,0,1,1.0,0.0374755859375,0,0
100356,edge_clean,0.21893310546875,0,4,0.3187900752718149,0.1904296875,0,0,0.2035980224609375,1,6,0.3428014689350221,0.0677490234375,0,4
276233,edge_clean,0.1024169921875,0,5,0.4913587604290822,0.015869140625,0,0,0.101715087890625,0,5,0.49474947494749477,0.01025390625,0,4
101883,noop,0.284088134765625,0,1,1.0,0.004150390625,0,5,0.284088134765625,0,1,1.0,0.004150390625,0,5
102183,rm_smallCC+edge_clean,0.221954345703125,3,6,0.6183830606352262,0.0113525390625,0,0,0.2211151123046875,0,2,0.6207301083431095,0.004638671875,0,1
102455,edge_clean,0.157806396484375,0,2,0.5590794817250049,0.104736328125,0,0,0.1554718017578125,0,2,0.567474727647463,0.0860595703125,0,3
103164,noop,0.356292724609375,0,1,1.0,0.0609130859375,0,0,0.356292724609375,0,1,1.0,0.0609130859375,0,0
103365,"crop(0, 0, 32, 32)+rm_smallCC+edge_clean",0.4224700927734375,4,8,0.8135225918301008,0.8082275390625,32,0,0.21055094401041666,5,11,0.4976326215093246,0.12848772321428573,3,0
103866,noop,0.41046142578125,0,3,0.6819330855018587,0.0753173828125,0,0,0.41046142578125,0,3,0.6819330855018587,0.0753173828125,0,0
104691,rm_smallCC+edge_clean,0.175811767578125,3,6,0.8195625759416768,0.07958984375,0,0,0.1717071533203125,0,2,0.8391540033768773,0.0467529296875,0,0
277913,rm_smallCC,0.248748779296875,2,3,0.9995706048337627,0.0391845703125,0,0,0.2486419677734375,0,1,1.0,0.0391845703125,0,0
105943,noop,0.3661956787109375,0,1,1.0,0.07080078125,0,0,0.3661956787109375,0,1,1.0,0.07080078125,0,0
105092,noop,0.34979248046875,0,1,1.0,0.0732421875,0,0,0.34979248046875,0,1,1.0,0.0732421875,0,0
278768,rm_smallCC+edge_clean,0.0565338134765625,2,5,0.8736842105263158,0.0550537109375,0,0,0.05029296875,0,2,0.9820995145631068,0.005615234375,0,0
109405,rm_smallCC+edge_clean,0.1030120849609375,3,10,0.6270182195230336,0.0458984375,0,0,0.0983428955078125,0,7,0.656788207913111,0.0093994140625,0,4
110080,edge_clean,0.3217315673828125,0,3,0.4746502252786341,0.0584716796875,0,0,0.3211822509765625,0,3,0.47546201719796666,0.0540771484375,0,0
111123,edge_clean,0.2313079833984375,0,3,0.7611320007916089,0.028076171875,0,0,0.22808837890625,0,2,0.7718758362322719,0.0023193359375,0,5
112971,edge_clean,0.2451171875,0,4,0.8143052788844621,0.028564453125,0,0,0.2441253662109375,0,4,0.8176136008500531,0.0206298828125,0,1
126260,noop,0.2950592041015625,0,1,1.0,0.0423583984375,0,0,0.2950592041015625,0,1,1.0,0.0423583984375,0,0
126429,rm_smallCC+edge_clean,0.2470855712890625,1,8,0.5015747545235596,0.0537109375,0,0,0.244384765625,0,7,0.5071178821178821,0.03564453125,0,4
126585,noop,0.323028564453125,0,4,0.867312234293812,0.0098876953125,0,4,0.323028564453125,0,4,0.867312234293812,0.0098876953125,0,4
126956,rm_smallCC+edge_clean,0.0890350341796875,3,7,0.6363324764353042,0.078369140625,0,0,0.0826416015625,0,3,0.6855612998522895,0.03125,0,0
286664,noop,0.379974365234375,0,2,0.9683961127620272,0.0804443359375,0,0,0.379974365234375,0,2,0.9683961127620272,0.0804443359375,0,0
127340,rm_smallCC,0.2519378662109375,3,9,0.9114529707467749,0.0089111328125,0,6,0.2506866455078125,0,6,0.9160021912471848,0.0078125,0,6
127639,rm_smallCC,0.3839263916015625,1,4,0.9294940582647748,0.029052734375,0,0,0.3838653564453125,0,3,0.929641849187105,0.029052734375,0,0
127836,noop,0.337005615234375,0,3,0.660961695191524,0.0274658203125,0,0,0.337005615234375,0,3,0.660961695191524,0.0274658203125,0,0
127983,edge_clean,0.3877410888671875,0,4,0.8274762897957577,0.035400390625,0,0,0.3868255615234375,0,4,0.8294347363023155,0.028076171875,0,0
128078,noop,0.1399993896484375,0,7,0.4219073569482289,0.0318603515625,0,0,0.1399993896484375,0,7,0.4219073569482289,0.0318603515625,0,0
130058,rm_smallCC+edge_clean,0.1981201171875,1,5,0.8973351817621689,0.070068359375,0,0,0.19671630859375,0,4,0.9037387527148619,0.05908203125,0,1
130572,rm_smallCC,0.168548583984375,1,6,0.4759188846641318,0.0020751953125,0,5,0.168487548828125,0,5,0.47609128781017934,0.0020751953125,0,5
130812,edge_clean,0.1855926513671875,0,4,0.5239661267779331,0.0047607421875,0,2,0.1854248046875,0,4,0.5244404213298223,0.00341796875,0,4
132586,rm_smallCC+edge_clean,0.1704559326171875,18,22,0.8873869841554024,0.0689697265625,0,0,0.1685791015625,1,4,0.8972664735698769,0.0604248046875,0,0
132614,noop,0.1259613037109375,0,3,0.9089036947304664,0.0264892578125,0,0,0.1259613037109375,0,3,0.9089036947304664,0.0264892578125,0,0
132642,rm_smallCC+edge_clean,0.1022186279296875,1,7,0.6792058516196448,0.0426025390625,0,0,0.1015167236328125,0,6,0.6839019990981512,0.037109375,0,1
134215,edge_clean,0.2178802490234375,0,4,0.5625744099726872,0.0245361328125,0,0,0.21746826171875,0,4,0.563640190850407,0.021240234375,0,0
134449,edge_clean,0.1966400146484375,0,5,0.8408473655621944,0.0418701171875,0,0,0.1936798095703125,0,4,0.8536988891515008,0.0181884765625,0,1
134567,edge_clean,0.252716064453125,0,3,0.4657650042265427,0.02783203125,0,0,0.2522430419921875,0,3,0.466638436876172,0.0240478515625,0,0
134610,edge_clean,0.2801666259765625,0,2,0.5441969391645335,0.024169921875,0,0,0.2798309326171875,0,2,0.5448497737063089,0.021484375,0,0
135297,rm_smallCC+edge_clean,0.2149200439453125,3,5,0.6954206602768903,0.0106201171875,0,0,0.2146148681640625,0,2,0.6964095271951654,0.0081787109375,0,0
135692,rm_smallCC+edge_clean,0.160125732421875,4,8,0.4989517819706499,0.01611328125,0,0,0.1591339111328125,0,4,0.502061559114009,0.0081787109375,0,1
290081,rm_smallCC+edge_clean,0.15643310546875,6,10,0.7857003511509949,0.0399169921875,0,0,0.1517181396484375,0,3,0.8101176707231218,0.00244140625,0,4
135374,rm_smallCC+edge_clean,0.36517333984375,1,7,0.3289737589837874,0.010986328125,0,0,0.3646392822265625,0,6,0.32945558019835125,0.0068359375,0,4
137962,noop,0.3734588623046875,0,1,1.0,0.0458984375,0,0,0.3734588623046875,0,1,1.0,0.0458984375,0,0
138629,rm_smallCC,0.3053436279296875,1,2,0.9993503573034831,0.101806640625,0,0,0.305145263671875,0,1,1.0,0.101806640625,0,0
137364,noop,0.3415985107421875,0,1,1.0,0.0262451171875,0,0,0.3415985107421875,0,1,1.0,0.0262451171875,0,0
138717,edge_clean,0.2364501953125,0,3,0.5882163138874549,0.05078125,0,0,0.2343292236328125,0,3,0.5935404050270235,0.0338134765625,0,1
139193,rm_smallCC+edge_clean,0.23211669921875,10,13,0.7778069944780437,0.0609130859375,0,0,0.2258148193359375,0,3,0.7995134806405838,0.010498046875,0,2
139701,noop,0.390716552734375,0,1,1.0,0.0205078125,0,5,0.390716552734375,0,1,1.0,0.0205078125,0,5
140764,noop,0.2484130859375,0,4,0.8974201474201474,0.0118408203125,0,0,0.2484130859375,0,4,0.8974201474201474,0.0118408203125,0,0
141065,edge_clean,0.1943359375,0,3,0.8764918341708543,0.05859375,0,0,0.1916961669921875,0,3,0.8885616492875905,0.0374755859375,0,0
188632,noop,0.387237548828125,0,1,1.0,0.06103515625,0,0,0.387237548828125,0,1,1.0,0.06103515625,0,0
189456,noop,0.1949462890625,0,3,0.7399029430181591,0.020263671875,0,0,0.1949462890625,0,3,0.7399029430181591,0.020263671875,0,0
190032,rm_smallCC+edge_clean,0.1497802734375,1,7,0.5387123064384678,0.0294189453125,0,0,0.1492767333984375,0,6,0.5405294899315138,0.0255126953125,0,0
191843,noop,0.2971649169921875,0,1,1.0,0.03515625,0,0,0.2971649169921875,0,1,1.0,0.03515625,0,0
192271,rm_smallCC+edge_clean,0.1878662109375,1,7,0.6235380116959064,0.031982421875,0,0,0.1843719482421875,0,5,0.6353554580816022,0.0047607421875,0,4
194217,rm_smallCC+edge_clean,0.18817138671875,4,12,0.6870742783003568,0.05224609375,0,0,0.181396484375,1,8,0.712735531628533,0.00146484375,0,4
194219,noop,0.4062042236328125,0,2,0.6023440141241877,0.042724609375,0,0,0.4062042236328125,0,2,0.6023440141241877,0.042724609375,0,0
197048,edge_clean,0.206634521484375,0,2,0.9743760153596219,0.0721435546875,1,0,0.2013397216796875,0,1,1.0,0.0277099609375,0,1
197228,rm_smallCC+edge_clean,0.1200408935546875,2,7,0.4154061268590314,0.02734375,0,0,0.11639404296875,0,4,0.42842160461457784,0.00048828125,0,7
315298,rm_smallCC+edge_clean,0.0922698974609375,3,14,0.34612204398875474,0.0452880859375,0,0,0.0880126953125,0,10,0.3628640776699029,0.014404296875,0,5
198260,edge_clean,0.3011932373046875,0,3,0.7491260955468869,0.0758056640625,0,0,0.2987060546875,0,3,0.7553637106661217,0.055908203125,0,2
198553,rm_smallCC+edge_clean,0.234375,30,40,0.7800130208333333,0.1973876953125,1,0,0.2165985107421875,11,21,0.8440295878830574,0.0709228515625,0,4
198774,rm_smallCC+edge_clean,0.2230682373046875,2,8,0.3937341815445653,0.2158203125,0,0,0.2067108154296875,1,7,0.4248911198051229,0.086669921875,0,3
199127,rm_smallCC+edge_clean,0.2881927490234375,14,21,0.6204267485572087,0.103759765625,0,0,0.2835845947265625,1,7,0.6305084745762712,0.0772705078125,0,1
200854,edge_clean,0.2978973388671875,0,3,0.679198893612662,0.0751953125,0,0,0.2951812744140625,0,3,0.6854484362884466,0.053466796875,0,1
201834,edge_clean,0.2534637451171875,0,3,0.46607669616519176,0.034423828125,0,0,0.2520599365234375,0,3,0.4686724377988982,0.023193359375,0,4
202808,rm_smallCC+edge_clean,0.0915069580078125,2,14,0.2019343004835751,0.0338134765625,0,0,0.087554931640625,0,11,0.21104914604391775,0.0042724609375,0,4
204306,"crop(12, 13, 0, 0)+edge_clean",0.4587249755859375,0,5,0.9692312809766158,0.9490966796875,13,0,0.36865868506493504,0,7,0.5289206917113893,0.564553388090349,3,0
317947,noop,0.4576263427734375,0,1,1.0,0.0303955078125,0,0,0.4576263427734375,0,1,1.0,0.0303955078125,0,0
206278,rm_smallCC+edge_clean,0.1175384521484375,5,12,0.48708295469297674,0.005126953125,0,1,0.1163177490234375,0,7,0.4921946740128558,0.00341796875,0,4
206312,rm_smallCC+edge_clean,0.3090972900390625,1,4,0.738411413338599,0.0482177734375,0,0,0.3077545166015625,0,3,0.7416331994645248,0.0377197265625,0,3
208512,rm_smallCC+edge_clean,0.170318603515625,1,5,0.5785701487188676,0.1490478515625,2,0,0.1533203125,3,6,0.6427149681528662,0.0054931640625,0,4
208686,edge_clean,0.2056884765625,0,2,0.6995548961424333,0.0216064453125,0,0,0.2054595947265625,0,2,0.7003341997772001,0.019775390625,0,0
209883,noop,0.4032135009765625,0,1,1.0,0.0751953125,0,0,0.4032135009765625,0,1,1.0,0.0751953125,0,0
210212,edge_clean,0.319000244140625,0,3,0.6482827896297714,0.05322265625,0,0,0.3180999755859375,0,3,0.6501175229049744,0.0460205078125,0,0
211398,noop,0.294952392578125,0,1,1.0,0.041748046875,0,0,0.294952392578125,0,1,1.0,0.041748046875,0,0
212246,rm_smallCC+edge_clean,0.152069091796875,1,7,0.5434477222556693,0.033447265625,0,0,0.147857666015625,0,5,0.5589267285861713,0.0,0,17
213601,rm_smallCC+edge_clean,0.0637969970703125,3,11,0.3071035637407319,0.023681640625,0,0,0.0604705810546875,0,7,0.323996971990916,0.002685546875,0,5
213231,edge_clean,0.2198944091796875,0,8,0.32322531399625287,0.0291748046875,0,0,0.21624755859375,0,7,0.3286762630539091,0.0,0,8
213382,edge_clean,0.2681732177734375,0,2,0.9572119487908961,0.0413818359375,0,0,0.2676849365234375,0,2,0.9589579889414581,0.0374755859375,0,0
213909,noop,0.380645751953125,0,1,1.0,0.0460205078125,0,0,0.380645751953125,0,1,1.0,0.0460205078125,0,0
321850,noop,0.3764190673828125,0,1,1.0,0.05224609375,0,0,0.3764190673828125,0,1,1.0,0.05224609375,0,0
160043,rm_smallCC+edge_clean,0.101837158203125,10,13,0.60263709919089,0.040283203125,0,0,0.0966033935546875,0,3,0.6352866845679987,0.00048828125,0,4
160108,edge_clean,0.10687255859375,0,16,0.22058823529411764,0.0283203125,0,1,0.1062164306640625,0,16,0.22195086912799886,0.0230712890625,0,4
160204,rm_smallCC+edge_clean,0.152557373046875,2,6,0.48719743948789757,0.069091796875,0,0,0.14447021484375,0,4,0.5144697929869032,0.0052490234375,0,4
160920,edge_clean,0.268310546875,0,5,0.6155027297543221,0.0338134765625,0,0,0.267730712890625,0,5,0.6168357460389833,0.0291748046875,0,0
161219,rm_smallCC+edge_clean,0.0491180419921875,2,19,0.17148182665424044,0.03125,0,0,0.0448455810546875,0,16,0.18781898604967676,0.0,0,23
161342,edge_clean,0.36578369140625,0,2,0.6824628733522443,0.0404052734375,0,0,0.365203857421875,0,2,0.6835464193197961,0.0357666015625,0,0
300555,rm_smallCC+edge_clean,0.2355804443359375,3,8,0.5258112572057776,0.0059814453125,0,3,0.2353973388671875,0,5,0.526220263174953,0.005615234375,0,4
161845,noop,0.3738250732421875,0,1,1.0,0.0369873046875,0,0,0.3738250732421875,0,1,1.0,0.0369873046875,0,0
164419,edge_clean,0.2140655517578125,0,8,0.28319908760424833,0.042724609375,0,0,0.213226318359375,0,8,0.28431372549019607,0.0360107421875,0,0
164614,rm_smallCC+edge_clean,0.2788848876953125,1,10,0.5359194616184275,0.069580078125,1,0,0.2718963623046875,1,9,0.5496941466973455,0.0118408203125,0,4
163917,rm_smallCC+edge_clean,0.15826416015625,3,13,0.36328576937909757,0.0645751953125,0,0,0.15264892578125,0,10,0.37664934026389446,0.0203857421875,0,4
166175,noop,0.216888427734375,0,1,1.0,0.025390625,0,0,0.216888427734375,0,1,1.0,0.025390625,0,0
166798,rm_smallCC,0.33355712890625,1,3,0.8210887465690759,0.0919189453125,0,0,0.333282470703125,0,2,0.8217654060983426,0.0919189453125,0,0
302893,noop,0.4272613525390625,0,1,1.0,0.0528564453125,0,0,0.4272613525390625,0,1,1.0,0.0528564453125,0,0
167938,edge_clean,0.2679443359375,0,2,0.5702164009111618,0.020751953125,0,0,0.26727294921875,0,2,0.5716487782598767,0.015380859375,0,4
168190,noop,0.35162353515625,0,1,1.0,0.18994140625,0,0,0.35162353515625,0,1,1.0,0.18994140625,0,0
168428,rm_smallCC+edge_clean,0.19451904296875,2,7,0.41975211797929085,0.058837890625,0,0,0.1881256103515625,0,5,0.4340173574499148,0.0087890625,0,4
168758,rm_smallCC+edge_clean,0.0789794921875,7,18,0.27743431221020093,0.0535888671875,0,0,0.0715789794921875,0,10,0.30611809848646343,0.00048828125,0,4
169648,noop,0.3599853515625,0,1,1.0,0.2076416015625,0,0,0.3599853515625,0,1,1.0,0.2076416015625,0,0
169650,noop,0.2835845947265625,0,1,1.0,0.04736328125,0,0,0.2835845947265625,0,1,1.0,0.04736328125,0,0
169820,rm_smallCC+edge_clean,0.1906890869140625,31,50,0.43370408898135554,0.04296875,0,0,0.185150146484375,0,19,0.4466787539146201,0.0245361328125,0,4
169914,rm_smallCC+edge_clean,0.264984130859375,5,12,0.47512380513647356,0.0260009765625,0,0,0.26385498046875,2,8,0.4771570668517233,0.0213623046875,0,0
170437,rm_smallCC+edge_clean,0.2110137939453125,1,6,0.695278038903753,0.0693359375,0,0,0.20989990234375,0,5,0.6989677231753416,0.0634765625,0,2
170735,noop,0.11285400390625,0,3,0.8994050838290968,0.0,0,22,0.11285400390625,0,3,0.8994050838290968,0.0,0,22
303964,noop,0.153533935546875,0,4,0.595905386603061,0.000732421875,0,7,0.153533935546875,0,4,0.595905386603061,0.000732421875,0,7
171581,rm_smallCC+edge_clean,0.2839813232421875,4,6,0.934716028155392,0.02587890625,0,0,0.2827606201171875,0,2,0.9387512816361773,0.020263671875,0,1
173559,rm_smallCC,0.1752777099609375,3,4,0.9995647253416906,0.0211181640625,0,0,0.175201416015625,0,1,1.0,0.0211181640625,0,0
172982,noop,0.1470794677734375,0,2,0.6871044714181969,0.0,0,13,0.1470794677734375,0,2,0.6871044714181969,0.0,0,13
173308,noop,0.2175750732421875,0,1,1.0,0.0399169921875,0,0,0.2175750732421875,0,1,1.0,0.0399169921875,0,0
175237,noop,0.22955322265625,0,4,0.5354294070725871,0.0,0,9,0.22955322265625,0,4,0.5354294070725871,0.0,0,9
175276,edge_clean,0.2388458251953125,0,4,0.49294065035456464,0.040771484375,0,0,0.2379302978515625,0,4,0.49483742705059963,0.033447265625,0,1
175645,noop,0.2124176025390625,0,2,0.9112132749084118,0.03076171875,0,0,0.2124176025390625,0,2,0.9112132749084118,0.03076171875,0,0
60927,noop,0.2686004638671875,0,2,0.9467704368573538,0.03369140625,0,3,0.2686004638671875,0,2,0.9467704368573538,0.03369140625,0,3
60245,rm_smallCC,0.3803253173828125,1,3,0.6942026078234704,0.0643310546875,0,0,0.3799896240234375,0,2,0.6948158856362687,0.0643310546875,0,0
60522,noop,0.183837890625,0,1,1.0,0.0189208984375,0,0,0.183837890625,0,1,1.0,0.0189208984375,0,0
259285,rm_smallCC+edge_clean,0.0778350830078125,13,24,0.4318761027249559,0.0509033203125,0,0,0.0710296630859375,2,10,0.4732545649838883,0.0010986328125,0,4
61384,rm_smallCC+edge_clean,0.160400390625,2,6,0.4686073059360731,0.086181640625,0,0,0.1507720947265625,0,4,0.49853253719259183,0.0096435546875,0,0
62073,noop,0.2759857177734375,0,1,1.0,0.0516357421875,0,0,0.2759857177734375,0,1,1.0,0.0516357421875,0,0
64390,rm_smallCC+edge_clean,0.0755767822265625,2,7,0.3949121744397335,0.0223388671875,0,0,0.0750885009765625,0,5,0.39748018695387116,0.0189208984375,0,0
64298,noop,0.3606414794921875,0,2,0.9629363232494182,0.04296875,0,0,0.3606414794921875,0,2,0.9629363232494182,0.04296875,0,0
68760,rm_smallCC+edge_clean,0.1719207763671875,11,13,0.9562438981095234,0.033203125,0,0,0.1677093505859375,0,2,0.9802565735601856,0.000732421875,0,4
68898,edge_clean,0.1849212646484375,0,3,0.5822262562917733,0.023193359375,0,3,0.18487548828125,0,3,0.5823704192802905,0.0228271484375,0,4
68900,edge_clean,0.187835693359375,0,3,0.586515028432169,0.0255126953125,0,3,0.1878204345703125,0,3,0.5865626777154928,0.025390625,0,4
69081,edge_clean,0.26678466796875,0,4,0.6453328757721345,0.0478515625,0,0,0.2651519775390625,0,4,0.6493065546411924,0.0347900390625,0,1
69092,noop,0.35009765625,0,6,0.3253138075313807,0.0960693359375,0,0,0.35009765625,0,6,0.3253138075313807,0.0960693359375,0,0
69517,rm_smallCC+edge_clean,0.1358184814453125,5,13,0.30670711156049885,0.0859375,1,0,0.1272430419921875,0,7,0.32737738337930206,0.0208740234375,0,4
69640,noop,0.2034149169921875,0,3,0.4473032780736629,0.01025390625,0,4,0.2034149169921875,0,3,0.4473032780736629,0.01025390625,0,4
69694,rm_smallCC+edge_clean,0.0593109130859375,1,6,0.3516851041934654,0.0211181640625,0,0,0.056671142578125,0,3,0.36806677436725904,0.0,0,15
69713,rm_smallCC+edge_clean,0.0888824462890625,6,11,0.5230901287553648,0.041748046875,0,0,0.0837860107421875,0,4,0.5549080313239847,0.0023193359375,0,4
263114,edge_clean,0.4185638427734375,0,2,0.6669097007035836,0.14111328125,0,0,0.41778564453125,0,2,0.6681519357195033,0.1346435546875,0,0
70914,"crop(0, 0, 20, 20)+rm_smallCC+edge_clean",0.4785308837890625,1,3,0.9919326552086987,0.9134521484375,20,0,0.36293764467592593,0,5,0.8855946982908964,0.6247351694915254,3,0
71453,noop,0.21478271484375,0,1,1.0,0.031005859375,0,0,0.21478271484375,0,1,1.0,0.031005859375,0,0
263780,rm_smallCC,0.203765869140625,1,2,0.9998502321401828,0.01220703125,0,2,0.2037353515625,0,1,1.0,0.01220703125,0,2
72816,rm_smallCC+edge_clean,0.20428466796875,13,15,0.9900657305049297,0.03759765625,0,0,0.2022552490234375,0,1,1.0,0.0291748046875,0,0
71818,edge_clean,0.1190032958984375,0,4,0.6629055007052186,0.01806640625,0,0,0.1170196533203125,0,3,0.6741426522362759,0.002197265625,0,6
74328,noop,0.230804443359375,0,3,0.5304773238133016,0.006103515625,0,5,0.230804443359375,0,3,0.5304773238133016,0.006103515625,0,5
74445,noop,0.31201171875,0,1,1.0,0.029296875,0,0,0.31201171875,0,1,1.0,0.029296875,0,0
74473,noop,0.146026611328125,0,2,0.9267502612330198,0.0245361328125,0,4,0.146026611328125,0,2,0.9267502612330198,0.0245361328125,0,4
74546,edge_clean,0.0910491943359375,0,5,0.4767890062007709,0.0421142578125,0,0,0.0866851806640625,1,5,0.5007921140644253,0.0072021484375,0,0
74188,edge_clean,0.273468017578125,0,3,0.6688985604285236,0.0533447265625,0,0,0.2727508544921875,0,3,0.6706573426573427,0.047607421875,0,0
75694,rm_smallCC+edge_clean,0.1381378173828125,15,18,0.9458742958135424,0.043701171875,1,0,0.13134765625,0,2,0.9947723048327137,0.008056640625,0,2
76092,edge_clean,0.1508941650390625,0,3,0.7147335423197492,0.0526123046875,0,0,0.148895263671875,0,3,0.7243287558926009,0.03662109375,0,1
76429,noop,0.1201629638671875,0,1,1.0,0.0208740234375,0,0,0.1201629638671875,0,1,1.0,0.0208740234375,0,0
76838,rm_smallCC+edge_clean,0.0760040283203125,1,5,0.8430034129692833,0.0184326171875,0,0,0.074005126953125,0,3,0.8657731958762886,0.0029296875,0,4
251189,edge_clean,0.311309814453125,0,2,0.8691794922066464,0.048583984375,0,0,0.3110504150390625,0,2,0.8699043414275203,0.0465087890625,0,0
41927,noop,0.312286376953125,0,1,1.0,0.0377197265625,0,0,0.312286376953125,0,1,1.0,0.0377197265625,0,0
43644,edge_clean,0.08978271484375,0,3,0.752549286199864,0.0225830078125,0,0,0.0873565673828125,0,2,0.7734497816593886,0.003173828125,0,0
45015,edge_clean,0.1983642578125,0,2,0.6071538461538462,0.052001953125,0,0,0.1978759765625,0,2,0.6086520666255398,0.048095703125,0,0
44197,noop,0.2144622802734375,0,1,1.0,0.0081787109375,0,4,0.2144622802734375,0,1,1.0,0.0081787109375,0,4
44544,rm_smallCC+edge_clean,0.19866943359375,16,25,0.30176651305683566,0.043212890625,0,0,0.1929931640625,2,10,0.3106419987349779,0.003662109375,0,4
44858,noop,0.2094879150390625,0,2,0.8092359239565883,0.0054931640625,0,5,0.2094879150390625,0,2,0.8092359239565883,0.0054931640625,0,5
44957,rm_smallCC+edge_clean,0.261505126953125,1,4,0.6947718520247403,0.0836181640625,1,0,0.2537994384765625,1,4,0.715866049419828,0.0223388671875,0,0
45632,rm_smallCC+edge_clean,0.151031494140625,5,14,0.34481713477470194,0.0235595703125,0,0,0.1477203369140625,0,7,0.35254622456357815,0.0,0,12
45942,rm_smallCC+edge_clean,0.1724853515625,23,36,0.34138358103326255,0.0577392578125,0,0,0.16473388671875,1,13,0.3574472026676547,0.00244140625,0,4
46373,edge_clean,0.2916412353515625,0,2,0.6855543347459844,0.0491943359375,0,0,0.2910308837890625,0,2,0.6869920830493368,0.0443115234375,0,0
46728,rm_smallCC,0.203857421875,1,3,0.8119760479041916,0.0706787109375,0,0,0.203826904296875,0,2,0.8120976194041024,0.0706787109375,0,0
48503,noop,0.2682342529296875,0,2,0.9963024062802207,0.0145263671875,0,4,0.2682342529296875,0,2,0.9963024062802207,0.0145263671875,0,4
50006,edge_clean,0.125091552734375,0,3,0.6571114906074652,0.0223388671875,0,3,0.1250762939453125,0,3,0.6571916554837135,0.022216796875,0,3
49467,rm_smallCC+edge_clean,0.1397552490234375,1,9,0.3327874222076646,0.0101318359375,0,0,0.139190673828125,0,8,0.334137250602938,0.0064697265625,0,4
254540,noop,0.2859649658203125,0,1,1.0,0.03271484375,0,0,0.2859649658203125,0,1,1.0,0.03271484375,0,0
50203,noop,0.3574371337890625,0,1,1.0,0.0384521484375,0,3,0.3574371337890625,0,1,1.0,0.0384521484375,0,3
51203,noop,0.30364990234375,0,1,1.0,0.01904296875,0,0,0.30364990234375,0,1,1.0,0.01904296875,0,0
52422,noop,0.3698883056640625,0,1,1.0,0.0987548828125,0,0,0.3698883056640625,0,1,1.0,0.0987548828125,0,0
52519,rm_smallCC+edge_clean,0.2069244384765625,2,5,0.5258461765356537,0.0413818359375,0,0,0.2037811279296875,0,2,0.5339573193560464,0.016357421875,0,4
256420,noop,0.24078369140625,0,1,1.0,0.0145263671875,0,0,0.24078369140625,0,1,1.0,0.0145263671875,0,0
256580,noop,0.1571807861328125,0,3,0.8982623046306184,0.0321044921875,0,0,0.1571807861328125,0,3,0.8982623046306184,0.0321044921875,0,0
256666,rm_smallCC+edge_clean,0.1177978515625,4,8,0.44766839378238343,0.0267333984375,0,0,0.114837646484375,0,3,0.4592080786606431,0.00732421875,0,5
54215,rm_smallCC+edge_clean,0.187896728515625,1,5,0.8478967029397434,0.051513671875,0,0,0.184814453125,0,3,0.8620376486129459,0.028076171875,0,0
54372,rm_smallCC+edge_clean,0.1717071533203125,2,4,0.7214076246334311,0.0247802734375,0,0,0.1708221435546875,0,2,0.7251451540866458,0.020751953125,0,1
55079,rm_smallCC+edge_clean,0.1363067626953125,5,7,0.9427963729989925,0.061279296875,0,0,0.129913330078125,0,2,0.9891942682640357,0.0159912109375,0,0
57149,rm_smallCC,0.201995849609375,1,4,0.8213476355945006,0.0181884765625,0,2,0.2017364501953125,0,3,0.8224037516072914,0.0181884765625,0,2
57493,edge_clean,0.1695709228515625,0,2,0.5655538558445065,0.0313720703125,0,0,0.1692962646484375,0,2,0.5664713835060838,0.0291748046875,0,0
57884,rm_smallCC+edge_clean,0.14727783203125,1,6,0.428201409034397,0.0234375,0,0,0.14642333984375,0,5,0.4307002917882451,0.0167236328125,0,4
58181,rm_smallCC+edge_clean,0.28973388671875,62,79,0.42226669475458184,0.105224609375,0,0,0.279876708984375,2,17,0.4371388071093665,0.0867919921875,0,0
58792,rm_smallCC,0.2380523681640625,2,3,0.9990385231715916,0.075927734375,0,0,0.237823486328125,0,1,1.0,0.0748291015625,0,0
60881,rm_smallCC+edge_clean,0.1617279052734375,3,6,0.7377111048212095,0.127197265625,0,0,0.146820068359375,0,4,0.8126169195593431,0.0086669921875,0,4
3226,noop,0.0772857666015625,0,3,0.6136229022704837,0.0242919921875,0,0,0.0772857666015625,0,3,0.6136229022704837,0.0242919921875,0,0
3419,noop,0.2236175537109375,0,1,1.0,0.0634765625,0,0,0.2236175537109375,0,1,1.0,0.0634765625,0,0
5491,noop,0.307098388671875,0,1,1.0,0.07080078125,0,0,0.307098388671875,0,1,1.0,0.07080078125,0,0
236253,rm_smallCC+edge_clean,0.0659027099609375,3,11,0.26070849733734663,0.0069580078125,0,3,0.065704345703125,0,8,0.26149558755225266,0.00634765625,0,4
9281,noop,0.084869384765625,0,1,1.0,0.005126953125,0,4,0.084869384765625,0,1,1.0,0.005126953125,0,4
6375,edge_clean,0.0975189208984375,0,3,0.9239555625097794,0.03564453125,0,0,0.0930633544921875,0,2,0.9681915068043941,0.0,0,11
3756,rm_smallCC+edge_clean,0.190887451171875,11,16,0.5091127098321343,0.1253662109375,0,0,0.1845245361328125,0,5,0.526668320516001,0.0758056640625,0,4
4207,edge_clean,0.130859375,0,3,0.39342350746268656,0.04833984375,0,0,0.1289215087890625,0,3,0.3993371996685998,0.0328369140625,0,4
235132,rm_smallCC+edge_clean,0.2686309814453125,1,6,0.4481113320079523,0.0191650390625,0,0,0.268096923828125,0,5,0.44900398406374503,0.015625,0,2
6774,noop,0.1609039306640625,0,1,1.0,0.017578125,0,0,0.1609039306640625,0,1,1.0,0.017578125,0,0
6139,noop,0.4979248046875,0,1,1.0,0.0989990234375,0,2,0.4979248046875,0,1,1.0,0.0989990234375,0,2
8647,rm_smallCC+edge_clean,0.1539154052734375,78,88,0.6016655100624566,0.1103515625,0,0,0.133331298828125,8,17,0.6945525291828794,0.0467529296875,0,0
11613,edge_clean,0.1947479248046875,0,2,0.9374755151610124,0.0867919921875,1,0,0.1894989013671875,0,2,0.9634431113616233,0.0438232421875,0,0
12431,rm_smallCC+edge_clean,0.253021240234375,2,6,0.5186949704498854,0.03857421875,0,0,0.25250244140625,0,4,0.5197606961566352,0.03466796875,0,0
15128,rm_smallCC,0.152801513671875,14,18,0.4487717195925704,0.037109375,0,0,0.1503753662109375,0,4,0.4560121765601218,0.03125,0,0
240547,rm_smallCC+edge_clean,0.1379852294921875,29,41,0.38980426849496846,0.089111328125,0,0,0.125,3,15,0.4302978515625,0.018310546875,0,4
16712,edge_clean,0.16925048828125,0,5,0.38766678687342226,0.0755615234375,0,0,0.161163330078125,0,5,0.40711986366218517,0.0108642578125,0,4
17044,edge_clean,0.1277008056640625,0,2,0.6950651212809177,0.0205078125,0,0,0.1275482177734375,0,2,0.6958966383538701,0.019287109375,0,0
241499,rm_smallCC+edge_clean,0.147430419921875,3,9,0.3507555371558683,0.0377197265625,0,0,0.1459197998046875,0,6,0.3543866987347067,0.02587890625,0,1
17594,noop,0.1753997802734375,0,3,0.6615919965202262,0.0050048828125,0,4,0.1753997802734375,0,3,0.6615919965202262,0.0050048828125,0,4
241762,noop,0.2604827880859375,0,2,0.7189385507585965,0.011962890625,0,3,0.2604827880859375,0,2,0.7189385507585965,0.011962890625,0,3
241802,rm_smallCC,0.2755126953125,3,4,0.9966770048737262,0.0283203125,0,0,0.27459716796875,0,1,1.0,0.0283203125,0,0
19003,rm_smallCC+edge_clean,0.2572479248046875,286,320,0.2256361587282757,0.187744140625,0,0,0.2230682373046875,0,34,0.26020931664272523,0.1793212890625,0,0
18853,edge_clean,0.143341064453125,0,3,0.41973600170321484,0.0098876953125,0,2,0.1432037353515625,0,3,0.4201385189131593,0.0087890625,0,4
19594,noop,0.2706298828125,0,4,0.3622011727559765,0.00341796875,0,5,0.2706298828125,0,4,0.3622011727559765,0.00341796875,0,5
19789,edge_clean,0.2153472900390625,0,4,0.6033444342095939,0.0826416015625,0,0,0.2151031494140625,0,4,0.6040292260764701,0.0787353515625,0,0
20422,rm_smallCC+edge_clean,0.2283172607421875,14,25,0.34411548486266125,0.05322265625,0,0,0.2238006591796875,1,11,0.3510602031772005,0.033203125,0,0
20198,rm_smallCC+edge_clean,0.1907501220703125,1,3,0.5359571234301256,0.0284423828125,0,0,0.189971923828125,0,2,0.5381526104417671,0.0224609375,0,1
20538,edge_clean,0.142181396484375,0,3,0.5328396651641983,0.0238037109375,0,3,0.1421051025390625,0,3,0.5331257382153979,0.023193359375,0,4
20994,edge_clean,0.1180419921875,0,4,0.4781540847983454,0.031494140625,0,0,0.11773681640625,0,4,0.47939346811819594,0.029052734375,0,0
21675,noop,0.2315216064453125,0,4,0.6702036512225664,0.0242919921875,0,1,0.2315216064453125,0,4,0.6702036512225664,0.0242919921875,0,1
23506,rm_smallCC,0.3284454345703125,2,3,0.9993031358885017,0.0308837890625,0,0,0.328216552734375,0,1,1.0,0.0308837890625,0,0
