image_path,calligrapher,script,character,calligrapher_id,script_id,character_id,glyph_id,aug,std_path,source,src_image_path,slot_name,pair_id,img_id
data/top10_style23/imgs/014673.png,何绍基,隶,事,53,4,28327,28327,,data/top10_style23/std/014673.png,hcsu_wild,data/hcsu_kxl/imgs/wild/何绍基-隶/事.png,何绍基_隶,2,14673
data/top10_style23/imgs/005443.png,文徵明,行,栖,365,3,2590,23668,,data/top10_style23/std/005443.png,final_imgs_fame_v8,data/fame-kxl-tj-px60/imgs/110270.png,文徵明_行,4,5443
data/top10_style23/imgs/011906.png,柳公权,楷,夢,461,0,1182,1182,,data/top10_style23/std/011906.png,final_imgs_fame_v8,data/fame-kxl-tj-px60/imgs/255936.png,柳公权_楷,6,11906
data/top10_style23/imgs/016406.png,欧阳询,楷,午,479,0,28830,28830,,data/top10_style23/std/016406.png,hcsu_wild,data/hcsu_kxl/imgs/wild/欧阳询-楷/午.png,欧阳询_楷,8,16406
data/top10_style23/imgs/021326.png,欧阳询,行,仔,479,3,55851,55851,,data/top10_style23/std/021326.png,hcsu_tie,data/hcsu_kxl/imgs/tie/欧阳询-行/仔.png,欧阳询_行,9,21326
data/top10_style23/imgs/003313.png,王羲之,楷,帶,601,0,1602,1602,,data/top10_style23/std/003313.png,final_imgs_fame_v8,data/fame-kxl-tj-px60/imgs/72339.png,王羲之_楷,10,3313
data/top10_style23/imgs/035627.png,王羲之,行,由,601,3,3591,3591,,data/top10_style23/std/035627.png,mccd_salvage,G:\GitHub\DiT\MCCD\MCCD\MCCD-Calligrapher\calligrapher_dataset\王羲之\由-行-晋-王羲之-48442.png,王羲之_行,11,35627
data/top10_style23/imgs/009883.png,米芾,行,載,672,3,5539,26617,,data/top10_style23/std/009883.png,final_imgs_fame_v8,data/fame-kxl-tj-px60/imgs/314077.png,米芾_行,13,9883
data/top10_style23/imgs/010946.png,苏轼,楷,非,703,0,6184,6184,,data/top10_style23/std/010946.png,final_imgs_fame_v8,data/fame-kxl-tj-px60/imgs/214007.png,苏轼_楷,14,10946
data/top10_style23/imgs/004289.png,苏轼,行,我,703,3,1997,23075,,data/top10_style23/std/004289.png,final_imgs_fame_v8,data/fame-kxl-tj-px60/imgs/270758.png,苏轼_行,15,4289
data/top10_style23/imgs/009908.png,褚遂良,楷,輪,760,0,5551,5551,,data/top10_style23/std/009908.png,final_imgs_fame_v8,data/fame-kxl-tj-px60/imgs/195352.png,褚遂良_楷,16,9908
data/top10_style23/imgs/011741.png,褚遂良,行,別,760,3,602,21680,,data/top10_style23/std/011741.png,final_imgs_fame_v8,data/fame-kxl-tj-px60/imgs/246121.png,褚遂良_行,17,11741
data/top10_style23/imgs/036488.png,赵孟頫,楷,卣,9001,0,743,743,,data/top10_style23/std/036488.png,mccd_salvage,G:\GitHub\DiT\MCCD\MCCD\MCCD-Calligrapher\calligrapher_dataset\赵孟𫖯\卣-楷-元-赵孟𫖯-37416.png,赵孟頫_楷,18,36488
data/top10_style23/imgs/037018.png,赵孟頫,隶,機,9001,4,23580,56360,,data/top10_style23/std/037018.png,mccd_salvage,G:\GitHub\DiT\MCCD\MCCD\MCCD-Calligrapher\calligrapher_dataset\赵孟𫖯\機-隶-元-赵孟𫖯-17116.png,赵孟頫_隶,20,37018
data/top10_style23/imgs/002610.png,颜真卿,楷,孔,956,0,1333,1333,,data/top10_style23/std/002610.png,final_imgs_fame_v8,data/fame-kxl-tj-px60/imgs/58953.png,颜真卿_楷,21,2610
data/top10_style23/imgs/004511.png,颜真卿,行,授,956,3,2148,23226,,data/top10_style23/std/004511.png,final_imgs_fame_v8,data/fame-kxl-tj-px60/imgs/92698.png,颜真卿_行,22,4511
data/top10_style23/imgs/004733.png,文徵明,隶,敦,365,4,2294,30398,,data/top10_style23/std/004733.png,final_imgs_fame_v8,data/fame-kxl-tj-px60/imgs/96789.png,文徵明_隶,5,4733
data/top10_style23/imgs/016154.png,柳公权,行,职,461,3,55126,55126,,data/top10_style23/std/016154.png,hcsu_wild,data/hcsu_kxl/imgs/wild/柳公权-行/职.png,柳公权_行,7,16154
data/top10_style23/imgs/008313.png,米芾,楷,聖,672,0,4479,4479,,data/top10_style23/std/008313.png,final_imgs_fame_v8,data/fame-kxl-tj-px60/imgs/166796.png,米芾_楷,12,8313
data/top10_style23/imgs/037291.png,赵孟頫,行,稚,9001,3,3973,3973,,data/top10_style23/std/037291.png,mccd_salvage,G:\GitHub\DiT\MCCD\MCCD\MCCD-Calligrapher\calligrapher_dataset\赵孟𫖯\稚-行-元-赵孟𫖯-64099.png,赵孟頫_行,19,37291
