img_id,reasons
100903,edge:0.895
100361,edge:0.913
100369,edge:0.690
100376,edge:0.948
100555,edge:0.695
100563,edge:0.917
10046,main_frac:0.248
100474,edge:0.861
100495,blobs:66
100171,edge:0.936
100175,edge:0.972
100591,edge:0.801
100660,main_frac:0.240
10067,edge:0.680
101114,edge:0.879
10121,edge:0.764
101485,blobs:74
102166,main_frac:0.236
102201,edge:0.880
102648,blobs:52
102799,blobs:81
102806,blobs:61
102919,blobs:61
103104,blobs:65
103136,edge:0.726
103338,blobs:65
103365,edge:0.808
103671,edge:0.983
103817,main_frac:0.210
103833,edge:0.676
103976,edge:0.869
104042,main_frac:0.220
104325,edge:0.925
103929,main_frac:0.186
103955,blobs:55
103962,main_frac:0.203
104108,main_frac:0.169
104133,main_frac:0.226
10443,blobs:106
104217,blobs:158
104286,main_frac:0.206
104306,main_frac:0.169
10471,ink_lo:0.032;main_frac:0.246
104930,edge:0.721
104975,blobs:53
105217,main_frac:0.243
105218,blobs:55
105221,edge:0.728
105309,main_frac:0.243
105312,edge:0.728
105352,edge:0.977
105130,main_frac:0.199
105014,blobs:54
105015,blobs:76
105017,edge:0.682
105453,main_frac:0.186
105812,blobs:53
106108,blobs:77
106116,edge:0.675
106090,blobs:51
106641,edge:0.934
106708,edge:0.894
106792,main_frac:0.210
106937,edge:0.963
106894,main_frac:0.225
107091,edge:0.805
107601,ink_hi:0.506
107889,blobs:118
107960,edge:0.932
10830,blobs:54
108322,edge:0.774
108334,blobs:58
108344,main_frac:0.245
108548,edge:0.972
10892,edge:0.715
109025,edge:0.806
109706,edge:0.848
11010,blobs:125
110273,edge:0.904
110521,main_frac:0.189
110461,main_frac:0.185
110750,edge:0.915
111001,edge:0.916
111020,blobs:55
111222,main_frac:0.247
111468,main_frac:0.240
111516,edge:0.927
111530,blobs:71
111893,edge:0.878
112517,main_frac:0.246
112521,main_frac:0.216
112830,main_frac:0.236
112850,edge:0.928
112862,main_frac:0.218
112969,edge:0.930
112996,edge:0.727
113282,main_frac:0.243
113307,main_frac:0.236
113411,main_frac:0.245
113478,edge:0.931
113603,blobs:168
113918,main_frac:0.166
114139,main_frac:0.207
114292,edge:0.867
114335,main_frac:0.195
114055,main_frac:0.217
114097,blobs:106
114499,blobs:93
114428,main_frac:0.231
114567,edge:0.636
114568,main_frac:0.249
114651,blobs:92;main_frac:0.178
114772,main_frac:0.219
114855,main_frac:0.238
114859,blobs:206
114919,main_frac:0.193
114964,blobs:99;edge:0.772
115434,blobs:196
115816,ink_lo:0.027
115983,main_frac:0.227
116030,main_frac:0.197
115898,main_frac:0.197
116116,main_frac:0.227
116159,main_frac:0.245
116181,blobs:99
116272,edge:0.829
116216,main_frac:0.210
116535,blobs:78
116671,edge:0.932
117006,main_frac:0.217
117125,main_frac:0.245
117133,main_frac:0.205
117052,blobs:209;main_frac:0.223
117179,main_frac:0.205
117240,edge:0.833
117254,main_frac:0.210
117730,blobs:99
117831,blobs:99
118390,blobs:68
118553,blobs:234
119030,blobs:176
119042,edge:0.666
119301,blobs:65
119303,main_frac:0.244
119806,edge:0.964
120018,blobs:218
120027,blobs:61
120720,edge:0.615
120800,ink_lo:0.036;main_frac:0.221
120997,main_frac:0.168
12104,main_frac:0.238
121208,main_frac:0.236
121478,main_frac:0.201
121543,blobs:97;edge:0.793
121864,main_frac:0.238
121896,edge:0.830
121943,main_frac:0.244
122142,edge:0.843
122181,blobs:164
122368,blobs:56
122502,edge:0.639
122506,blobs:69;edge:0.760
122572,main_frac:0.202
122573,blobs:84;edge:0.854
122695,main_frac:0.233
122977,main_frac:0.216
123034,main_frac:0.248
123073,blobs:51
123278,blobs:122
123102,edge:0.560;main_frac:0.247
123137,edge:0.889
123553,edge:0.620
124360,main_frac:0.248
12415,edge:0.656
124494,blobs:51
124421,main_frac:0.238
124467,main_frac:0.177
124653,main_frac:0.247
124538,edge:0.881
124796,main_frac:0.190
124986,edge:0.831
125042,main_frac:0.232
125285,main_frac:0.177
12530,blobs:104
125492,blobs:118
126082,edge:0.889
125985,edge:0.895
126240,main_frac:0.194
126339,main_frac:0.221
126560,edge:0.940
126626,edge:0.958
126690,main_frac:0.239
126730,main_frac:0.230
126787,edge:0.918
126843,edge:0.609
126944,main_frac:0.227
127200,blobs:63
127492,main_frac:0.223
127559,main_frac:0.237
127585,main_frac:0.231
127589,main_frac:0.228
127805,main_frac:0.214
128056,edge:0.786
128100,main_frac:0.244
128106,main_frac:0.239
128117,main_frac:0.231
128221,main_frac:0.141
128222,main_frac:0.183
128223,main_frac:0.129
128225,main_frac:0.215
128169,blobs:92;main_frac:0.181
128323,edge:0.945
128375,blobs:136
128502,edge:0.887
128552,blobs:80;edge:0.420;main_frac:0.223
128559,blobs:80;edge:0.420;main_frac:0.223
128650,main_frac:0.196
128849,edge:0.876
128711,main_frac:0.190
128712,main_frac:0.188
128950,edge:0.626
128951,edge:0.587
129061,edge:0.543
129079,edge:0.568
129343,blobs:62
129697,blobs:63
129706,blobs:66
129826,main_frac:0.225
129857,main_frac:0.242
130001,main_frac:0.227
130079,edge:0.719
13009,edge:0.676
130193,blobs:72;edge:0.617
130230,blobs:74
130298,main_frac:0.199
130622,main_frac:0.232
130636,blobs:78
130674,edge:0.545;main_frac:0.230
130693,main_frac:0.231
130695,main_frac:0.237
130941,main_frac:0.245
130984,blobs:78
131011,edge:0.533
131014,edge:0.541
131058,main_frac:0.238
131083,main_frac:0.197
131178,main_frac:0.249
131179,edge:0.469
131385,main_frac:0.235
131519,edge:0.973
131680,main_frac:0.176
13169,main_frac:0.129
131728,main_frac:0.230
131563,main_frac:0.200
131653,main_frac:0.190
131656,edge:0.553;main_frac:0.184
131774,main_frac:0.211
131808,main_frac:0.243
131910,edge:0.978
131976,main_frac:0.246
132259,blobs:62
132619,blobs:63
132626,blobs:66
132729,main_frac:0.230
132802,edge:0.619
133019,edge:0.465
133096,blobs:63
133347,edge:0.800
133378,edge:0.606
133892,blobs:60
133983,edge:0.563
134338,edge:0.620
13444,edge:0.678
134616,edge:0.684
13471,blobs:111
135014,blobs:54
135151,blobs:60
135180,blobs:58;edge:0.518
135286,edge:0.578
135424,edge:0.937
135440,edge:0.933
135495,edge:0.956
135561,main_frac:0.239
135694,blobs:68
135827,edge:0.596
136633,edge:0.646
136718,edge:0.572
137001,edge:0.559
137003,edge:0.588
137004,edge:0.627
137056,ink_hi:0.504
137064,edge:0.946
137069,edge:0.914
137082,edge:0.946
137436,edge:0.560
137438,edge:0.619
137556,main_frac:0.229
137609,main_frac:0.248
137610,edge:0.695
137614,edge:0.941
137862,blobs:52
137968,edge:0.374
138103,main_frac:0.245
138136,main_frac:0.244
138153,main_frac:0.246
138357,edge:0.617
138420,main_frac:0.241
13863,blobs:124
138749,edge:0.858
138750,edge:0.628
139367,edge:0.953
139373,edge:0.498
139377,edge:0.588
139394,blobs:57
139542,edge:0.584
139635,edge:0.940
139644,edge:0.917
139645,edge:0.914
139693,edge:0.570
139934,blobs:67
140390,edge:0.564
140430,main_frac:0.159
140439,edge:0.607
14047,edge:0.792
140665,edge:0.905
140677,edge:0.907
140679,edge:0.935
140599,edge:0.584
140853,edge:0.562
140897,blobs:56
141106,edge:0.931
141276,edge:0.841
141293,main_frac:0.232
141533,blobs:63;edge:0.481
141571,edge:0.564
141664,edge:0.600
141669,edge:0.590;main_frac:0.248
141828,edge:0.957
141831,main_frac:0.233
141757,edge:0.569
141779,main_frac:0.221
141899,main_frac:0.240
141990,main_frac:0.234
142217,main_frac:0.247
142264,edge:0.549
142280,main_frac:0.242
142366,edge:0.738
14238,edge:0.674
142500,edge:0.949
14268,blobs:271
142816,main_frac:0.153
142861,main_frac:0.160
142932,main_frac:0.196
142955,edge:0.934
14325,blobs:113
143339,main_frac:0.235
143366,main_frac:0.235
143568,edge:0.957
143576,ink_lo:0.037
143618,edge:0.598
14364,ink_lo:0.029
143719,edge:0.889
144099,ink_lo:0.033
144226,edge:0.583
144241,edge:0.654
144540,edge:0.747
144542,edge:0.365
144749,main_frac:0.225
144835,ink_hi:0.502
14486,edge:0.641
145261,blobs:51
145321,edge:0.959
145404,blobs:94
145600,edge:0.901
145517,edge:0.637
145622,edge:0.572
145753,ink_hi:0.502
146027,edge:0.960
146139,main_frac:0.199
146193,edge:0.543;main_frac:0.208
14629,edge:0.682
146587,edge:0.906
146690,edge:0.906
146852,main_frac:0.237
146976,ink_hi:0.501
146991,main_frac:0.208
147054,blobs:238
147196,edge:0.948
147398,edge:0.566
147439,edge:0.701
147699,main_frac:0.210
147652,edge:0.565;main_frac:0.203
147654,edge:0.562
147666,main_frac:0.158
147670,main_frac:0.211
147837,edge:0.585
14785,edge:0.486
148007,edge:0.572
148163,edge:0.662
148247,blobs:68
148399,edge:0.977
14842,edge:0.590;main_frac:0.248
148458,edge:0.684
148679,edge:0.533
148724,ink_hi:0.502
148728,edge:0.607
148848,ink_hi:0.502
148929,edge:0.590;main_frac:0.216
148931,edge:0.570
148960,blobs:342
148963,blobs:65
149019,edge:0.546
149089,ink_hi:0.501;blobs:56
149124,edge:0.862
149224,main_frac:0.214
149481,edge:0.916
149491,edge:0.634
149493,edge:0.547
149497,edge:0.365
149940,blobs:59;main_frac:0.216
150056,main_frac:0.248
15024,edge:0.729
150470,edge:0.365
15050,blobs:63
150531,edge:0.565
150773,main_frac:0.209
150800,edge:0.584;main_frac:0.208
150870,main_frac:0.228
150903,main_frac:0.209
150916,main_frac:0.221
150919,main_frac:0.207
151104,edge:0.941
151310,main_frac:0.145
15163,blobs:58
151754,edge:0.649
151985,blobs:103
152194,edge:0.632
152318,blobs:51
152613,edge:0.573
152683,edge:0.646
152715,edge:0.711
152782,main_frac:0.226
153113,edge:0.562
153218,blobs:83
153393,blobs:62
153419,blobs:93
153534,main_frac:0.176
153458,edge:0.968
153655,edge:0.549
153760,main_frac:0.204
154006,edge:0.600;main_frac:0.241
154090,edge:0.591
154092,main_frac:0.202
154205,edge:0.919
154408,edge:0.666
154665,edge:0.515
154814,edge:0.723
154882,edge:0.903
15505,main_frac:0.243
15506,blobs:84
155074,edge:0.580;main_frac:0.222
155091,main_frac:0.247
155135,ink_hi:0.502
155193,main_frac:0.246
15552,edge:0.714
155640,edge:0.513
155700,edge:0.604
155749,main_frac:0.234
155877,edge:0.690
155878,edge:0.626
155881,edge:0.502
155882,edge:0.595
155985,main_frac:0.218
156366,main_frac:0.147
15645,edge:0.655
156530,edge:0.604
156622,main_frac:0.230
156623,main_frac:0.154
156633,edge:0.615
156645,main_frac:0.243
156810,main_frac:0.208
156827,main_frac:0.176
156709,edge:0.482
156891,main_frac:0.184
156912,edge:0.631
156942,blobs:56
156962,edge:0.671
157018,main_frac:0.207
157100,main_frac:0.227
157039,main_frac:0.229
157439,main_frac:0.158
157542,main_frac:0.230
157555,main_frac:0.129
15757,edge:0.637
157591,edge:0.531
157729,edge:0.621
157699,edge:0.377
15770,blobs:74
157700,edge:0.597
157781,blobs:78;edge:0.788
15783,edge:0.663
158081,edge:0.477
158311,edge:0.962
158501,main_frac:0.205
158544,blobs:57
15878,blobs:100;main_frac:0.218
158886,edge:0.581
158892,edge:0.610
158922,blobs:66
159010,edge:0.419
159206,edge:0.595
159255,edge:0.810
159503,main_frac:0.250
15973,edge:0.600
159894,main_frac:0.189
159978,main_frac:0.225
160108,main_frac:0.221
160602,main_frac:0.216
160712,edge:0.939
160750,main_frac:0.228
161299,edge:0.679
161313,main_frac:0.193
161333,main_frac:0.227
161219,main_frac:0.172
161460,main_frac:0.173
161472,edge:0.678
161473,edge:0.584;main_frac:0.237
161491,blobs:67
161527,main_frac:0.185
161692,blobs:120
161773,blobs:51;main_frac:0.164
161774,main_frac:0.125
161782,main_frac:0.239
161816,blobs:104;edge:0.759
161882,main_frac:0.246
161892,edge:0.912
161900,edge:0.897
161903,edge:0.887
162445,edge:0.531
162679,edge:0.400
162907,edge:0.383
162956,edge:0.951
163193,blobs:53
16309,edge:0.570
163096,main_frac:0.241
163109,blobs:60
163691,blobs:69
163753,ink_hi:0.500
163758,edge:0.931
163797,edge:0.401
163855,edge:0.778
164026,edge:0.883
164059,main_frac:0.233
164091,edge:0.971
164186,main_frac:0.241
164122,blobs:79;edge:0.709
164144,ink_hi:0.506;edge:0.353
164303,main_frac:0.175
164242,blobs:90
164507,main_frac:0.179
164551,main_frac:0.218
164565,main_frac:0.220
164625,edge:0.709
164647,edge:0.950
164741,blobs:67
164742,main_frac:0.165
164743,blobs:51
164682,main_frac:0.211
164883,edge:0.697
164850,main_frac:0.213
164981,main_frac:0.234
165297,edge:0.544
166313,edge:0.642
166405,edge:0.541
166498,ink_lo:0.038
166540,blobs:53
166557,main_frac:0.214
166605,edge:0.551
16670,blobs:59;edge:0.726
166764,edge:0.871
166771,main_frac:0.242
166952,edge:0.925
166953,edge:0.887
166996,main_frac:0.196
167035,main_frac:0.231
16716,main_frac:0.228
167208,main_frac:0.243
167239,main_frac:0.125
167321,blobs:52
167398,main_frac:0.176
167411,edge:0.959
167431,edge:0.793
167605,blobs:79
167682,edge:0.585
16785,edge:0.559
167772,edge:0.816
167937,edge:0.640
168004,edge:0.842
168006,edge:0.815
168169,main_frac:0.239
168371,edge:0.565
168409,edge:0.798
16850,edge:0.538
168711,edge:0.833
168630,main_frac:0.189
168553,edge:0.560
168761,main_frac:0.217
168908,edge:0.894
168910,main_frac:0.202
169025,edge:0.633
169037,main_frac:0.182
169086,main_frac:0.219
169164,blobs:249;main_frac:0.198
169168,edge:0.946
169386,ink_lo:0.037;main_frac:0.141
169301,main_frac:0.170
169306,edge:0.562
169412,blobs:74
169620,main_frac:0.210
169513,edge:0.565
169748,edge:0.569
169952,edge:0.877
169972,main_frac:0.206
169987,edge:0.955
170726,edge:0.908
171027,edge:0.959
171033,edge:0.994
171034,edge:0.887
171135,main_frac:0.237
171181,main_frac:0.218
171414,blobs:79
17142,edge:0.690
171439,main_frac:0.144
171658,main_frac:0.225
1716,blobs:94
171752,main_frac:0.229
171857,main_frac:0.210
171944,edge:0.998
172151,main_frac:0.247
172286,blobs:98
172475,blobs:52
173069,edge:0.663
173133,main_frac:0.192
173147,main_frac:0.212
17327,blobs:61
17323,main_frac:0.204
17334,ink_hi:0.524;blobs:77
173875,edge:0.695
17406,blobs:90
174089,main_frac:0.241
174118,main_frac:0.217
17419,main_frac:0.235
17420,main_frac:0.249
17426,blobs:55
174507,main_frac:0.228
174431,main_frac:0.247
174437,main_frac:0.225
174640,main_frac:0.130
174641,main_frac:0.244
174866,main_frac:0.228
174917,edge:0.870
174935,edge:0.780
175078,edge:0.605;main_frac:0.245
17527,main_frac:0.190
175343,edge:0.637
175361,blobs:51
175379,blobs:287;main_frac:0.227
175545,main_frac:0.209
175562,main_frac:0.210
175633,main_frac:0.232
175668,edge:0.938
175681,main_frac:0.249
175788,main_frac:0.242
175843,edge:0.560
175939,edge:0.940
17611,blobs:51;edge:0.802
176132,edge:0.938
176725,edge:0.468
176727,main_frac:0.169
176760,main_frac:0.239
176932,main_frac:0.243
177108,edge:0.735
177122,blobs:105
177209,main_frac:0.200
1773,main_frac:0.247
177423,blobs:70
177451,edge:0.862
177876,edge:0.706
17791,edge:0.461
177938,blobs:138;main_frac:0.232
178031,main_frac:0.134
178042,main_frac:0.248
178047,main_frac:0.213
178080,edge:0.887
178238,blobs:168
178265,main_frac:0.181
178274,edge:0.933
178310,main_frac:0.225
178357,main_frac:0.229
178421,main_frac:0.236
178613,main_frac:0.195
178614,main_frac:0.166
178715,main_frac:0.145
178802,edge:0.738
178937,edge:0.922
178978,main_frac:0.158
179143,main_frac:0.161
179281,main_frac:0.190
179201,edge:0.940
179205,main_frac:0.221
179344,main_frac:0.179
179669,edge:0.838
17969,blobs:106
179750,edge:0.500
179975,main_frac:0.221
180036,blobs:136;edge:0.730
180037,edge:0.618
180038,blobs:75
180084,main_frac:0.178
180183,main_frac:0.167
18031,edge:0.582
18045,main_frac:0.198
180630,main_frac:0.235
180720,edge:0.728
180918,edge:0.935
180932,edge:0.739
18112,edge:0.707
181295,main_frac:0.153
181390,edge:0.916
181348,main_frac:0.212
181383,blobs:62
181477,blobs:176
181497,main_frac:0.208
181500,blobs:90
181502,main_frac:0.207
181559,blobs:238
181789,main_frac:0.250
182401,edge:0.700
18242,edge:0.657
182737,edge:0.968
182757,edge:0.609
182765,blobs:66
182902,edge:0.729
182945,blobs:250;main_frac:0.198
183120,main_frac:0.232
183304,edge:0.949
18356,edge:0.606
183596,main_frac:0.245
183624,edge:0.466
18371,main_frac:0.246
183884,main_frac:0.196
183888,main_frac:0.186
183951,main_frac:0.220
183952,blobs:75;main_frac:0.220
183965,blobs:298
184129,edge:0.900
184134,edge:0.934
184087,blobs:156
184186,edge:0.774
184333,blobs:81;main_frac:0.237
184712,main_frac:0.228
184772,main_frac:0.207
184810,main_frac:0.232
184821,main_frac:0.186
184925,main_frac:0.228
185242,blobs:75
185338,edge:0.939
185342,edge:0.942
185574,blobs:51
185589,blobs:72
185675,main_frac:0.218
185764,main_frac:0.236
185766,main_frac:0.190
185830,main_frac:0.213
185916,main_frac:0.176
185995,main_frac:0.222
186026,main_frac:0.236
186078,main_frac:0.214
186083,blobs:95
186084,blobs:103;main_frac:0.139
186273,main_frac:0.165
186274,main_frac:0.106
186404,main_frac:0.224
186346,main_frac:0.237
186472,main_frac:0.224
18654,blobs:146
186578,main_frac:0.233
18670,main_frac:0.246
186715,main_frac:0.238
186796,main_frac:0.202
186845,main_frac:0.205
186954,main_frac:0.244
186966,main_frac:0.220
186908,edge:0.946
187068,ink_lo:0.037;main_frac:0.185
187074,main_frac:0.232
187100,main_frac:0.201
187106,main_frac:0.221
187107,main_frac:0.209
187154,main_frac:0.238
187243,ink_lo:0.028
18732,blobs:87
187374,main_frac:0.218
187516,main_frac:0.231
187538,main_frac:0.242
187554,main_frac:0.243
187607,main_frac:0.245
187622,blobs:133
187692,main_frac:0.209
187694,main_frac:0.203
187740,main_frac:0.176
187777,main_frac:0.143
18778,edge:0.681
187803,blobs:133
187840,main_frac:0.233
187841,main_frac:0.179
187853,blobs:65;main_frac:0.229
187862,main_frac:0.238
187876,edge:0.905
187965,main_frac:0.211
187970,main_frac:0.229
188205,main_frac:0.229
188226,main_frac:0.156
188249,edge:0.858
188252,edge:0.910
18816,blobs:99;edge:0.808
188307,main_frac:0.194
188374,main_frac:0.241
188396,main_frac:0.160
188475,edge:0.932
188732,main_frac:0.230
188733,main_frac:0.204
188780,main_frac:0.220
188883,main_frac:0.219
188923,main_frac:0.241
188839,main_frac:0.222
188860,edge:0.954
188961,main_frac:0.227
189436,main_frac:0.237
189449,main_frac:0.239
189513,main_frac:0.204
189452,main_frac:0.180
189650,edge:0.974
18959,edge:0.709
18960,ink_hi:0.501;edge:0.674
189622,blobs:53
189731,edge:0.713
189739,edge:0.927
189799,blobs:59;edge:0.645
18982,main_frac:0.222
19012,main_frac:0.184
190141,edge:0.535
19003,blobs:286;main_frac:0.226
190446,edge:0.955
190471,main_frac:0.182
190706,ink_lo:0.038
190932,blobs:53
19129,blobs:120
191419,edge:0.921
191428,main_frac:0.167
191834,ink_hi:0.501
192263,edge:0.966
192398,edge:0.886
193294,main_frac:0.204
19346,main_frac:0.249
19348,main_frac:0.250
193765,main_frac:0.199
193793,main_frac:0.179
193818,main_frac:0.204
193830,main_frac:0.199
193843,blobs:55;edge:0.540
193862,main_frac:0.226
193931,main_frac:0.248
193951,main_frac:0.237
19402,blobs:98;main_frac:0.218
194129,main_frac:0.232
194130,main_frac:0.216
194132,main_frac:0.248
194134,main_frac:0.229
194212,main_frac:0.220
19426,edge:0.591
194764,blobs:161
19480,main_frac:0.214
194873,main_frac:0.219
195057,blobs:103
19530,blobs:60
195223,edge:0.900
195428,main_frac:0.160
195553,edge:0.903
19558,blobs:65
195598,main_frac:0.207
19591,ink_lo:0.037;main_frac:0.239
196465,blobs:77
196409,edge:0.946
196514,main_frac:0.182
19660,blobs:134;edge:0.804
196753,blobs:96
196794,edge:0.936
196867,edge:0.646
197046,blobs:60
197305,edge:1.000
19754,ink_lo:0.029
197630,blobs:63
197734,blobs:82
197865,edge:0.705
197980,edge:0.775
198090,edge:0.659
198136,main_frac:0.190
198336,edge:0.904
198493,blobs:54
19850,edge:0.883
198727,blobs:96
198743,blobs:69
198830,edge:0.624
198851,main_frac:0.196
19890,edge:0.617
198932,blobs:57;main_frac:0.200
199077,edge:0.822
199141,edge:0.889
199179,edge:0.644
19928,main_frac:0.220
19930,main_frac:0.223
19931,edge:0.544
199329,main_frac:0.234
199350,main_frac:0.216
19951,edge:0.675
19973,edge:0.424
199864,main_frac:0.245
199880,ink_lo:0.032
199976,blobs:60
200095,main_frac:0.222
200227,main_frac:0.222
200286,blobs:71;edge:0.721
200329,main_frac:0.230
200362,main_frac:0.221
200841,main_frac:0.242
200849,main_frac:0.190
200851,main_frac:0.244
20098,blobs:107
201381,main_frac:0.210
201384,main_frac:0.232
201907,main_frac:0.225
202041,edge:0.789
202042,edge:0.684
202324,blobs:81
202329,main_frac:0.245
202250,main_frac:0.199
202563,main_frac:0.243
202573,main_frac:0.188
20247,blobs:65
202478,main_frac:0.202
202504,edge:0.624
202717,main_frac:0.202
202808,main_frac:0.202
202843,edge:0.588
202890,main_frac:0.236
203026,blobs:77;main_frac:0.248
203027,main_frac:0.226
20305,main_frac:0.238
203062,main_frac:0.196
203289,edge:0.607
203462,edge:0.959
203488,edge:0.916
203628,main_frac:0.247
203642,edge:0.537
203684,edge:0.901
203753,main_frac:0.204
203781,main_frac:0.217
203811,main_frac:0.242
204033,edge:0.545;main_frac:0.197
204176,edge:0.405
20409,main_frac:0.187
204117,blobs:59
204118,blobs:56
204253,main_frac:0.238
204306,edge:0.949
204655,edge:0.960
205423,blobs:53
205456,main_frac:0.237
205539,blobs:67
205661,blobs:56
205890,blobs:427
205975,edge:0.919
206182,main_frac:0.221
206191,main_frac:0.165
206257,blobs:63
206259,main_frac:0.217
206279,blobs:63
206281,main_frac:0.217
206284,edge:0.628
206285,main_frac:0.233
206296,main_frac:0.201
206317,main_frac:0.224
206318,main_frac:0.245
206352,main_frac:0.183
206648,main_frac:0.235
206698,main_frac:0.216
207449,edge:0.904
207450,edge:0.973
207594,main_frac:0.233
207613,edge:0.790
207843,ink_hi:0.502
207848,edge:0.744
207967,edge:0.966
208029,edge:0.952
208057,edge:0.361
208059,edge:0.934
208167,edge:0.540
208536,edge:0.611
208556,main_frac:0.213
208659,edge:0.537
208677,blobs:118
20874,blobs:77
208969,edge:0.498
209047,main_frac:0.221
209029,edge:0.563
209185,edge:0.574
209205,main_frac:0.169
209206,main_frac:0.222
209374,main_frac:0.226
209377,blobs:52
209496,main_frac:0.172
209560,edge:0.655
20969,edge:0.717
209791,main_frac:0.201
210000,edge:0.598
210058,edge:0.547;main_frac:0.210
21010,edge:0.606
210210,blobs:252
210239,main_frac:0.234
210341,main_frac:0.219
210437,main_frac:0.196
210528,main_frac:0.204
210588,blobs:76
21059,blobs:151
210592,main_frac:0.220
210618,main_frac:0.153
210641,main_frac:0.227
210642,main_frac:0.244
210698,blobs:55
210701,edge:0.956
211151,edge:0.549
211229,edge:0.555
211256,edge:0.758
211261,main_frac:0.244
211329,edge:0.687
211426,edge:0.939
211896,edge:0.945
211975,edge:0.907
212004,main_frac:0.196
211923,edge:0.952
212065,blobs:89
212094,edge:0.971
21223,blobs:202
212238,edge:0.922
212337,edge:0.995
212388,edge:0.869
212407,main_frac:0.194
212495,edge:0.961
212613,edge:0.537
212647,edge:0.901
212786,edge:0.568
212944,main_frac:0.238
21300,main_frac:0.218
213148,edge:0.760
213152,edge:0.776
213210,edge:0.582;main_frac:0.240
213263,main_frac:0.190
213265,edge:0.756
213266,edge:0.756
213274,main_frac:0.206
213281,edge:0.925
213465,edge:0.915
213529,edge:0.820
214005,main_frac:0.194
214225,main_frac:0.242
214245,ink_hi:0.501
214200,main_frac:0.168
214342,edge:0.890
214317,blobs:58
214326,edge:0.864
21462,blobs:72;edge:0.674
214671,main_frac:0.216
215207,main_frac:0.239
215208,edge:0.744
215217,main_frac:0.188
215234,main_frac:0.193
215390,blobs:60
215392,main_frac:0.202
215395,main_frac:0.235
215450,blobs:116
215622,edge:0.906
215673,main_frac:0.222
215772,main_frac:0.142
215773,edge:0.924
215797,main_frac:0.207
215871,ink_lo:0.026
215906,main_frac:0.190
216013,main_frac:0.147
216080,main_frac:0.147
216096,main_frac:0.194
216229,main_frac:0.212
216260,edge:0.964
216262,edge:0.930
216265,edge:0.966
216276,edge:0.800
216278,main_frac:0.185
216281,main_frac:0.239
216307,main_frac:0.231
216309,main_frac:0.225
216324,edge:0.974
216344,main_frac:0.211
216642,blobs:228
216698,edge:0.910
216722,main_frac:0.202
216765,main_frac:0.154
216865,ink_hi:0.501
216879,edge:0.925
216991,main_frac:0.212
216992,main_frac:0.216
21700,main_frac:0.239
217022,main_frac:0.171
217023,main_frac:0.159
21740,blobs:154
217516,main_frac:0.241
217583,main_frac:0.216
217676,main_frac:0.240
217701,main_frac:0.200
217702,ink_hi:0.505;edge:0.374
217711,main_frac:0.242
218040,edge:0.498
21833,blobs:59
218466,edge:0.910
218471,main_frac:0.226
21853,main_frac:0.137
218570,main_frac:0.214
218606,edge:0.904
218652,main_frac:0.195
219035,edge:0.910
219053,edge:0.955
219243,edge:0.933
219265,edge:0.931
219373,edge:0.543;main_frac:0.248
219375,edge:0.599
219477,main_frac:0.226
219563,main_frac:0.213
219580,main_frac:0.244
219600,main_frac:0.239
219602,main_frac:0.228
219713,blobs:173
219885,blobs:173
220049,main_frac:0.216
220082,edge:0.365
220104,main_frac:0.216
22014,edge:0.519
220726,edge:0.472
220744,main_frac:0.185
220756,edge:0.372
220785,main_frac:0.203
22119,ink_hi:0.514
221347,edge:0.940
221401,main_frac:0.223
221754,edge:0.955
221929,main_frac:0.229
222000,main_frac:0.170
222001,blobs:111
222021,edge:0.938
222034,ink_lo:0.032;main_frac:0.161
222128,main_frac:0.242
222140,main_frac:0.239
222585,main_frac:0.202
222628,main_frac:0.129
223032,main_frac:0.181
223288,main_frac:0.181
223489,main_frac:0.242
223510,main_frac:0.221
223515,ink_hi:0.502
224124,main_frac:0.198
224130,main_frac:0.167
224133,edge:0.874
224135,main_frac:0.195
224143,edge:0.733
224152,main_frac:0.234
224418,edge:0.854
224500,main_frac:0.239
224582,main_frac:0.248
22463,edge:0.555
224782,main_frac:0.235
224817,main_frac:0.247
224818,main_frac:0.181
225764,edge:0.513
22584,blobs:53
226783,edge:0.631;main_frac:0.229
2269,main_frac:0.221
22713,blobs:95
22715,blobs:185
227501,edge:0.872
22787,edge:0.671
22863,blobs:278
228994,edge:0.712
229826,blobs:189
230166,main_frac:0.196
23147,main_frac:0.247
235519,ink_lo:0.020
236022,edge:0.705
23654,blobs:74
236574,edge:0.967
236591,edge:0.673
237050,edge:0.753
237066,edge:0.680
237020,edge:0.553
237613,blobs:61
237834,blobs:121
237875,edge:0.612
238076,edge:0.540
23818,blobs:57
238294,blobs:103
238302,edge:0.784
238374,edge:0.776
238396,blobs:245
238434,blobs:87
238819,blobs:69
238820,blobs:53
239358,blobs:238
239701,edge:0.570
239703,edge:0.565
240012,blobs:117
240104,blobs:68;main_frac:0.204
240156,edge:0.631
240293,edge:0.868
240384,main_frac:0.178
240361,edge:0.696
240463,edge:0.592
240620,blobs:51
240705,blobs:70
240776,blobs:196
240837,edge:0.561
241100,edge:0.701
241172,main_frac:0.204
241173,main_frac:0.242
241334,main_frac:0.240
24135,blobs:64
241609,edge:0.617
241746,edge:0.566;main_frac:0.198
241752,blobs:161;edge:0.779
241783,edge:0.587
241846,edge:0.598
241854,main_frac:0.237
241880,edge:0.644
242276,edge:0.624
242352,main_frac:0.222
242365,edge:0.605
242465,blobs:67
242759,blobs:126
242837,edge:0.531
243203,blobs:66
243138,blobs:91
243533,edge:0.590
243639,ink_lo:0.039
244109,edge:0.925
244111,edge:0.928
244139,edge:0.624
244275,ink_lo:0.030
24431,main_frac:0.189
244475,blobs:85
244355,blobs:230
244636,edge:0.635
24473,edge:0.933
244819,main_frac:0.168
244890,blobs:68;main_frac:0.235
245070,edge:0.635
245174,edge:0.630
245183,main_frac:0.208
245245,edge:0.789
245536,edge:0.556
245615,edge:0.794
245757,edge:0.549
245767,edge:0.946
245785,edge:0.575
245989,edge:0.545
246003,edge:0.657
246095,blobs:59
246287,blobs:56;edge:0.906
246309,blobs:71
246782,edge:0.930
246796,edge:0.643
246921,edge:0.594
246841,edge:0.585
247027,main_frac:0.203
247346,edge:0.634
24756,edge:0.380
24757,edge:0.587
247679,edge:0.553
247688,main_frac:0.182
24771,blobs:72
24774,blobs:85
248099,edge:0.585
24840,edge:0.661
248798,blobs:56
248900,edge:0.475
249199,main_frac:0.185
249222,main_frac:0.185
249466,blobs:51
249572,edge:0.643
249890,blobs:84
249866,edge:0.930
250897,main_frac:0.181
25081,blobs:102
250836,blobs:254
250990,edge:0.635
251177,blobs:56
251255,edge:0.620
251301,edge:0.491
251446,edge:0.592
251824,blobs:100
251912,blobs:51
251915,blobs:136
252233,blobs:62
25230,edge:0.740
25233,edge:0.688
252480,blobs:82
252499,edge:0.972
252692,blobs:61
252745,edge:0.773
252922,edge:0.718
252929,edge:0.385
25297,edge:0.950
253119,edge:0.737
253215,blobs:327;main_frac:0.206
253294,blobs:65
253410,main_frac:0.233
253502,edge:0.873
253583,main_frac:0.225
25368,blobs:159
253685,edge:0.901
253695,edge:0.932
253727,edge:0.931
253833,main_frac:0.164
253836,edge:0.898
253750,edge:0.935
254329,edge:0.689
254462,edge:0.847
254575,blobs:98
255020,blobs:73
255054,main_frac:0.219
255135,main_frac:0.218
255233,blobs:118
255193,main_frac:0.221
25561,edge:0.440
25593,blobs:68
255937,main_frac:0.220
255916,blobs:96;edge:0.435
256065,blobs:57
256068,blobs:79
256336,blobs:130
256484,edge:1.000
256664,edge:0.783
25667,blobs:149
256812,edge:0.750
256977,main_frac:0.248
257448,blobs:144
257555,blobs:51
257957,edge:0.826
258057,main_frac:0.240
258064,main_frac:0.240
258065,main_frac:0.221
258310,edge:0.721
258377,blobs:60
25858,blobs:57
25871,edge:0.925
25877,edge:0.928
258859,edge:0.740
259085,blobs:78
259493,main_frac:0.226
259656,edge:0.791
259674,ink_hi:0.501
259737,blobs:99
260306,blobs:60
260348,edge:0.925
260408,main_frac:0.178
260565,edge:0.746
260691,main_frac:0.165
260759,main_frac:0.207
260884,main_frac:0.165
260941,main_frac:0.203
260978,edge:0.648
260987,blobs:55
261027,main_frac:0.182
261186,blobs:135
261259,main_frac:0.211
261268,blobs:129
261564,edge:0.722
261648,blobs:93
261745,edge:0.411
262016,edge:0.907
262295,edge:0.572
262724,blobs:55
262980,blobs:96
262985,main_frac:0.230
263003,main_frac:0.239
263107,blobs:108;edge:0.353
263111,edge:0.938
263396,edge:0.830
263656,blobs:88;main_frac:0.237
263979,ink_lo:0.025
264116,blobs:99
264148,blobs:99
264188,blobs:86
26432,blobs:174
264530,edge:0.703
264674,edge:0.876
264603,edge:0.793
264769,main_frac:0.215
265631,main_frac:0.171
265680,blobs:52
266027,main_frac:0.243
266094,edge:0.813
266145,main_frac:0.215
266210,blobs:226
267419,main_frac:0.184
267675,main_frac:0.246
267681,blobs:71;edge:0.757
267746,main_frac:0.246
267747,main_frac:0.225
26801,edge:0.656
26806,edge:0.655
268121,blobs:51
268238,main_frac:0.244
268270,edge:0.854
268411,edge:0.914
268413,edge:0.726
268414,edge:0.356
268315,edge:0.840
268466,blobs:62;edge:0.866
26858,edge:0.633;main_frac:0.246
268647,main_frac:0.244
268711,main_frac:0.237
268715,blobs:51
268759,edge:0.841
268653,blobs:220
268674,edge:0.812
268816,blobs:118
268937,edge:0.701
269122,edge:0.609
269162,edge:0.680
269223,edge:0.689
26923,blobs:82
269317,edge:0.909
269335,edge:0.862
269554,main_frac:0.241
269609,main_frac:0.206
269689,main_frac:0.232
269733,edge:0.650
269763,edge:0.653
269840,main_frac:0.199
269902,main_frac:0.194
269995,blobs:71
270014,edge:0.731
270071,blobs:56
269940,edge:0.806
270133,main_frac:0.239
270163,main_frac:0.237
270311,main_frac:0.221
270317,main_frac:0.178
27068,main_frac:0.240
27079,edge:0.549
270834,main_frac:0.221
271119,edge:0.695
271332,main_frac:0.248
271548,edge:0.833
271684,blobs:89
272120,edge:0.881
272205,blobs:83
272287,edge:0.931
272487,edge:0.922
272489,edge:0.830
27268,edge:0.565
272953,edge:0.920
273000,ink_hi:0.503
273185,edge:0.712
273274,blobs:65;edge:0.373
273669,blobs:159
274354,edge:0.864
27463,edge:0.804
27476,edge:0.629
275096,main_frac:0.203
275269,blobs:62
275402,blobs:54
275575,edge:0.943
275649,edge:0.988
275650,edge:0.891
275811,edge:0.365
275934,edge:0.919
275970,ink_hi:0.505
276218,edge:0.395
276401,blobs:78;edge:0.452
276550,edge:0.898
276551,edge:0.901
276664,main_frac:0.244
276718,blobs:81
276873,main_frac:0.236
277090,main_frac:0.193
277180,main_frac:0.186
27741,edge:0.949
277441,blobs:110
277442,edge:0.820
277445,edge:0.904
277628,edge:0.865
277675,edge:0.977
277700,blobs:55
277796,edge:0.927
278259,edge:0.886
278183,edge:0.358
278458,edge:0.860
278762,edge:0.701
278861,edge:0.909
278889,edge:0.932
278954,edge:0.849
279126,blobs:87
279530,main_frac:0.155
279816,edge:0.919
27988,edge:0.659
280062,main_frac:0.197
280478,main_frac:0.236
280665,main_frac:0.219
28084,blobs:166
280772,edge:0.782
281283,main_frac:0.212
281403,main_frac:0.229
281460,edge:0.872
281574,edge:0.689
281627,edge:0.740
281875,ink_lo:0.027
281924,blobs:59
282196,edge:0.789
282314,main_frac:0.163
282334,edge:0.849
282538,edge:0.955
283307,main_frac:0.203
28362,edge:0.572
283734,edge:0.473
283794,ink_hi:0.518;blobs:239;edge:0.763
283841,edge:0.608
283883,main_frac:0.244
284118,edge:0.615
284175,main_frac:0.240
284522,main_frac:0.244
284645,edge:0.898
284698,edge:0.916
284838,edge:0.837
284870,edge:0.722
284784,blobs:52
284811,main_frac:0.182
285110,edge:0.539
285236,edge:0.669
285881,blobs:75;edge:0.785
285917,main_frac:0.247
285927,main_frac:0.230
285932,edge:0.882
285939,blobs:217;edge:0.524
286140,blobs:52
286236,edge:0.905
286405,main_frac:0.183
286366,main_frac:0.193
286492,blobs:95
286767,blobs:87;main_frac:0.239
286952,blobs:62;edge:0.790
287017,main_frac:0.246
287030,main_frac:0.162
287220,edge:0.602
287350,main_frac:0.247
287433,ink_hi:0.500;edge:0.390
287770,blobs:127
287893,blobs:85
288006,edge:0.562
288041,main_frac:0.199
288151,main_frac:0.216
288164,main_frac:0.239
288201,main_frac:0.175
288328,edge:0.949
288442,edge:0.952
288602,edge:0.504
28910,main_frac:0.235
289506,edge:0.608
289568,edge:0.551
289630,blobs:61
289832,blobs:69
290042,edge:0.594
29016,blobs:55
290196,edge:0.373
290476,edge:0.617
29055,blobs:55
290559,main_frac:0.176
290572,edge:0.590
290576,edge:0.593
290634,edge:0.573;main_frac:0.215
290912,edge:0.404
291735,edge:0.705
291656,edge:0.913
291680,edge:0.611
292387,edge:0.905
292536,edge:0.556
292548,main_frac:0.248
292829,main_frac:0.226
292861,main_frac:0.195
292864,main_frac:0.159
292931,main_frac:0.194
292987,main_frac:0.139
293168,main_frac:0.213
293259,edge:0.869
293353,edge:0.969
29346,blobs:257
293513,ink_hi:0.503
293623,blobs:132;main_frac:0.148
293970,blobs:66
293987,main_frac:0.227
293997,edge:0.945
294060,edge:0.363
294067,edge:0.896
294119,edge:0.669
294167,edge:0.632
294213,edge:0.833
294280,edge:0.914
294566,main_frac:0.241
29459,main_frac:0.235
294676,blobs:90
294678,main_frac:0.207
294801,edge:0.668
294807,edge:0.612
294836,edge:0.582
294936,edge:0.537
294953,edge:0.919
294964,blobs:76
295013,main_frac:0.238
295034,main_frac:0.234
295078,edge:0.403
295122,ink_lo:0.036
295244,main_frac:0.237
295254,main_frac:0.229
295472,main_frac:0.223
295597,main_frac:0.195
29561,blobs:234
295614,main_frac:0.228
295642,edge:0.592
295645,main_frac:0.224
295682,edge:0.559
29578,edge:0.696
295899,blobs:63
29590,main_frac:0.232
295950,edge:0.574
296120,blobs:88
296216,main_frac:0.221
296217,main_frac:0.207
296224,ink_hi:0.506
296225,edge:0.642
296248,main_frac:0.245
296311,main_frac:0.131
296711,main_frac:0.247
296863,edge:0.633
296941,edge:0.545
296961,edge:0.631
297603,main_frac:0.238
297655,main_frac:0.249
297744,edge:0.784
297819,edge:0.732
297998,main_frac:0.207
297926,edge:0.855
297940,edge:0.589;main_frac:0.217
297951,main_frac:0.216
297965,edge:0.550
298087,blobs:100
29819,edge:0.757
298198,edge:0.758
29821,blobs:197
298279,main_frac:0.187
29841,main_frac:0.216
298414,edge:0.402
298659,main_frac:0.227
298661,main_frac:0.201
298719,blobs:112
298918,edge:0.729
298930,main_frac:0.238
299631,edge:0.556
300023,blobs:240
300033,edge:0.924
300050,main_frac:0.197
300213,main_frac:0.176
300301,main_frac:0.228
300364,main_frac:0.231
300425,edge:0.901
300450,main_frac:0.198
300458,main_frac:0.223
300471,blobs:83;edge:0.675
300661,main_frac:0.231
300690,main_frac:0.220
300958,edge:0.780
301110,blobs:96
30130,edge:0.809
301456,main_frac:0.210
301592,main_frac:0.246
301642,edge:0.928
301644,edge:0.676
301793,main_frac:0.235
301794,main_frac:0.237
301804,edge:0.466
301969,blobs:107
301896,main_frac:0.213
302279,edge:0.708
30240,edge:0.586
30241,edge:0.641
302587,main_frac:0.179
302599,blobs:100
302765,edge:0.941
302701,main_frac:0.245
302853,main_frac:0.224
302860,blobs:150
302865,main_frac:0.228
302914,main_frac:0.227
302949,blobs:149
302958,main_frac:0.222
303032,edge:0.797
30306,edge:0.890
303067,edge:0.646
30327,edge:0.645
303301,edge:0.656
303836,main_frac:0.133
303785,edge:0.663
303687,main_frac:0.170
303926,blobs:66
303983,blobs:60
304307,edge:0.947
304486,blobs:70
304510,edge:0.604
304552,blobs:65
304869,main_frac:0.243
304941,blobs:119;edge:0.738
30491,edge:0.552
30551,edge:0.892
305567,main_frac:0.238
305768,main_frac:0.231
305838,edge:0.680
305912,blobs:54;main_frac:0.144
306128,blobs:287;main_frac:0.227
306308,blobs:99
306359,main_frac:0.211
306386,edge:0.915
306507,edge:0.895
306838,blobs:75
306981,main_frac:0.228
306990,blobs:139;main_frac:0.236
307057,blobs:72;main_frac:0.238
307616,main_frac:0.217
307624,main_frac:0.189
307576,edge:0.984
307672,main_frac:0.161
3077,ink_lo:0.030
307838,blobs:70
30807,blobs:251
30811,main_frac:0.229
30813,edge:0.878
30821,main_frac:0.232
30822,edge:0.899
3084,ink_lo:0.037
308505,main_frac:0.219
308591,edge:0.585
30867,edge:0.572
30868,edge:0.675
30879,blobs:52
308854,main_frac:0.184
308944,blobs:97
308856,main_frac:0.229
308897,main_frac:0.229
309183,edge:0.565
309251,blobs:74
309357,edge:0.795
309448,blobs:86
309555,blobs:51
309704,edge:0.935
309778,edge:0.666
309904,edge:0.886
309984,blobs:76
309987,main_frac:0.193
310016,main_frac:0.151
310051,main_frac:0.228
310055,main_frac:0.247
310060,edge:0.935
310138,edge:0.409
310178,edge:0.846
310195,main_frac:0.177
31039,main_frac:0.238
310390,blobs:149
310396,main_frac:0.219
310480,main_frac:0.226
310552,main_frac:0.237
31060,edge:0.910
31061,edge:0.898
310807,main_frac:0.235
3107,ink_lo:0.038
31090,main_frac:0.236
310914,ink_lo:0.033;main_frac:0.195
310918,main_frac:0.144
310978,main_frac:0.205
310984,ink_lo:0.028
311130,main_frac:0.171
311069,main_frac:0.228
311170,main_frac:0.246
311193,main_frac:0.228
311200,main_frac:0.246
311220,blobs:52
311261,blobs:78;edge:0.861
311414,main_frac:0.109
311456,main_frac:0.182
311571,blobs:70
311573,main_frac:0.196
311590,main_frac:0.186
311592,main_frac:0.248
311594,edge:0.896
311656,blobs:54
311664,main_frac:0.195
311666,main_frac:0.217
311786,edge:0.999
311846,edge:0.766
312084,main_frac:0.125
312099,edge:0.557
312197,main_frac:0.247
312214,ink_hi:0.501;edge:1.000
312673,main_frac:0.198
31288,blobs:84
313499,main_frac:0.205
313525,main_frac:0.230
313760,main_frac:0.223
31383,edge:0.953
314242,blobs:270
314596,edge:0.817
314601,main_frac:0.111
314659,main_frac:0.228
314825,blobs:69;edge:0.779
314847,blobs:51
314892,edge:0.551
315065,edge:0.398
315153,main_frac:0.211
315435,blobs:66
315545,blobs:67
315798,main_frac:0.232
315814,main_frac:0.226
316080,edge:0.523
316135,edge:0.898
316142,main_frac:0.231
316210,main_frac:0.224
316315,main_frac:0.249
316386,main_frac:0.176
316460,edge:0.807
316417,main_frac:0.224
316718,edge:0.833
316769,main_frac:0.222
317403,edge:0.940
317604,edge:0.912
317738,blobs:159;edge:0.845
317761,edge:0.959
317813,main_frac:0.215
317983,edge:0.559
317985,edge:0.501
31816,edge:0.914
318363,main_frac:0.250
318366,main_frac:0.248
318375,main_frac:0.177
318572,edge:0.916
318576,main_frac:0.136
318600,main_frac:0.220
318613,edge:0.628
318918,main_frac:0.233
319131,edge:0.935
319279,blobs:135
319291,edge:0.863
319325,main_frac:0.170
319369,main_frac:0.235
319542,main_frac:0.246
319726,main_frac:0.237
32012,blobs:59
320139,edge:0.912
320292,main_frac:0.147
320413,blobs:54
320430,edge:0.950
320581,edge:0.559
320605,edge:0.946
320738,edge:0.565
320831,edge:0.937
320858,blobs:82
321064,edge:0.541
321073,main_frac:0.164
321105,blobs:181;main_frac:0.202
321132,edge:0.962
321155,main_frac:0.244
321262,main_frac:0.241
321305,main_frac:0.218
321335,main_frac:0.187
321390,edge:0.989
321455,edge:0.955
321672,blobs:58
321716,blobs:58
321833,edge:0.770
321860,edge:0.584
322056,main_frac:0.233
322039,edge:0.927
322236,blobs:62;edge:0.643
322259,main_frac:0.248
322260,blobs:79
322407,edge:0.930
322476,main_frac:0.230
322608,main_frac:0.211
322625,edge:0.958
322635,edge:0.958
322666,edge:0.982
322710,blobs:156
322813,blobs:59
322864,main_frac:0.192
32289,blobs:72
3229,ink_lo:0.029
323083,main_frac:0.225
323129,edge:0.701
323175,main_frac:0.155
323242,main_frac:0.175
323246,edge:0.572;main_frac:0.238
323318,main_frac:0.247
323839,main_frac:0.151
323851,main_frac:0.227
323795,main_frac:0.231
323818,blobs:193
323996,main_frac:0.165
323997,main_frac:0.205
323907,edge:0.654
324316,blobs:79
32447,main_frac:0.232
324471,edge:0.615
324502,main_frac:0.246
324692,main_frac:0.248
324957,edge:0.931
324965,edge:0.954
324915,ink_lo:0.030;main_frac:0.112
324920,edge:0.928
32499,edge:0.650
325012,main_frac:0.226
32515,blobs:57
325202,edge:0.966
325566,main_frac:0.238
325650,main_frac:0.244
325722,main_frac:0.220
326170,main_frac:0.177
326189,edge:0.914
32612,main_frac:0.217
326128,edge:0.605;main_frac:0.233
326131,main_frac:0.228
32667,main_frac:0.195
327097,edge:0.785
327142,blobs:101
32725,edge:0.650
32847,blobs:77
33133,edge:0.588
33211,ink_lo:0.026
33212,blobs:54
33502,edge:0.602
33693,ink_lo:0.029
3401,blobs:87
33970,edge:0.747
34349,edge:0.672
34618,main_frac:0.231
3471,edge:0.544
34824,blobs:65;edge:0.710
35068,blobs:88;main_frac:0.237
35261,blobs:52
35507,main_frac:0.237
35603,edge:0.635
35604,edge:0.690
35627,main_frac:0.226
35677,edge:0.586
35701,blobs:61
35830,edge:0.361
36222,main_frac:0.211
36162,main_frac:0.211
36932,edge:0.660
37040,edge:0.575
37166,edge:0.693
37220,blobs:209
3748,blobs:51
37426,edge:0.736
37632,edge:0.644
37636,edge:0.659
37716,edge:0.545
37890,edge:0.968
37893,edge:0.941
37902,ink_hi:0.501
3810,edge:0.661
38134,edge:0.933
38883,blobs:64
39387,edge:0.880
3956,blobs:54
39567,blobs:276
39579,blobs:60
39581,ink_lo:0.028
39622,edge:0.678
39981,main_frac:0.196
39989,edge:0.942
40112,edge:0.820
40118,edge:0.638
40141,edge:0.658
40187,blobs:86
40302,edge:0.545
40303,edge:0.686
40457,edge:0.594
40519,blobs:124
40558,edge:0.977
4063,edge:0.634
40833,main_frac:0.223
41010,edge:0.562
41036,edge:0.631
41098,edge:0.398
41134,blobs:58
41584,main_frac:0.208
41585,main_frac:0.222
41643,edge:0.559
41989,blobs:66
4234,ink_lo:0.034
42472,edge:0.578
42388,blobs:213
42572,edge:0.537
42857,main_frac:0.239
42912,blobs:53
43141,blobs:67
43311,blobs:64
43391,edge:0.656
43392,edge:0.647
43649,blobs:75
43825,blobs:77;edge:0.731
43951,main_frac:0.238
43990,blobs:63
44137,blobs:51
44176,blobs:56
44027,blobs:150
44299,main_frac:0.239
44387,main_frac:0.188
44662,blobs:106
44806,blobs:171
44850,edge:0.918
44959,blobs:114
45140,main_frac:0.182
45145,blobs:84
45115,main_frac:0.220
45377,edge:0.385
45565,blobs:127;main_frac:0.247
45602,blobs:52
45607,main_frac:0.178
45845,edge:0.749
45956,edge:0.964
45876,edge:0.840
46046,blobs:56
46115,main_frac:0.193
46117,main_frac:0.202
46236,main_frac:0.190
46254,main_frac:0.203
46341,blobs:67
46346,blobs:98
46450,edge:0.899
46775,edge:0.945
46928,edge:0.874
46941,blobs:56;edge:0.361
46946,ink_hi:0.503
47010,edge:0.927
47098,edge:0.984
47116,edge:0.946
47117,edge:0.947
47341,blobs:83
47260,edge:0.928
47379,main_frac:0.197
47426,main_frac:0.231
47432,main_frac:0.213
47482,edge:0.642
47506,edge:0.928
47529,edge:0.930
47554,edge:0.642
47562,edge:0.688
47591,edge:0.894
47626,edge:0.688
47652,edge:0.894
47688,edge:0.920
48006,blobs:51
48449,blobs:85
48544,edge:0.803
48548,edge:0.649
48687,main_frac:0.212
48710,edge:0.876
48874,edge:0.720
49092,blobs:198
4939,main_frac:0.226
49482,blobs:331
49521,edge:0.965
49760,edge:0.656
49860,edge:0.919
49952,blobs:69
50045,main_frac:0.162
50153,edge:0.937
50217,main_frac:0.163
50328,main_frac:0.234
50392,main_frac:0.150
50473,edge:0.841
50553,edge:0.938
50591,blobs:61
51288,main_frac:0.208
51470,edge:0.659
51950,ink_lo:0.036
52344,blobs:84
52478,blobs:68
52518,blobs:76
52860,blobs:121
53502,edge:0.785
5365,edge:0.967
54044,blobs:57
54077,blobs:281
54144,main_frac:0.228
54252,edge:0.752
54254,edge:0.817
54420,blobs:86
54480,blobs:82
54557,main_frac:0.206
54610,blobs:51
55792,edge:0.714
56769,edge:0.802
57160,main_frac:0.247
57499,main_frac:0.240
57592,main_frac:0.205
57503,main_frac:0.221
57617,main_frac:0.221
58107,blobs:71
58181,blobs:62
58251,main_frac:0.247
58933,ink_hi:0.722
59119,ink_hi:0.550
5963,blobs:51
59758,main_frac:0.188
59761,blobs:72
60079,main_frac:0.149
60359,blobs:51
60470,ink_hi:0.772
60555,ink_hi:0.574
60597,blobs:62
60629,ink_hi:0.664
60999,blobs:92
61084,ink_hi:0.750
6140,ink_hi:0.682
61477,edge:0.787
61530,ink_hi:0.656
62119,blobs:57
6215,blobs:80
62100,edge:0.930
62201,blobs:54
62581,ink_hi:0.613
62859,ink_hi:0.532
62867,main_frac:0.216
62920,blobs:59
62952,main_frac:0.202
6298,ink_hi:0.687
63007,main_frac:0.249
63016,ink_hi:0.755
63051,main_frac:0.236
63224,main_frac:0.163
63243,edge:0.717
63308,main_frac:0.242
63514,main_frac:0.235
63534,main_frac:0.237
63794,main_frac:0.205
63845,ink_hi:0.765
63900,blobs:207
63923,main_frac:0.248
64021,main_frac:0.226
64121,main_frac:0.246
64122,main_frac:0.194
64132,main_frac:0.212
64133,blobs:72
64179,blobs:79
64246,edge:0.605
64317,main_frac:0.153
64320,main_frac:0.193
64411,ink_hi:0.640
64567,main_frac:0.218
64471,main_frac:0.226
64649,ink_hi:0.675
64659,main_frac:0.126
64726,main_frac:0.220
64788,main_frac:0.179
64917,ink_lo:0.039
64871,ink_hi:0.723
6505,blobs:173
65071,ink_hi:0.795
65451,main_frac:0.211
65482,blobs:129
65574,blobs:135
65601,blobs:57
66025,ink_lo:0.035
66334,blobs:93
66669,edge:0.411
66861,main_frac:0.247
6738,ink_hi:0.748;edge:0.446
67884,blobs:71;edge:0.386
67946,main_frac:0.219
68361,blobs:54
68437,blobs:56;edge:0.653
68594,main_frac:0.241
68599,main_frac:0.187
68606,ink_hi:0.591
6864,edge:0.753
68701,main_frac:0.186
68798,main_frac:0.211
6880,ink_hi:0.592;edge:0.360
68800,blobs:105;edge:0.771
6881,ink_hi:0.659;edge:0.416
6882,ink_hi:0.767;edge:0.601
68856,edge:0.583
68997,blobs:122;edge:0.823
68998,blobs:66;main_frac:0.238
69033,ink_hi:0.572
69071,main_frac:0.200
69131,ink_hi:0.543
69269,main_frac:0.250
69300,ink_hi:0.729;edge:0.413
69462,main_frac:0.200
69469,main_frac:0.237
69583,main_frac:0.213
69584,main_frac:0.211
69586,main_frac:0.161
69591,main_frac:0.201
69605,main_frac:0.233
69852,edge:0.903
69985,blobs:70;main_frac:0.236
70018,ink_hi:0.505
70439,ink_hi:0.547
70396,ink_hi:0.629
70340,ink_hi:0.756
70536,ink_hi:0.517
70892,ink_hi:0.520
70914,edge:0.913
71033,edge:0.903
71224,ink_hi:0.637
71938,ink_hi:0.685
71941,blobs:66
72466,blobs:110
72489,edge:0.696
72827,ink_hi:0.520
7292,ink_hi:0.626;edge:0.383
7296,ink_hi:0.781;edge:0.457
72988,blobs:51
73013,blobs:76
73029,blobs:54
7319,blobs:103
7350,blobs:53
73628,main_frac:0.192
73819,ink_hi:0.716
7426,ink_hi:0.583
74291,blobs:111
74394,ink_hi:0.757
74407,edge:0.419
7445,blobs:57
74786,edge:0.721
74989,main_frac:0.249
75061,blobs:200
75119,main_frac:0.220
75121,main_frac:0.201
75173,blobs:105
75602,ink_hi:0.538
75685,ink_hi:0.748
75816,ink_hi:0.701
76340,blobs:59
76623,ink_hi:0.679
76691,ink_hi:0.575
77,main_frac:0.167
77166,blobs:89;edge:0.404
77239,blobs:226
77362,edge:0.643
78176,edge:0.966
78568,ink_hi:0.508
78611,ink_hi:0.737
78663,main_frac:0.219
79630,blobs:80
79781,blobs:101;main_frac:0.198
79984,edge:0.787
79995,main_frac:0.243
80036,main_frac:0.218
80041,ink_hi:0.587
80059,blobs:102;main_frac:0.200
80370,blobs:208;main_frac:0.245
80335,main_frac:0.209
80552,main_frac:0.233
80651,main_frac:0.248
80701,edge:0.456
8079,blobs:83
80794,main_frac:0.246
80795,main_frac:0.225
80800,main_frac:0.249
80864,ink_hi:0.670;edge:0.383
80865,ink_hi:0.677
80866,main_frac:0.191
80867,main_frac:0.215
80916,edge:0.617
80917,edge:0.714
80918,main_frac:0.191
80919,main_frac:0.215
80920,blobs:71;edge:0.757
81031,main_frac:0.249
81086,main_frac:0.246
81100,main_frac:0.188
81355,ink_lo:0.039
8138,ink_lo:0.031
81423,ink_hi:0.682
81547,blobs:65
81653,ink_hi:0.632
8166,edge:0.611
81744,ink_hi:0.735
81771,blobs:116
82178,ink_hi:0.830
82230,ink_hi:0.525
82245,main_frac:0.174
82409,main_frac:0.235
82731,main_frac:0.246
82740,ink_hi:0.750
8287,ink_hi:0.627;edge:0.352
82875,main_frac:0.238
8288,ink_hi:0.718;edge:0.457
82902,main_frac:0.232
82910,ink_hi:0.639
82950,blobs:65
83186,main_frac:0.217
83100,ink_hi:0.536
83257,main_frac:0.160
83474,ink_hi:0.815
83635,main_frac:0.219
83734,main_frac:0.185
83828,blobs:69
83897,ink_hi:0.742;edge:0.391
83934,ink_hi:0.573
84402,main_frac:0.246
84440,blobs:61
84348,edge:0.701
84519,ink_hi:0.565
84647,blobs:78
84615,blobs:82
84865,main_frac:0.236
84979,ink_hi:0.648
85040,blobs:69
85079,main_frac:0.165
85095,main_frac:0.238
85217,main_frac:0.224
85230,blobs:58
85503,main_frac:0.170
85504,main_frac:0.248
85532,main_frac:0.203
85571,main_frac:0.250
85609,ink_lo:0.027
85619,main_frac:0.223
85624,main_frac:0.233
85634,main_frac:0.225
85644,edge:0.856
85771,main_frac:0.208
85821,blobs:64
85853,blobs:124
85869,edge:0.782
86114,main_frac:0.232
86115,main_frac:0.186
86020,main_frac:0.236
86067,main_frac:0.185
86221,main_frac:0.236
86364,ink_hi:0.660
86389,ink_hi:0.698
86443,main_frac:0.150
86458,main_frac:0.217
8647,blobs:78
86622,blobs:128
8668,ink_hi:0.758;edge:0.457
86721,blobs:74
86760,main_frac:0.244
86775,ink_hi:0.509
86956,main_frac:0.225
8697,blobs:62
87000,main_frac:0.245
87005,main_frac:0.212
87010,main_frac:0.236
87066,blobs:59
87108,main_frac:0.250
87207,main_frac:0.197
87242,main_frac:0.201
87275,ink_hi:0.507
87349,main_frac:0.231
87555,blobs:100
87850,blobs:64
88130,main_frac:0.218
88907,main_frac:0.242
88945,edge:0.574
89048,ink_hi:0.532
89180,ink_hi:0.586
89333,ink_hi:0.586
89378,ink_hi:0.599
89410,ink_hi:0.599
89508,main_frac:0.241
89785,main_frac:0.238
90382,ink_hi:0.719
90432,blobs:158
9024,ink_lo:0.038
90488,blobs:64
90686,ink_hi:0.534
90724,ink_hi:0.805
91058,ink_hi:0.721
91092,edge:0.904
91462,ink_hi:0.718
91775,blobs:51
91840,ink_hi:0.689
91914,ink_hi:0.597
92198,main_frac:0.244
92214,blobs:59
92745,ink_hi:0.697
92929,ink_hi:0.664
93112,edge:0.772
93426,blobs:60
93502,ink_hi:0.703;edge:0.378
93947,ink_hi:0.595;edge:0.373
94067,blobs:125
94080,blobs:139
94402,blobs:99
94653,ink_hi:0.866;edge:0.837
94695,main_frac:0.239
947,blobs:77
94836,main_frac:0.200
95627,blobs:78
95857,ink_hi:0.717
96407,ink_hi:0.542
96713,edge:0.546
96775,blobs:243;main_frac:0.204
97160,blobs:64
9760,blobs:102
9764,ink_lo:0.031
9774,ink_lo:0.037
97940,blobs:124
9807,blobs:73
98142,ink_lo:0.035
98252,edge:0.685
98255,edge:0.766
98256,edge:0.764
98391,blobs:80;main_frac:0.235
98594,main_frac:0.187
99029,ink_hi:0.551
98930,blobs:53
98955,blobs:75
98970,blobs:52
99121,ink_hi:0.741
99047,main_frac:0.170
99238,ink_hi:0.586
99396,ink_hi:0.735
99595,blobs:121;main_frac:0.079
99998,blobs:54
