image_path,canny_path,skeleton_path,calligrapher,script,character,calligrapher_id,script_id,character_id
images/春秋僖公石经/篆/楚/317289.png,canny/春秋僖公石经/篆/楚/317289.png,skeleton/春秋僖公石经/篆/楚/317289.png,春秋僖公石经,篆,楚,1008,7,3527
images/洪武正韵/印/緼/233747.png,canny/洪武正韵/印/緼/233747.png,skeleton/洪武正韵/印/緼/233747.png,洪武正韵,印,緼,1249,2,5257
images/包山/简/於/108980.png,canny/包山/简/於/108980.png,skeleton/包山/简/於/108980.png,包山,简,於,553,6,3165
images/天星观/简/自/308049.png,canny/天星观/简/自/308049.png,skeleton/天星观/简/自/308049.png,天星观,简,自,717,6,5590
images/九店/简/癸/304904.png,canny/九店/简/癸/304904.png,skeleton/九店/简/癸/304904.png,九店,简,癸,414,6,4613
images/新蔡葛陵/简/尚/297359.png,canny/新蔡葛陵/简/尚/297359.png,skeleton/新蔡葛陵/简/尚/297359.png,新蔡葛陵,简,尚,986,6,2240
images/宾组/甲骨/玨/181142.png,canny/宾组/甲骨/玨/181142.png,skeleton/宾组/甲骨/玨/181142.png,宾组,甲骨,玨,788,4,4369
images/沈尹默/行/寄/28419.png,canny/沈尹默/行/寄/28419.png,skeleton/沈尹默/行/寄/28419.png,沈尹默,行,寄,1227,9,2177
images/开成石经/石/鎮/168903.png,canny/开成石经/石/鎮/168903.png,skeleton/开成石经/石/鎮/168903.png,开成石经,石,鎮,852,5,7026
images/洪武正韵/印/悾/229894.png,canny/洪武正韵/印/悾/229894.png,skeleton/洪武正韵/印/悾/229894.png,洪武正韵,印,悾,1249,2,2677
images/赵佶/楷/豫/50509.png,canny/赵佶/楷/豫/50509.png,skeleton/赵佶/楷/豫/50509.png,赵佶,楷,豫,1666,3,6404
images/高翔/六体/梅/348116.png,canny/高翔/六体/梅/348116.png,skeleton/高翔/六体/梅/348116.png,高翔,六体,梅,1958,0,3466
images/上博/简/成/299201.png,canny/上博/简/成/299201.png,skeleton/上博/简/成/299201.png,上博,简,成,399,6,2809
images/开成石经/石/曰/162326.png,canny/开成石经/石/曰/162326.png,skeleton/开成石经/石/曰/162326.png,开成石经,石,曰,852,5,3297
images/潘伯鹰/草/矣/29680.png,canny/潘伯鹰/草/矣/29680.png,skeleton/潘伯鹰/草/矣/29680.png,潘伯鹰,草,矣,1264,8,4748
images/西周中期/金/從/141887.png,canny/西周中期/金/從/141887.png,skeleton/西周中期/金/從/141887.png,西周中期,金,從,1610,10,2562
images/西周晚期/金/敢/143150.png,canny/西周晚期/金/敢/143150.png,skeleton/西周晚期/金/敢/143150.png,西周晚期,金,敢,1614,10,3120
images/隶释隶续/篆/卲/194104.png,canny/隶释隶续/篆/卲/194104.png,skeleton/隶释隶续/篆/卲/194104.png,隶释隶续,篆,卲,1888,7,1485
images/单晓天/六体/什/69403.png,canny/单晓天/六体/什/69403.png,skeleton/单晓天/六体/什/69403.png,单晓天,六体,什,562,0,965
images/吴昌硕/行/蔬/05295.png,canny/吴昌硕/行/蔬/05295.png,skeleton/吴昌硕/行/蔬/05295.png,吴昌硕,行,蔬,650,9,5848
images/张瑞图/六体/盆/74344.png,canny/张瑞图/六体/盆/74344.png,skeleton/张瑞图/六体/盆/74344.png,张瑞图,六体,盆,886,0,4639
images/吴大澂/篆/虚/04094.png,canny/吴大澂/篆/虚/04094.png,skeleton/吴大澂/篆/虚/04094.png,吴大澂,篆,虚,638,7,5933
images/黄士陵/六体/莠/91937.png,canny/黄士陵/六体/莠/91937.png,skeleton/黄士陵/六体/莠/91937.png,黄士陵,六体,莠,1983,0,5747
images/包山/简/東/301830.png,canny/包山/简/東/301830.png,skeleton/包山/简/東/301830.png,包山,简,東,553,6,3366
images/广韵/印/閒/221217.png,canny/广韵/印/閒/221217.png,skeleton/广韵/印/閒/221217.png,广韵,印,閒,831,2,7088
images/康熙字典/印/湩/269687.png,canny/康熙字典/印/湩/269687.png,skeleton/康熙字典/印/湩/269687.png,康熙字典,印,湩,842,2,3985
images/天星观/简/咎/103495.png,canny/天星观/简/咎/103495.png,skeleton/天星观/简/咎/103495.png,天星观,简,咎,717,6,1619
images/王羲之/行/流/34410.png,canny/王羲之/行/流/34410.png,skeleton/王羲之/行/流/34410.png,王羲之,行,流,1353,9,3863
images/春秋晚期/金/遊/324280.png,canny/春秋晚期/金/遊/324280.png,skeleton/春秋晚期/金/遊/324280.png,春秋晚期,金,遊,1011,10,6749
images/集篆古文韵海/篆/楍/204929.png,canny/集篆古文韵海/篆/楍/204929.png,skeleton/集篆古文韵海/篆/楍/204929.png,集篆古文韵海,篆,楍,1897,7,3522
images/黄组/甲骨/東/179240.png,canny/黄组/甲骨/東/179240.png,skeleton/黄组/甲骨/東/179240.png,黄组,甲骨,東,1995,4,3366
images/西周早期/金/彞/141474.png,canny/西周早期/金/彞/141474.png,skeleton/西周早期/金/彞/141474.png,西周早期,金,彞,1612,10,2523
images/乾隆/六体/髫/67930.png,canny/乾隆/六体/髫/67930.png,skeleton/乾隆/六体/髫/67930.png,乾隆,六体,髫,415,0,7548
images/广韵/印/麀/223818.png,canny/广韵/印/麀/223818.png,skeleton/广韵/印/麀/223818.png,广韵,印,麀,831,2,7676
images/翁闿运/六体/泥/83947.png,canny/翁闿运/六体/泥/83947.png,skeleton/翁闿运/六体/泥/83947.png,翁闿运,六体,泥,1495,0,3821
images/蔡襄/草/寜/44997.png,canny/蔡襄/草/寜/44997.png,skeleton/蔡襄/草/寜/44997.png,蔡襄,草,寜,1577,8,2194
images/黄庭坚/楷/聲/66785.png,canny/黄庭坚/楷/聲/66785.png,skeleton/黄庭坚/楷/聲/66785.png,黄庭坚,楷,聲,1988,3,5473
images/集篆古文韵海/篆/靜/222095.png,canny/集篆古文韵海/篆/靜/222095.png,skeleton/集篆古文韵海/篆/靜/222095.png,集篆古文韵海,篆,靜,1897,7,7290
images/null/隶/典/243657.png,canny/null/隶/典/243657.png,skeleton/null/隶/典/243657.png,null,隶,典,370,11,1249
images/篆刻/篆/盂/356012.png,canny/篆刻/篆/盂/356012.png,skeleton/篆刻/篆/盂/356012.png,篆刻,篆,盂,1464,7,4635
images/包山/简/青/119900.png,canny/包山/简/青/119900.png,skeleton/包山/简/青/119900.png,包山,简,青,553,6,7287
images/熹平石经/石/慍/250622.png,canny/熹平石经/石/慍/250622.png,skeleton/熹平石经/石/慍/250622.png,熹平石经,石,慍,1278,5,2739
images/赵佶/楷/口/49599.png,canny/赵佶/楷/口/49599.png,skeleton/赵佶/楷/口/49599.png,赵佶,楷,口,1666,3,1543
images/郭店/简/聖/115923.png,canny/郭店/简/聖/115923.png,skeleton/郭店/简/聖/115923.png,郭店,简,聖,1759,6,5466
images/郭店/简/非/119979.png,canny/郭店/简/非/119979.png,skeleton/郭店/简/非/119979.png,郭店,简,非,1759,6,7291
images/吴大澂/篆/齒/04278.png,canny/吴大澂/篆/齒/04278.png,skeleton/吴大澂/篆/齒/04278.png,吴大澂,篆,齒,638,7,7742
images/张家山/简/乾/241648.png,canny/张家山/简/乾/241648.png,skeleton/张家山/简/乾/241648.png,张家山,简,乾,869,6,928
images/苏轼/行/日/42359.png,canny/苏轼/行/日/42359.png,skeleton/苏轼/行/日/42359.png,苏轼,行,日,1527,9,3191
images/包山/简/己/106664.png,canny/包山/简/己/106664.png,skeleton/包山/简/己/106664.png,包山,简,己,553,6,2357
images/上博/简/之/97282.png,canny/上博/简/之/97282.png,skeleton/上博/简/之/97282.png,上博,简,之,399,6,913
images/三体石经/篆/曹/93670.png,canny/三体石经/篆/曹/93670.png,skeleton/三体石经/篆/曹/93670.png,三体石经,篆,曹,393,7,3304
images/宾组/甲骨/妌/175477.png,canny/宾组/甲骨/妌/175477.png,skeleton/宾组/甲骨/妌/175477.png,宾组,甲骨,妌,788,4,1998
images/吴玉如/楷/鶴/284431.png,canny/吴玉如/楷/鶴/284431.png,skeleton/吴玉如/楷/鶴/284431.png,吴玉如,楷,鶴,653,3,7647
images/宋克/草/汙/08814.png,canny/宋克/草/汙/08814.png,skeleton/宋克/草/汙/08814.png,宋克,草,汙,767,8,3747
images/包山/简/癸/304921.png,canny/包山/简/癸/304921.png,skeleton/包山/简/癸/304921.png,包山,简,癸,553,6,4613
images/赵孟坚/行/曾/203997.png,canny/赵孟坚/行/曾/203997.png,skeleton/赵孟坚/行/曾/203997.png,赵孟坚,行,曾,1672,9,3307
images/西周晚期/金/單/136019.png,canny/西周晚期/金/單/136019.png,skeleton/西周晚期/金/單/136019.png,西周晚期,金,單,1614,10,1700
images/说文解字/篆/隘/317950.png,canny/说文解字/篆/隘/317950.png,skeleton/说文解字/篆/隘/317950.png,说文解字,篆,隘,1639,7,7197
images/包山/简/鄜/119165.png,canny/包山/简/鄜/119165.png,skeleton/包山/简/鄜/119165.png,包山,简,鄜,553,6,6860
images/null/隶/朱/252916.png,canny/null/隶/朱/252916.png,skeleton/null/隶/朱/252916.png,null,隶,朱,370,11,3335
images/黄易/隶/羡/271431.png,canny/黄易/隶/羡/271431.png,skeleton/黄易/隶/羡/271431.png,黄易,隶,羡,1990,11,5392
images/李怀琳/草/善/18917.png,canny/李怀琳/草/善/18917.png,skeleton/李怀琳/草/善/18917.png,李怀琳,草,善,1070,8,1682
images/宾组/甲骨/#L020b1d/186651.png,canny/宾组/甲骨/#L020b1d/186651.png,skeleton/宾组/甲骨/#L020b1d/186651.png,宾组,甲骨,#L020b1d,788,4,71
images/唐/楷/陶/370275.png,canny/唐/楷/陶/370275.png,skeleton/唐/楷/陶/370275.png,唐,楷,陶,679,3,7177
images/null/隶/賞/261334.png,canny/null/隶/賞/261334.png,skeleton/null/隶/賞/261334.png,null,隶,賞,370,11,6464
images/郭店/简/非/119957.png,canny/郭店/简/非/119957.png,skeleton/郭店/简/非/119957.png,郭店,简,非,1759,6,7291
images/褚遂良/楷/攻/47266.png,canny/褚遂良/楷/攻/47266.png,skeleton/褚遂良/楷/攻/47266.png,褚遂良,楷,攻,1606,3,3095
images/邓文原/草/總/55036.png,canny/邓文原/草/總/55036.png,skeleton/邓文原/草/總/55036.png,邓文原,草,總,1716,8,5282
images/颜真卿/六体/提/91422.png,canny/颜真卿/六体/提/91422.png,skeleton/颜真卿/六体/提/91422.png,颜真卿,六体,提,1930,0,2995
images/宾组/甲骨/#L02bef8/188636.png,canny/宾组/甲骨/#L02bef8/188636.png,skeleton/宾组/甲骨/#L02bef8/188636.png,宾组,甲骨,#L02bef8,788,4,554
images/洪武正韵/印/匋/228081.png,canny/洪武正韵/印/匋/228081.png,skeleton/洪武正韵/印/匋/228081.png,洪武正韵,印,匋,1249,2,1429
images/篆刻/篆/蜕/364884.png,canny/篆刻/篆/蜕/364884.png,skeleton/篆刻/篆/蜕/364884.png,篆刻,篆,蜕,1464,7,5978
images/王铎/隶/行/36148.png,canny/王铎/隶/行/36148.png,skeleton/王铎/隶/行/36148.png,王铎,隶,行,1366,11,6040
images/邵二泉/行/楓/56461.png,canny/邵二泉/行/楓/56461.png,skeleton/邵二泉/行/楓/56461.png,邵二泉,行,楓,1726,9,3523
images/翁方纲/隶/松/41376.png,canny/翁方纲/隶/松/41376.png,skeleton/翁方纲/隶/松/41376.png,翁方纲,隶,松,1492,11,3374
images/包山/简/廷/106961.png,canny/包山/简/廷/106961.png,skeleton/包山/简/廷/106961.png,包山,简,廷,553,6,2469
images/睡虎地/简/至/281966.png,canny/睡虎地/简/至/281966.png,skeleton/睡虎地/简/至/281966.png,睡虎地,简,至,1398,6,5595
images/碑刻/隶/赞/366763.png,canny/碑刻/隶/赞/366763.png,skeleton/碑刻/隶/赞/366763.png,碑刻,隶,赞,1419,11,6502
images/null/隶/矣/239645.png,canny/null/隶/矣/239645.png,skeleton/null/隶/矣/239645.png,null,隶,矣,370,11,4748
images/夕阳坡/简/與/116701.png,canny/夕阳坡/简/與/116701.png,skeleton/夕阳坡/简/與/116701.png,夕阳坡,简,與,712,6,5609
images/篆刻/篆/冬/330261.png,canny/篆刻/篆/冬/330261.png,skeleton/篆刻/篆/冬/330261.png,篆刻,篆,冬,1464,7,1278
images/怀素/草/晝/12917.png,canny/怀素/草/晝/12917.png,skeleton/怀素/草/晝/12917.png,怀素,草,晝,949,8,3242
images/null/隶/瑕/93934.png,canny/null/隶/瑕/93934.png,skeleton/null/隶/瑕/93934.png,null,隶,瑕,370,11,4421
images/怀仁/楷/行/12171.png,canny/怀仁/楷/行/12171.png,skeleton/怀仁/楷/行/12171.png,怀仁,楷,行,948,3,6040
images/西周早期/金/髙/153120.png,canny/西周早期/金/髙/153120.png,skeleton/西周早期/金/髙/153120.png,西周早期,金,髙,1612,10,7542
images/蔡卞/行/君/194763.png,canny/蔡卞/行/君/194763.png,skeleton/蔡卞/行/君/194763.png,蔡卞,行,君,1572,9,1576
images/历组/甲骨/#L030867/189310.png,canny/历组/甲骨/#L030867/189310.png,skeleton/历组/甲骨/#L030867/189310.png,历组,甲骨,#L030867,574,4,647
images/劉炟/行/温/351797.png,canny/劉炟/行/温/351797.png,skeleton/劉炟/行/温/351797.png,劉炟,行,温,544,9,3964
images/洪武正韵/印/必/229773.png,canny/洪武正韵/印/必/229773.png,skeleton/洪武正韵/印/必/229773.png,洪武正韵,印,必,1249,2,2580
images/颜真卿/楷/巢/61982.png,canny/颜真卿/楷/巢/61982.png,skeleton/颜真卿/楷/巢/61982.png,颜真卿,楷,巢,1930,3,2349
images/睡虎地/简/六/276013.png,canny/睡虎地/简/六/276013.png,skeleton/睡虎地/简/六/276013.png,睡虎地,简,六,1398,6,1241
images/汗简/篆/傁/192248.png,canny/汗简/篆/傁/192248.png,skeleton/汗简/篆/傁/192248.png,汗简,篆,傁,1197,7,1153
images/西周晚期或春秋早期/金/鬲/153198.png,canny/西周晚期或春秋早期/金/鬲/153198.png,skeleton/西周晚期或春秋早期/金/鬲/153198.png,西周晚期或春秋早期,金,鬲,1615,10,7567
images/邓琰/篆/河/55710.png,canny/邓琰/篆/河/55710.png,skeleton/邓琰/篆/河/55710.png,邓琰,篆,河,1717,7,3797
images/开成石经/石/將/159813.png,canny/开成石经/石/將/159813.png,skeleton/开成石经/石/將/159813.png,开成石经,石,將,852,5,2224
images/王宠/草/荘/30560.png,canny/王宠/草/荘/30560.png,skeleton/王宠/草/荘/30560.png,王宠,草,荘,1307,8,5729
images/陈鸿寿/隶/䣊/60170.png,canny/陈鸿寿/隶/䣊/60170.png,skeleton/陈鸿寿/隶/䣊/60170.png,陈鸿寿,隶,䣊,1880,11,836
images/新蔡葛陵/简/見/309039.png,canny/新蔡葛陵/简/見/309039.png,skeleton/新蔡葛陵/简/見/309039.png,新蔡葛陵,简,見,986,6,6141
images/郭店/简/允/291051.png,canny/郭店/简/允/291051.png,skeleton/郭店/简/允/291051.png,郭店,简,允,1759,6,1212
images/广韵/印/盤/210074.png,canny/广韵/印/盤/210074.png,skeleton/广韵/印/盤/210074.png,广韵,印,盤,831,2,4657
images/开成石经/石/孔/159343.png,canny/开成石经/石/孔/159343.png,skeleton/开成石经/石/孔/159343.png,开成石经,石,孔,852,5,2107
images/张家山/简/竝/257489.png,canny/张家山/简/竝/257489.png,skeleton/张家山/简/竝/257489.png,张家山,简,竝,869,6,4977
images/熹平石经/石/乃/241277.png,canny/熹平石经/石/乃/241277.png,skeleton/熹平石经/石/乃/241277.png,熹平石经,石,乃,1278,5,909
images/古文四声韵/篆/束/204298.png,canny/古文四声韵/篆/束/204298.png,skeleton/古文四声韵/篆/束/204298.png,古文四声韵,篆,束,582,7,3360
images/侯马盟书/简/敢/143031.png,canny/侯马盟书/简/敢/143031.png,skeleton/侯马盟书/简/敢/143031.png,侯马盟书,简,敢,468,6,3120
images/null/楷/風/129738.png,canny/null/楷/風/129738.png,skeleton/null/楷/風/129738.png,null,楷,風,370,3,7398
images/郭店/简/不/97004.png,canny/郭店/简/不/97004.png,skeleton/郭店/简/不/97004.png,郭店,简,不,1759,6,877
images/张家山/简/市/248904.png,canny/张家山/简/市/248904.png,skeleton/张家山/简/市/248904.png,张家山,简,市,869,6,2369
images/米芾/行/盡/39853.png,canny/米芾/行/盡/39853.png,skeleton/米芾/行/盡/39853.png,米芾,行,盡,1471,9,4655
images/战国中期或晚期/金/厶/320060.png,canny/战国中期或晚期/金/厶/320060.png,skeleton/战国中期或晚期/金/厶/320060.png,战国中期或晚期,金,厶,958,10,1516
images/天星观/简/先/100274.png,canny/天星观/简/先/100274.png,skeleton/天星观/简/先/100274.png,天星观,简,先,717,6,1218
images/上博/简/#L03027f/123223.png,canny/上博/简/#L03027f/123223.png,skeleton/上博/简/#L03027f/123223.png,上博,简,#L03027f,399,6,624
images/睡虎地/简/耳/281786.png,canny/睡虎地/简/耳/281786.png,skeleton/睡虎地/简/耳/281786.png,睡虎地,简,耳,1398,6,5453
images/包山/简/囟/294917.png,canny/包山/简/囟/294917.png,skeleton/包山/简/囟/294917.png,包山,简,囟,553,6,1761
images/岳麓书院/简/得/278489.png,canny/岳麓书院/简/得/278489.png,skeleton/岳麓书院/简/得/278489.png,岳麓书院,简,得,815,6,2557
images/邓琰/篆/斯/55632.png,canny/邓琰/篆/斯/55632.png,skeleton/邓琰/篆/斯/55632.png,邓琰,篆,斯,1717,7,3159
images/胡问遂/六体/悦/84736.png,canny/胡问遂/六体/悦/84736.png,skeleton/胡问遂/六体/悦/84736.png,胡问遂,六体,悦,1512,0,2668
images/上博/简/石/305472.png,canny/上博/简/石/305472.png,skeleton/上博/简/石/305472.png,上博,简,石,399,6,4758
images/包山/简/之/288265.png,canny/包山/简/之/288265.png,skeleton/包山/简/之/288265.png,包山,简,之,553,6,913
images/洪武正韵/印/旬/230743.png,canny/洪武正韵/印/旬/230743.png,skeleton/洪武正韵/印/旬/230743.png,洪武正韵,印,旬,1249,2,3196
images/包山/简/楚/110638.png,canny/包山/简/楚/110638.png,skeleton/包山/简/楚/110638.png,包山,简,楚,553,6,3527
images/西周早期/金/殷/145549.png,canny/西周早期/金/殷/145549.png,skeleton/西周早期/金/殷/145549.png,西周早期,金,殷,1612,10,3694
images/李阳冰/篆/授/21362.png,canny/李阳冰/篆/授/21362.png,skeleton/李阳冰/篆/授/21362.png,李阳冰,篆,授,1095,7,2967
images/篆刻/篆/慰/342704.png,canny/篆刻/篆/慰/342704.png,skeleton/篆刻/篆/慰/342704.png,篆刻,篆,慰,1464,7,2755
images/张家山/简/窯/257462.png,canny/张家山/简/窯/257462.png,skeleton/张家山/简/窯/257462.png,张家山,简,窯,869,6,4964
images/康熙字典/印/笭/270977.png,canny/康熙字典/印/笭/270977.png,skeleton/康熙字典/印/笭/270977.png,康熙字典,印,笭,842,2,5008
images/null/隶/黃/264749.png,canny/null/隶/黃/264749.png,skeleton/null/隶/黃/264749.png,null,隶,黃,370,11,7696
images/陆柬之/行/叄/59346.png,canny/陆柬之/行/叄/59346.png,skeleton/陆柬之/行/叄/59346.png,陆柬之,行,叄,1834,9,1525
images/广韵/印/召/194547.png,canny/广韵/印/召/194547.png,skeleton/广韵/印/召/194547.png,广韵,印,召,831,2,1551
images/王宠/六体/泣/80749.png,canny/王宠/六体/泣/80749.png,skeleton/王宠/六体/泣/80749.png,王宠,六体,泣,1307,0,3820
images/曾侯乙墓/简/#L02c958/314686.png,canny/曾侯乙墓/简/#L02c958/314686.png,skeleton/曾侯乙墓/简/#L02c958/314686.png,曾侯乙墓,简,#L02c958,1027,6,584
images/九店/简/生/112855.png,canny/九店/简/生/112855.png,skeleton/九店/简/生/112855.png,九店,简,生,414,6,4485
images/集篆古文韵海/篆/庭/199409.png,canny/集篆古文韵海/篆/庭/199409.png,skeleton/集篆古文韵海/篆/庭/199409.png,集篆古文韵海,篆,庭,1897,7,2433
images/墨迹/隶/凤/330607.png,canny/墨迹/隶/凤/330607.png,skeleton/墨迹/隶/凤/330607.png,墨迹,隶,凤,707,11,1301
images/蔡卞/行/紹/212414.png,canny/蔡卞/行/紹/212414.png,skeleton/蔡卞/行/紹/212414.png,蔡卞,行,紹,1572,9,5174
images/广韵/印/直/210145.png,canny/广韵/印/直/210145.png,skeleton/广韵/印/直/210145.png,广韵,印,直,831,2,4669
images/康熙字典/印/竦/270944.png,canny/康熙字典/印/竦/270944.png,skeleton/康熙字典/印/竦/270944.png,康熙字典,印,竦,842,2,4983
images/上博/简/#L029acf/122206.png,canny/上博/简/#L029acf/122206.png,skeleton/上博/简/#L029acf/122206.png,上博,简,#L029acf,399,6,480
images/隶释隶续/篆/#L02848c/226623.png,canny/隶释隶续/篆/#L02848c/226623.png,skeleton/隶释隶续/篆/#L02848c/226623.png,隶释隶续,篆,#L02848c,1888,7,431
images/西周中期/金/穆/148343.png,canny/西周中期/金/穆/148343.png,skeleton/西周中期/金/穆/148343.png,西周中期,金,穆,1610,10,4924
images/上博/简/四/294839.png,canny/上博/简/四/294839.png,skeleton/上博/简/四/294839.png,上博,简,四,399,6,1759
images/西周晚期/金/馬/153032.png,canny/西周晚期/金/馬/153032.png,skeleton/西周晚期/金/馬/153032.png,西周晚期,金,馬,1614,10,7464
images/包山/简/命/294291.png,canny/包山/简/命/294291.png,skeleton/包山/简/命/294291.png,包山,简,命,553,6,1613
images/孙过庭/草/質/08172.png,canny/孙过庭/草/質/08172.png,skeleton/孙过庭/草/質/08172.png,孙过庭,草,質,754,8,6470
images/杨沂孙/六体/庠/78387.png,canny/杨沂孙/六体/庠/78387.png,skeleton/杨沂孙/六体/庠/78387.png,杨沂孙,六体,庠,1121,0,2428
images/熹平石经/石/向/245513.png,canny/熹平石经/石/向/245513.png,skeleton/熹平石经/石/向/245513.png,熹平石经,石,向,1278,5,1573
images/春秋晚期/金/卑/134534.png,canny/春秋晚期/金/卑/134534.png,skeleton/春秋晚期/金/卑/134534.png,春秋晚期,金,卑,1011,10,1464
images/墨迹/楷/她/336370.png,canny/墨迹/楷/她/336370.png,skeleton/墨迹/楷/她/336370.png,墨迹,楷,她,707,3,1988
images/战国晚期/金/內/133553.png,canny/战国晚期/金/內/133553.png,skeleton/战国晚期/金/內/133553.png,战国晚期,金,內,961,10,1235
images/颜真卿/楷/江/62502.png,canny/颜真卿/楷/江/62502.png,skeleton/颜真卿/楷/江/62502.png,颜真卿,楷,江,1930,3,3752
images/广韵/印/拕/201801.png,canny/广韵/印/拕/201801.png,skeleton/广韵/印/拕/201801.png,广韵,印,拕,831,2,2902
images/赵之谦/篆/縣/49110.png,canny/赵之谦/篆/縣/49110.png,skeleton/赵之谦/篆/縣/49110.png,赵之谦,篆,縣,1663,7,5271
images/农/楷/隆/370373.png,canny/农/楷/隆/370373.png,skeleton/农/楷/隆/370373.png,农,楷,隆,500,3,7185
images/西周早期/金/土/136342.png,canny/西周早期/金/土/136342.png,skeleton/西周早期/金/土/136342.png,西周早期,金,土,1612,10,1787
images/null/隶/狐/239466.png,canny/null/隶/狐/239466.png,skeleton/null/隶/狐/239466.png,null,隶,狐,370,11,4315
images/开成石经/石/草/166523.png,canny/开成石经/石/草/166523.png,skeleton/开成石经/石/草/166523.png,开成石经,石,草,852,5,5722
images/上博/简/身/118316.png,canny/上博/简/身/118316.png,skeleton/上博/简/身/118316.png,上博,简,身,399,6,6586
images/洪武正韵/印/漻/232020.png,canny/洪武正韵/印/漻/232020.png,skeleton/洪武正韵/印/漻/232020.png,洪武正韵,印,漻,1249,2,4053
images/上博/简/女/104864.png,canny/上博/简/女/104864.png,skeleton/上博/简/女/104864.png,上博,简,女,399,6,1985
images/九店/简/巳/297863.png,canny/九店/简/巳/297863.png,skeleton/九店/简/巳/297863.png,九店,简,巳,414,6,2359
images/增韵/印/芬/214549.png,canny/增韵/印/芬/214549.png,skeleton/增韵/印/芬/214549.png,增韵,印,芬,706,2,5659
images/集篆古文韵海/篆/#L02587b/226176.png,canny/集篆古文韵海/篆/#L02587b/226176.png,skeleton/集篆古文韵海/篆/#L02587b/226176.png,集篆古文韵海,篆,#L02587b,1897,7,331
images/篆刻/篆/菽/363602.png,canny/篆刻/篆/菽/363602.png,skeleton/篆刻/篆/菽/363602.png,篆刻,篆,菽,1464,7,5777
images/睡虎地/简/臣/281923.png,canny/睡虎地/简/臣/281923.png,skeleton/睡虎地/简/臣/281923.png,睡虎地,简,臣,1398,6,5585
images/包山/简/#L02ca2d/314709.png,canny/包山/简/#L02ca2d/314709.png,skeleton/包山/简/#L02ca2d/314709.png,包山,简,#L02ca2d,553,6,585
images/null/简/言/117469.png,canny/null/简/言/117469.png,skeleton/null/简/言/117469.png,null,简,言,370,6,6172
images/春秋中期/金/鼏/153773.png,canny/春秋中期/金/鼏/153773.png,skeleton/春秋中期/金/鼏/153773.png,春秋中期,金,鼏,1006,10,7727
images/篆刻/篆/配/369133.png,canny/篆刻/篆/配/369133.png,skeleton/篆刻/篆/配/369133.png,篆刻,篆,配,1464,7,6880
images/篆刻/篆/皋/355946.png,canny/篆刻/篆/皋/355946.png,skeleton/篆刻/篆/皋/355946.png,篆刻,篆,皋,1464,7,4624
images/郗超/行/啟/238176.png,canny/郗超/行/啟/238176.png,skeleton/郗超/行/啟/238176.png,郗超,行,啟,1755,9,1677
images/欧阳询/楷/惜/25514.png,canny/欧阳询/楷/惜/25514.png,skeleton/欧阳询/楷/惜/25514.png,欧阳询,楷,惜,1167,3,2691
images/徐三庚/六体/霞/74797.png,canny/徐三庚/六体/霞/74797.png,skeleton/徐三庚/六体/霞/74797.png,徐三庚,六体,霞,914,0,7270
images/欧阳询/六体/仲/79361.png,canny/欧阳询/六体/仲/79361.png,skeleton/欧阳询/六体/仲/79361.png,欧阳询,六体,仲,1167,0,992
images/篆刻/篆/芬/362355.png,canny/篆刻/篆/芬/362355.png,skeleton/篆刻/篆/芬/362355.png,篆刻,篆,芬,1464,7,5659
images/吴大澂/六体/仰/71122.png,canny/吴大澂/六体/仰/71122.png,skeleton/吴大澂/六体/仰/71122.png,吴大澂,六体,仰,638,0,991
images/张家山/简/已/248841.png,canny/张家山/简/已/248841.png,skeleton/张家山/简/已/248841.png,张家山,简,已,869,6,2358
images/邓琰/篆/然/55743.png,canny/邓琰/篆/然/55743.png,skeleton/邓琰/篆/然/55743.png,邓琰,篆,然,1717,7,4194
images/魏栖梧/楷/遞/63952.png,canny/魏栖梧/楷/遞/63952.png,skeleton/魏栖梧/楷/遞/63952.png,魏栖梧,楷,遞,1968,3,6766
images/王远/楷/帶/35387.png,canny/王远/楷/帶/35387.png,skeleton/王远/楷/帶/35387.png,王远,楷,帶,1363,3,2389
images/包山/简/君/293838.png,canny/包山/简/君/293838.png,skeleton/包山/简/君/293838.png,包山,简,君,553,6,1576
images/篆刻/篆/把/343349.png,canny/篆刻/篆/把/343349.png,skeleton/篆刻/篆/把/343349.png,篆刻,篆,把,1464,7,2869
images/组/甲骨/黍/186018.png,canny/组/甲骨/黍/186018.png,skeleton/组/甲骨/黍/186018.png,组,甲骨,黍,1480,4,7698
images/春秋晚期/金/隹/324686.png,canny/春秋晚期/金/隹/324686.png,skeleton/春秋晚期/金/隹/324686.png,春秋晚期,金,隹,1011,10,7213
images/篆刻/篆/笠/358731.png,canny/篆刻/篆/笠/358731.png,skeleton/篆刻/篆/笠/358731.png,篆刻,篆,笠,1464,7,5002
images/赵雍/草/問/54689.png,canny/赵雍/草/問/54689.png,skeleton/赵雍/草/問/54689.png,赵雍,草,問,1694,8,1670
images/西周早期/金/辛/150979.png,canny/西周早期/金/辛/150979.png,skeleton/西周早期/金/辛/150979.png,西周早期,金,辛,1612,10,6656
images/篆刻/篆/凄/330449.png,canny/篆刻/篆/凄/330449.png,skeleton/篆刻/篆/凄/330449.png,篆刻,篆,凄,1464,7,1288
images/篆刻/篆/句/332945.png,canny/篆刻/篆/句/332945.png,skeleton/篆刻/篆/句/332945.png,篆刻,篆,句,1464,7,1545
images/西周晚期/金/既/143796.png,canny/西周晚期/金/既/143796.png,skeleton/西周晚期/金/既/143796.png,西周晚期,金,既,1614,10,3188
images/文徵明/行/蓋/15559.png,canny/文徵明/行/蓋/15559.png,skeleton/文徵明/行/蓋/15559.png,文徵明,行,蓋,979,9,5827
images/null/隶/信/325590.png,canny/null/隶/信/325590.png,skeleton/null/隶/信/325590.png,null,隶,信,370,11,1092
images/郭店/简/大/104554.png,canny/郭店/简/大/104554.png,skeleton/郭店/简/大/104554.png,郭店,简,大,1759,6,1947
images/null/隶/于/241878.png,canny/null/隶/于/241878.png,skeleton/null/隶/于/241878.png,null,隶,于,370,11,936
images/吴昌硕/六体/峰/72197.png,canny/吴昌硕/六体/峰/72197.png,skeleton/吴昌硕/六体/峰/72197.png,吴昌硕,六体,峰,650,0,2303
images/西周晚期/金/是/144329.png,canny/西周晚期/金/是/144329.png,skeleton/西周晚期/金/是/144329.png,西周晚期,金,是,1614,10,3225
images/广韵/印/蠯/216285.png,canny/广韵/印/蠯/216285.png,skeleton/广韵/印/蠯/216285.png,广韵,印,蠯,831,2,6030
images/null/隶/眀/256712.png,canny/null/隶/眀/256712.png,skeleton/null/隶/眀/256712.png,null,隶,眀,370,11,4674
images/李阳冰/篆/陶/22149.png,canny/李阳冰/篆/陶/22149.png,skeleton/李阳冰/篆/陶/22149.png,李阳冰,篆,陶,1095,7,7177
images/索靖/草/忝/341367.png,canny/索靖/草/忝/341367.png,skeleton/索靖/草/忝/341367.png,索靖,草,忝,1473,8,2591
images/帛书/六体/密/338096.png,canny/帛书/六体/密/338096.png,skeleton/帛书/六体/密/338096.png,帛书,六体,密,827,0,2179
images/春秋/金/妊/137275.png,canny/春秋/金/妊/137275.png,skeleton/春秋/金/妊/137275.png,春秋,金,妊,1005,10,1997
images/广韵/印/炳/207809.png,canny/广韵/印/炳/207809.png,skeleton/广韵/印/炳/207809.png,广韵,印,炳,831,2,4163
images/郭店/简/人/99867.png,canny/郭店/简/人/99867.png,skeleton/郭店/简/人/99867.png,郭店,简,人,1759,6,964
images/吴叡/隶/美/02915.png,canny/吴叡/隶/美/02915.png,skeleton/吴叡/隶/美/02915.png,吴叡,隶,美,632,11,5387
images/战国晚期/金/師/321393.png,canny/战国晚期/金/師/321393.png,skeleton/战国晚期/金/師/321393.png,战国晚期,金,師,961,10,2383
images/天星观/简/於/109038.png,canny/天星观/简/於/109038.png,skeleton/天星观/简/於/109038.png,天星观,简,於,717,6,3165
images/赵构/楷/外/53760.png,canny/赵构/楷/外/53760.png,skeleton/赵构/楷/外/53760.png,赵构,楷,外,1685,3,1941
images/集篆古文韵海/篆/禸/211116.png,canny/集篆古文韵海/篆/禸/211116.png,skeleton/集篆古文韵海/篆/禸/211116.png,集篆古文韵海,篆,禸,1897,7,4870
images/唐寅/行/青/06835.png,canny/唐寅/行/青/06835.png,skeleton/唐寅/行/青/06835.png,唐寅,行,青,682,9,7287
images/1054/六体/不/326098.png,canny/1054/六体/不/326098.png,skeleton/1054/六体/不/326098.png,1054,六体,不,11,0,877
images/放马滩/简/所/278873.png,canny/放马滩/简/所/278873.png,skeleton/放马滩/简/所/278873.png,放马滩,简,所,971,6,2838
images/单晓天/六体/牟/70362.png,canny/单晓天/六体/牟/70362.png,skeleton/单晓天/六体/牟/70362.png,单晓天,六体,牟,562,0,4283
images/古文四声韵/楷/淨/206814.png,canny/古文四声韵/楷/淨/206814.png,skeleton/古文四声韵/楷/淨/206814.png,古文四声韵,楷,淨,582,3,3931
images/鲜于枢/草/簾/64621.png,canny/鲜于枢/草/簾/64621.png,skeleton/鲜于枢/草/簾/64621.png,鲜于枢,草,簾,1976,8,5091
images/赵孟/楷/誡/52981.png,canny/赵孟/楷/誡/52981.png,skeleton/赵孟/楷/誡/52981.png,赵孟,楷,誡,1671,3,6250
images/赵孟/行/皮/52350.png,canny/赵孟/行/皮/52350.png,skeleton/赵孟/行/皮/52350.png,赵孟,行,皮,1671,9,4630
images/上博/简/見/309005.png,canny/上博/简/見/309005.png,skeleton/上博/简/見/309005.png,上博,简,見,399,6,6141
images/花东子卜辞/甲骨/鼄/186082.png,canny/花东子卜辞/甲骨/鼄/186082.png,skeleton/花东子卜辞/甲骨/鼄/186082.png,花东子卜辞,甲骨,鼄,1515,4,7721
images/张家山/简/五/241907.png,canny/张家山/简/五/241907.png,skeleton/张家山/简/五/241907.png,张家山,简,五,869,6,941
images/鲜于枢/草/綵/64632.png,canny/鲜于枢/草/綵/64632.png,skeleton/鲜于枢/草/綵/64632.png,鲜于枢,草,綵,1976,8,5225
images/篆刻/篆/勇/331421.png,canny/篆刻/篆/勇/331421.png,skeleton/篆刻/篆/勇/331421.png,篆刻,篆,勇,1464,7,1397
images/郑述祖/楷/為/57270.png,canny/郑述祖/楷/為/57270.png,skeleton/郑述祖/楷/為/57270.png,郑述祖,楷,為,1751,3,4165
images/null/楷/規/284955.png,canny/null/楷/規/284955.png,skeleton/null/楷/規/284955.png,null,楷,規,370,3,6142
images/赵孟/隶/法/125198.png,canny/赵孟/隶/法/125198.png,skeleton/赵孟/隶/法/125198.png,赵孟,隶,法,1671,11,3812
images/郭店/简/方/108864.png,canny/郭店/简/方/108864.png,skeleton/郭店/简/方/108864.png,郭店,简,方,1759,6,3164
images/柳公权/楷/巽/23711.png,canny/柳公权/楷/巽/23711.png,skeleton/柳公权/楷/巽/23711.png,柳公权,楷,巽,1142,3,2365
images/熹平石经/石/宮/247944.png,canny/熹平石经/石/宮/247944.png,skeleton/熹平石经/石/宮/247944.png,熹平石经,石,宮,1278,5,2161
images/柳公权/楷/險/24411.png,canny/柳公权/楷/險/24411.png,skeleton/柳公权/楷/險/24411.png,柳公权,楷,險,1142,3,7206
images/祝允明/楷/颻/38591.png,canny/祝允明/楷/颻/38591.png,skeleton/祝允明/楷/颻/38591.png,祝允明,楷,颻,1429,3,7401
images/开成石经/石/伯/156593.png,canny/开成石经/石/伯/156593.png,skeleton/开成石经/石/伯/156593.png,开成石经,石,伯,852,5,1012
images/钟繇/行/傷/58855.png,canny/钟繇/行/傷/58855.png,skeleton/钟繇/行/傷/58855.png,钟繇,行,傷,1785,9,1165
images/西周晚期/金/令/132730.png,canny/西周晚期/金/令/132730.png,skeleton/西周晚期/金/令/132730.png,西周晚期,金,令,1614,10,988
images/智永/楷/傍/16103.png,canny/智永/楷/傍/16103.png,skeleton/智永/楷/傍/16103.png,智永,楷,傍,1015,3,1155
images/欧阳询/楷/福/26134.png,canny/欧阳询/楷/福/26134.png,skeleton/欧阳询/楷/福/26134.png,欧阳询,楷,福,1167,3,4854
images/集篆古文韵海/篆/尙/198389.png,canny/集篆古文韵海/篆/尙/198389.png,skeleton/集篆古文韵海/篆/尙/198389.png,集篆古文韵海,篆,尙,1897,7,2239
images/郭店/简/言/117576.png,canny/郭店/简/言/117576.png,skeleton/郭店/简/言/117576.png,郭店,简,言,1759,6,6172
images/篆刻/篆/装/365386.png,canny/篆刻/篆/装/365386.png,skeleton/篆刻/篆/装/365386.png,篆刻,篆,装,1464,7,6082
images/赵之谦/楷/旅/48806.png,canny/赵之谦/楷/旅/48806.png,skeleton/赵之谦/楷/旅/48806.png,赵之谦,楷,旅,1663,3,3172
images/黄伯思/隶/興/214305.png,canny/黄伯思/隶/興/214305.png,skeleton/黄伯思/隶/興/214305.png,黄伯思,隶,興,1981,11,5610
images/开成石经/石/赴/167959.png,canny/开成石经/石/赴/167959.png,skeleton/开成石经/石/赴/167959.png,开成石经,石,赴,852,5,6510
images/望山/简/丹/287959.png,canny/望山/简/丹/287959.png,skeleton/望山/简/丹/287959.png,望山,简,丹,1035,6,903
images/篆刻/篆/沂/349999.png,canny/篆刻/篆/沂/349999.png,skeleton/篆刻/篆/沂/349999.png,篆刻,篆,沂,1464,7,3771
images/赵孟/隶/通/53159.png,canny/赵孟/隶/通/53159.png,skeleton/赵孟/隶/通/53159.png,赵孟,隶,通,1671,11,6726
images/篆刻/篆/仰/327617.png,canny/篆刻/篆/仰/327617.png,skeleton/篆刻/篆/仰/327617.png,篆刻,篆,仰,1464,7,991
images/望山/简/紪/114633.png,canny/望山/简/紪/114633.png,skeleton/望山/简/紪/114633.png,望山,简,紪,1035,6,5166
images/广韵/印/佇/191649.png,canny/广韵/印/佇/191649.png,skeleton/广韵/印/佇/191649.png,广韵,印,佇,831,2,1023
images/春秋早期/金/彝/140871.png,canny/春秋早期/金/彝/140871.png,skeleton/春秋早期/金/彝/140871.png,春秋早期,金,彝,1009,10,2522
images/王铎/草/隨/36277.png,canny/王铎/草/隨/36277.png,skeleton/王铎/草/隨/36277.png,王铎,草,隨,1366,8,7204
images/篆刻/篆/荆/363069.png,canny/篆刻/篆/荆/363069.png,skeleton/篆刻/篆/荆/363069.png,篆刻,篆,荆,1464,7,5720
images/增韵/印/勺/193705.png,canny/增韵/印/勺/193705.png,skeleton/增韵/印/勺/193705.png,增韵,印,勺,706,2,1420
images/古文四声韵/篆/晩/203727.png,canny/古文四声韵/篆/晩/203727.png,skeleton/古文四声韵/篆/晩/203727.png,古文四声韵,篆,晩,582,7,3250
images/杨凝式/楷/猥/112459.png,canny/杨凝式/楷/猥/112459.png,skeleton/杨凝式/楷/猥/112459.png,杨凝式,楷,猥,1114,3,4335
images/上博/简/氏/111096.png,canny/上博/简/氏/111096.png,skeleton/上博/简/氏/111096.png,上博,简,氏,399,6,3723
images/篆刻/篆/庇/340007.png,canny/篆刻/篆/庇/340007.png,skeleton/篆刻/篆/庇/340007.png,篆刻,篆,庇,1464,7,2419
images/熹平石经/石/稱/257311.png,canny/熹平石经/石/稱/257311.png,skeleton/熹平石经/石/稱/257311.png,熹平石经,石,稱,1278,5,4917
images/篆刻/篆/禁/357427.png,canny/篆刻/篆/禁/357427.png,skeleton/篆刻/篆/禁/357427.png,篆刻,篆,禁,1464,7,4847
images/王铎/行/鐵/36250.png,canny/王铎/行/鐵/36250.png,skeleton/王铎/行/鐵/36250.png,王铎,行,鐵,1366,9,7048
images/篆刻/篆/苟/362685.png,canny/篆刻/篆/苟/362685.png,skeleton/篆刻/篆/苟/362685.png,篆刻,篆,苟,1464,7,5682
images/春秋/金/㫷/130097.png,canny/春秋/金/㫷/130097.png,skeleton/春秋/金/㫷/130097.png,春秋,金,㫷,1005,10,744
images/集篆古文韵海/篆/聶/213635.png,canny/集篆古文韵海/篆/聶/213635.png,skeleton/集篆古文韵海/篆/聶/213635.png,集篆古文韵海,篆,聶,1897,7,5476
images/春秋早期/金/孟/137823.png,canny/春秋早期/金/孟/137823.png,skeleton/春秋早期/金/孟/137823.png,春秋早期,金,孟,1009,10,2116
images/广韵/印/留/209448.png,canny/广韵/印/留/209448.png,skeleton/广韵/印/留/209448.png,广韵,印,留,831,2,4514
images/帛书/六体/或/342900.png,canny/帛书/六体/或/342900.png,skeleton/帛书/六体/或/342900.png,帛书,六体,或,827,0,2815
images/陈恭尹/隶/東/268911.png,canny/陈恭尹/隶/東/268911.png,skeleton/陈恭尹/隶/東/268911.png,陈恭尹,隶,東,1851,11,3366
images/篆刻/篆/愕/342468.png,canny/篆刻/篆/愕/342468.png,skeleton/篆刻/篆/愕/342468.png,篆刻,篆,愕,1464,7,2716
images/熹平石经/石/儀/243063.png,canny/熹平石经/石/儀/243063.png,skeleton/熹平石经/石/儀/243063.png,熹平石经,石,儀,1278,5,1190
images/索靖/六体/偶/83343.png,canny/索靖/六体/偶/83343.png,skeleton/索靖/六体/偶/83343.png,索靖,六体,偶,1473,0,1148
images/王铎/草/恨/35752.png,canny/王铎/草/恨/35752.png,skeleton/王铎/草/恨/35752.png,王铎,草,恨,1366,8,2640
images/王羲之/六体/逃/367872.png,canny/王羲之/六体/逃/367872.png,skeleton/王羲之/六体/逃/367872.png,王羲之,六体,逃,1353,0,6715
images/天星观/简/為/111660.png,canny/天星观/简/為/111660.png,skeleton/天星观/简/為/111660.png,天星观,简,為,717,6,4165
images/王铎/行/誰/36169.png,canny/王铎/行/誰/36169.png,skeleton/王铎/行/誰/36169.png,王铎,行,誰,1366,9,6259
images/开成石经/石/等/165314.png,canny/开成石经/石/等/165314.png,skeleton/开成石经/石/等/165314.png,开成石经,石,等,852,5,5017
images/张家山/简/操/251327.png,canny/张家山/简/操/251327.png,skeleton/张家山/简/操/251327.png,张家山,简,操,869,6,3062
images/邓石如/六体/祠/88582.png,canny/邓石如/六体/祠/88582.png,skeleton/邓石如/六体/祠/88582.png,邓石如,六体,祠,1718,0,4833
images/赵之谦/隶/接/48768.png,canny/赵之谦/隶/接/48768.png,skeleton/赵之谦/隶/接/48768.png,赵之谦,隶,接,1663,11,2982
images/墨迹/篆/膝/361675.png,canny/墨迹/篆/膝/361675.png,skeleton/墨迹/篆/膝/361675.png,墨迹,篆,膝,707,7,5568
images/null/隶/并/249180.png,canny/null/隶/并/249180.png,skeleton/null/隶/并/249180.png,null,隶,并,370,11,2408
images/望山/简/之/288652.png,canny/望山/简/之/288652.png,skeleton/望山/简/之/288652.png,望山,简,之,1035,6,913
images/篆刻/篆/玩/354133.png,canny/篆刻/篆/玩/354133.png,skeleton/篆刻/篆/玩/354133.png,篆刻,篆,玩,1464,7,4370
images/null/隶/但/242517.png,canny/null/隶/但/242517.png,skeleton/null/隶/但/242517.png,null,隶,但,370,11,1022
images/张家山/简/秏/257200.png,canny/张家山/简/秏/257200.png,skeleton/张家山/简/秏/257200.png,张家山,简,秏,869,6,4887
images/null/楷/巳/238520.png,canny/null/楷/巳/238520.png,skeleton/null/楷/巳/238520.png,null,楷,巳,370,3,2359
images/永瑆/篆/暨/27743.png,canny/永瑆/篆/暨/27743.png,skeleton/永瑆/篆/暨/27743.png,永瑆,篆,暨,1195,7,3275
images/郭店/简/齊/120850.png,canny/郭店/简/齊/120850.png,skeleton/郭店/简/齊/120850.png,郭店,简,齊,1759,6,7738
images/篆刻/篆/貌/366593.png,canny/篆刻/篆/貌/366593.png,skeleton/篆刻/篆/貌/366593.png,篆刻,篆,貌,1464,7,6417
images/文徵明/草/浩/15175.png,canny/文徵明/草/浩/15175.png,skeleton/文徵明/草/浩/15175.png,文徵明,草,浩,979,8,3880
images/米芾/行/韵/40532.png,canny/米芾/行/韵/40532.png,skeleton/米芾/行/韵/40532.png,米芾,行,韵,1471,9,7336
images/天星观/简/㠯/95095.png,canny/天星观/简/㠯/95095.png,skeleton/天星观/简/㠯/95095.png,天星观,简,㠯,717,6,713
images/张家山/简/黔/264813.png,canny/张家山/简/黔/264813.png,skeleton/张家山/简/黔/264813.png,张家山,简,黔,869,6,7703
images/唐寅/行/對/06417.png,canny/唐寅/行/對/06417.png,skeleton/唐寅/行/對/06417.png,唐寅,行,對,682,9,2230
images/开成石经/石/鸚/169987.png,canny/开成石经/石/鸚/169987.png,skeleton/开成石经/石/鸚/169987.png,开成石经,石,鸚,852,5,7666
images/上博/简/#L02b29f/122381.png,canny/上博/简/#L02b29f/122381.png,skeleton/上博/简/#L02b29f/122381.png,上博,简,#L02b29f,399,6,514
images/赵孟/隶/淵/125239.png,canny/赵孟/隶/淵/125239.png,skeleton/赵孟/隶/淵/125239.png,赵孟,隶,淵,1671,11,3940
images/西周早期/金/諫/150366.png,canny/西周早期/金/諫/150366.png,skeleton/西周早期/金/諫/150366.png,西周早期,金,諫,1612,10,6283
images/李斯/篆/斯/19301.png,canny/李斯/篆/斯/19301.png,skeleton/李斯/篆/斯/19301.png,李斯,篆,斯,1073,7,3159
images/睡虎地/简/長/283408.png,canny/睡虎地/简/長/283408.png,skeleton/睡虎地/简/長/283408.png,睡虎地,简,長,1398,6,7077
images/原济/六体/徘/341057.png,canny/原济/六体/徘/341057.png,skeleton/原济/六体/徘/341057.png,原济,六体,徘,578,0,2558
images/null/隶/練/258095.png,canny/null/隶/練/258095.png,skeleton/null/隶/練/258095.png,null,隶,練,370,11,5252
images/三体石经/篆/臣/94144.png,canny/三体石经/篆/臣/94144.png,skeleton/三体石经/篆/臣/94144.png,三体石经,篆,臣,393,7,5585
images/篆刻/篆/孳/337422.png,canny/篆刻/篆/孳/337422.png,skeleton/篆刻/篆/孳/337422.png,篆刻,篆,孳,1464,7,2125
images/虞世南/楷/由/46381.png,canny/虞世南/楷/由/46381.png,skeleton/虞世南/楷/由/46381.png,虞世南,楷,由,1588,3,4495
images/宾组/甲骨/#L03018d/189077.png,canny/宾组/甲骨/#L03018d/189077.png,skeleton/宾组/甲骨/#L03018d/189077.png,宾组,甲骨,#L03018d,788,4,617
images/吴大澂/六体/旦/71500.png,canny/吴大澂/六体/旦/71500.png,skeleton/吴大澂/六体/旦/71500.png,吴大澂,六体,旦,638,0,3192
images/西周晚期/金/#L020020/153943.png,canny/西周晚期/金/#L020020/153943.png,skeleton/西周晚期/金/#L020020/153943.png,西周晚期,金,#L020020,1614,10,0
images/吴大澂/篆/爪/03932.png,canny/吴大澂/篆/爪/03932.png,skeleton/吴大澂/篆/爪/03932.png,吴大澂,篆,爪,638,7,4258
images/广韵/印/䀠/190046.png,canny/广韵/印/䀠/190046.png,skeleton/广韵/印/䀠/190046.png,广韵,印,䀠,831,2,776
images/黄庭坚/行/州/66069.png,canny/黄庭坚/行/州/66069.png,skeleton/黄庭坚/行/州/66069.png,黄庭坚,行,州,1988,9,2345
images/广韵/印/巠/198851.png,canny/广韵/印/巠/198851.png,skeleton/广韵/印/巠/198851.png,广韵,印,巠,831,2,2347
images/碑刻/隶/送/367868.png,canny/碑刻/隶/送/367868.png,skeleton/碑刻/隶/送/367868.png,碑刻,隶,送,1419,11,6714
images/睡虎地简牍/隶/賤/282821.png,canny/睡虎地简牍/隶/賤/282821.png,skeleton/睡虎地简牍/隶/賤/282821.png,睡虎地简牍,隶,賤,1399,11,6468
images/苏轼/行/破/42854.png,canny/苏轼/行/破/42854.png,skeleton/苏轼/行/破/42854.png,苏轼,行,破,1527,9,4769
images/碑刻/隶/览/365761.png,canny/碑刻/隶/览/365761.png,skeleton/碑刻/隶/览/365761.png,碑刻,隶,览,1419,11,6158
images/颜真卿/楷/恒/62111.png,canny/颜真卿/楷/恒/62111.png,skeleton/颜真卿/楷/恒/62111.png,颜真卿,楷,恒,1930,3,2630
images/春秋早期/金/左/139520.png,canny/春秋早期/金/左/139520.png,skeleton/春秋早期/金/左/139520.png,春秋早期,金,左,1009,10,2351
images/吴叡/篆/菜/03017.png,canny/吴叡/篆/菜/03017.png,skeleton/吴叡/篆/菜/03017.png,吴叡,篆,菜,632,7,5767
images/康熙字典/印/惛/268004.png,canny/康熙字典/印/惛/268004.png,skeleton/康熙字典/印/惛/268004.png,康熙字典,印,惛,842,2,2690
images/熹平石经/石/晉/252259.png,canny/熹平石经/石/晉/252259.png,skeleton/熹平石经/石/晉/252259.png,熹平石经,石,晉,1278,5,3235
images/信阳/简/鼑/312560.png,canny/信阳/简/鼑/312560.png,skeleton/信阳/简/鼑/312560.png,信阳,简,鼑,472,6,7729
images/西周早期/金/亏/131814.png,canny/西周早期/金/亏/131814.png,skeleton/西周早期/金/亏/131814.png,西周早期,金,亏,1612,10,937
images/曾侯乙墓/简/君/293924.png,canny/曾侯乙墓/简/君/293924.png,skeleton/曾侯乙墓/简/君/293924.png,曾侯乙墓,简,君,1027,6,1576
images/战国/金/距/324177.png,canny/战国/金/距/324177.png,skeleton/战国/金/距/324177.png,战国,金,距,956,10,6534
images/墨迹/篆/翥/360596.png,canny/墨迹/篆/翥/360596.png,skeleton/墨迹/篆/翥/360596.png,墨迹,篆,翥,707,7,5419
images/历无名间/甲骨/執/174829.png,canny/历无名间/甲骨/執/174829.png,skeleton/历无名间/甲骨/執/174829.png,历无名间,甲骨,執,573,4,1838
images/好太王碑/六体/今/327318.png,canny/好太王碑/六体/今/327318.png,skeleton/好太王碑/六体/今/327318.png,好太王碑,六体,今,725,0,972
images/李阳冰/篆/天/21117.png,canny/李阳冰/篆/天/21117.png,skeleton/李阳冰/篆/天/21117.png,李阳冰,篆,天,1095,7,1949
images/睡虎地/简/暴/279378.png,canny/睡虎地/简/暴/279378.png,skeleton/睡虎地/简/暴/279378.png,睡虎地,简,暴,1398,6,3278
images/汉/篆/榆/348592.png,canny/汉/篆/榆/348592.png,skeleton/汉/篆/榆/348592.png,汉,篆,榆,1196,7,3545
images/欧阳修/楷/岳/198657.png,canny/欧阳修/楷/岳/198657.png,skeleton/欧阳修/楷/岳/198657.png,欧阳修,楷,岳,1164,3,2291
images/望山/简/䢜/286474.png,canny/望山/简/䢜/286474.png,skeleton/望山/简/䢜/286474.png,望山,简,䢜,1035,6,831
images/张家山/简/午/244660.png,canny/张家山/简/午/244660.png,skeleton/张家山/简/午/244660.png,张家山,简,午,869,6,1459
images/怀素/草/邑/13573.png,canny/怀素/草/邑/13573.png,skeleton/怀素/草/邑/13573.png,怀素,草,邑,949,8,6801
images/孙过庭/六体/鄙/73530.png,canny/孙过庭/六体/鄙/73530.png,skeleton/孙过庭/六体/鄙/73530.png,孙过庭,六体,鄙,754,0,6859
images/null/隶/陶/263430.png,canny/null/隶/陶/263430.png,skeleton/null/隶/陶/263430.png,null,隶,陶,370,11,7177
images/包山/简/叴/293513.png,canny/包山/简/叴/293513.png,skeleton/包山/简/叴/293513.png,包山,简,叴,553,6,1557
images/商/金/且/170993.png,canny/商/金/且/170993.png,skeleton/商/金/且/170993.png,商,金,且,686,10,882
images/圆体类子卜辞/甲骨/涉/180219.png,canny/圆体类子卜辞/甲骨/涉/180219.png,skeleton/圆体类子卜辞/甲骨/涉/180219.png,圆体类子卜辞,甲骨,涉,696,4,3890
images/柳公权/行/本/23924.png,canny/柳公权/行/本/23924.png,skeleton/柳公权/行/本/23924.png,柳公权,行,本,1142,9,3332
images/null/隶/阿/325919.png,canny/null/隶/阿/325919.png,skeleton/null/隶/阿/325919.png,null,隶,阿,370,11,7148
images/篆刻/篆/浪/351097.png,canny/篆刻/篆/浪/351097.png,skeleton/篆刻/篆/浪/351097.png,篆刻,篆,浪,1464,7,3881
images/九店/简/坪/295070.png,canny/九店/简/坪/295070.png,skeleton/九店/简/坪/295070.png,九店,简,坪,414,6,1813
images/沈度/楷/孜/29162.png,canny/沈度/楷/孜/29162.png,skeleton/沈度/楷/孜/29162.png,沈度,楷,孜,1228,3,2114
images/郭店/简/敚/299922.png,canny/郭店/简/敚/299922.png,skeleton/郭店/简/敚/299922.png,郭店,简,敚,1759,6,3116
images/包山/简/言/117532.png,canny/包山/简/言/117532.png,skeleton/包山/简/言/117532.png,包山,简,言,553,6,6172
images/郭店/简/內/291270.png,canny/郭店/简/內/291270.png,skeleton/郭店/简/內/291270.png,郭店,简,內,1759,6,1235
images/篆刻/篆/革/371333.png,canny/篆刻/篆/革/371333.png,skeleton/篆刻/篆/革/371333.png,篆刻,篆,革,1464,7,7294
images/智永/楷/頗/17933.png,canny/智永/楷/頗/17933.png,skeleton/智永/楷/頗/17933.png,智永,楷,頗,1015,3,7355
images/古文砖/篆/母/205836.png,canny/古文砖/篆/母/205836.png,skeleton/古文砖/篆/母/205836.png,古文砖,篆,母,583,7,3708
images/增韵/印/珥/208934.png,canny/增韵/印/珥/208934.png,skeleton/增韵/印/珥/208934.png,增韵,印,珥,706,2,4388
images/集篆古文韵海/篆/我/201325.png,canny/集篆古文韵海/篆/我/201325.png,skeleton/集篆古文韵海/篆/我/201325.png,集篆古文韵海,篆,我,1897,7,2810
images/null/隶/王/325774.png,canny/null/隶/王/325774.png,skeleton/null/隶/王/325774.png,null,隶,王,370,11,4365
images/洪武正韵/印/謾/235417.png,canny/洪武正韵/印/謾/235417.png,skeleton/洪武正韵/印/謾/235417.png,洪武正韵,印,謾,1249,2,6318
images/西周早期/金/日/143964.png,canny/西周早期/金/日/143964.png,skeleton/西周早期/金/日/143964.png,西周早期,金,日,1612,10,3191
images/历组/甲骨/叀/173865.png,canny/历组/甲骨/叀/173865.png,skeleton/历组/甲骨/叀/173865.png,历组,甲骨,叀,574,4,1522
images/西周/金/曐/144408.png,canny/西周/金/曐/144408.png,skeleton/西周/金/曐/144408.png,西周,金,曐,1609,10,3287
images/墨迹/隶/孩/337390.png,canny/墨迹/隶/孩/337390.png,skeleton/墨迹/隶/孩/337390.png,墨迹,隶,孩,707,11,2121
images/徐三庚/六体/弦/74631.png,canny/徐三庚/六体/弦/74631.png,skeleton/徐三庚/六体/弦/74631.png,徐三庚,六体,弦,914,0,2498
images/黄组/甲骨/旬/178690.png,canny/黄组/甲骨/旬/178690.png,skeleton/黄组/甲骨/旬/178690.png,黄组,甲骨,旬,1995,4,3196
images/战国晚期/金/台/320126.png,canny/战国晚期/金/台/320126.png,skeleton/战国晚期/金/台/320126.png,战国晚期,金,台,961,10,1553
images/高正臣/行/壯/63597.png,canny/高正臣/行/壯/63597.png,skeleton/高正臣/行/壯/63597.png,高正臣,行,壯,1954,9,1920
images/张家山/简/病/256169.png,canny/张家山/简/病/256169.png,skeleton/张家山/简/病/256169.png,张家山,简,病,869,6,4564
images/洪武正韵/印/湲/231927.png,canny/洪武正韵/印/湲/231927.png,skeleton/洪武正韵/印/湲/231927.png,洪武正韵,印,湲,1249,2,3989
images/西周晚期/金/#L020336/154084.png,canny/西周晚期/金/#L020336/154084.png,skeleton/西周晚期/金/#L020336/154084.png,西周晚期,金,#L020336,1614,10,23
images/出组/甲骨/#L024ca5/187523.png,canny/出组/甲骨/#L024ca5/187523.png,skeleton/出组/甲骨/#L024ca5/187523.png,出组,甲骨,#L024ca5,511,4,298
images/汗简/篆/臨/214112.png,canny/汗简/篆/臨/214112.png,skeleton/汗简/篆/臨/214112.png,汗简,篆,臨,1197,7,5588
images/篆刻/篆/充/329435.png,canny/篆刻/篆/充/329435.png,skeleton/篆刻/篆/充/329435.png,篆刻,篆,充,1464,7,1215
images/康熙字典/印/焜/269928.png,canny/康熙字典/印/焜/269928.png,skeleton/康熙字典/印/焜/269928.png,康熙字典,印,焜,842,2,4185
images/篆刻/篆/菅/363493.png,canny/篆刻/篆/菅/363493.png,skeleton/篆刻/篆/菅/363493.png,篆刻,篆,菅,1464,7,5758
images/李阳冰/篆/獨/21638.png,canny/李阳冰/篆/獨/21638.png,skeleton/李阳冰/篆/獨/21638.png,李阳冰,篆,獨,1095,7,4350
images/篆刻/篆/渴/351840.png,canny/篆刻/篆/渴/351840.png,skeleton/篆刻/篆/渴/351840.png,篆刻,篆,渴,1464,7,3969
images/新蔡葛陵/简/郛/310768.png,canny/新蔡葛陵/简/郛/310768.png,skeleton/新蔡葛陵/简/郛/310768.png,新蔡葛陵,简,郛,986,6,6835
images/曾侯乙墓/简/囩/294957.png,canny/曾侯乙墓/简/囩/294957.png,skeleton/曾侯乙墓/简/囩/294957.png,曾侯乙墓,简,囩,1027,6,1765
images/宾组/甲骨/鼎/186110.png,canny/宾组/甲骨/鼎/186110.png,skeleton/宾组/甲骨/鼎/186110.png,宾组,甲骨,鼎,788,4,7726
images/null/隶/厥/244959.png,canny/null/隶/厥/244959.png,skeleton/null/隶/厥/244959.png,null,隶,厥,370,11,1510
images/篆刻/篆/舒/361983.png,canny/篆刻/篆/舒/361983.png,skeleton/篆刻/篆/舒/361983.png,篆刻,篆,舒,1464,7,5616
images/关沮/简/五/275499.png,canny/关沮/简/五/275499.png,skeleton/关沮/简/五/275499.png,关沮,简,五,490,6,941
images/望山/简/古/293179.png,canny/望山/简/古/293179.png,skeleton/望山/简/古/293179.png,望山,简,古,1035,6,1544
images/康里巎巎/草/暢/09433.png,canny/康里巎巎/草/暢/09433.png,skeleton/康里巎巎/草/暢/09433.png,康里巎巎,草,暢,844,8,3274
images/怀素/草/官/12618.png,canny/怀素/草/官/12618.png,skeleton/怀素/草/官/12618.png,怀素,草,官,949,8,2149
images/赵孟/行/迷/53151.png,canny/赵孟/行/迷/53151.png,skeleton/赵孟/行/迷/53151.png,赵孟,行,迷,1671,9,6706
images/智永/楷/斡/16812.png,canny/智永/楷/斡/16812.png,skeleton/智永/楷/斡/16812.png,智永,楷,斡,1015,3,3149
images/子弹库/简/凡/100895.png,canny/子弹库/简/凡/100895.png,skeleton/子弹库/简/凡/100895.png,子弹库,简,凡,740,6,1300
images/董其昌/六体/穿/85984.png,canny/董其昌/六体/穿/85984.png,skeleton/董其昌/六体/穿/85984.png,董其昌,六体,穿,1554,0,4944
images/开成石经/石/吕/158194.png,canny/开成石经/石/吕/158194.png,skeleton/开成石经/石/吕/158194.png,开成石经,石,吕,852,5,1575
images/增韵/印/晃/203627.png,canny/增韵/印/晃/203627.png,skeleton/增韵/印/晃/203627.png,增韵,印,晃,706,2,3233
images/欧阳询/行/意/25531.png,canny/欧阳询/行/意/25531.png,skeleton/欧阳询/行/意/25531.png,欧阳询,行,意,1167,9,2713
images/永瑆/篆/危/27642.png,canny/永瑆/篆/危/27642.png,skeleton/永瑆/篆/危/27642.png,永瑆,篆,危,1195,7,1484
images/杨沂孙/篆/頻/23217.png,canny/杨沂孙/篆/頻/23217.png,skeleton/杨沂孙/篆/頻/23217.png,杨沂孙,篆,頻,1121,7,7370
images/孙过庭/草/材/07618.png,canny/孙过庭/草/材/07618.png,skeleton/孙过庭/草/材/07618.png,孙过庭,草,材,754,8,3351
images/出師頌/行/易/345862.png,canny/出師頌/行/易/345862.png,skeleton/出師頌/行/易/345862.png,出師頌,行,易,510,9,3212
images/李斯/篆/制/19145.png,canny/李斯/篆/制/19145.png,skeleton/李斯/篆/制/19145.png,李斯,篆,制,1073,7,1338
images/放马滩/简/首/283780.png,canny/放马滩/简/首/283780.png,skeleton/放马滩/简/首/283780.png,放马滩,简,首,971,6,7458
images/颜真卿/六体/熊/91443.png,canny/颜真卿/六体/熊/91443.png,skeleton/颜真卿/六体/熊/91443.png,颜真卿,六体,熊,1930,0,4213
images/宋克/草/窳/08971.png,canny/宋克/草/窳/08971.png,skeleton/宋克/草/窳/08971.png,宋克,草,窳,767,8,4965
images/战国晚期/金/承/321985.png,canny/战国晚期/金/承/321985.png,skeleton/战国晚期/金/承/321985.png,战国晚期,金,承,961,10,2864
images/三体石经/篆/恵/93379.png,canny/三体石经/篆/恵/93379.png,skeleton/三体石经/篆/恵/93379.png,三体石经,篆,恵,393,7,2649
images/开成石经/石/餘/169660.png,canny/开成石经/石/餘/169660.png,skeleton/开成石经/石/餘/169660.png,开成石经,石,餘,852,5,7432
images/王敦/草/得/238614.png,canny/王敦/草/得/238614.png,skeleton/王敦/草/得/238614.png,王敦,草,得,1325,8,2557
images/黄庭坚/行/筆/66683.png,canny/黄庭坚/行/筆/66683.png,skeleton/黄庭坚/行/筆/66683.png,黄庭坚,行,筆,1988,9,5016
images/开成石经/石/沖/163306.png,canny/开成石经/石/沖/163306.png,skeleton/开成石经/石/沖/163306.png,开成石经,石,沖,852,5,3784
images/洪武正韵/印/搏/230436.png,canny/洪武正韵/印/搏/230436.png,skeleton/洪武正韵/印/搏/230436.png,洪武正韵,印,搏,1249,2,3014
images/赵佶/楷/篤/50288.png,canny/赵佶/楷/篤/50288.png,skeleton/赵佶/楷/篤/50288.png,赵佶,楷,篤,1666,3,5069
images/吴让之/六体/屋/72747.png,canny/吴让之/六体/屋/72747.png,skeleton/吴让之/六体/屋/72747.png,吴让之,六体,屋,657,0,2259
images/祝允明/楷/竟/38105.png,canny/祝允明/楷/竟/38105.png,skeleton/祝允明/楷/竟/38105.png,祝允明,楷,竟,1429,3,4979
images/蔡襄/楷/萬/45243.png,canny/蔡襄/楷/萬/45243.png,skeleton/蔡襄/楷/萬/45243.png,蔡襄,楷,萬,1577,3,5789
images/包山/简/矤/305467.png,canny/包山/简/矤/305467.png,skeleton/包山/简/矤/305467.png,包山,简,矤,553,6,4749
images/曾侯乙墓/简/呉/294159.png,canny/曾侯乙墓/简/呉/294159.png,skeleton/曾侯乙墓/简/呉/294159.png,曾侯乙墓,简,呉,1027,6,1599
images/张家山/简/都/262620.png,canny/张家山/简/都/262620.png,skeleton/张家山/简/都/262620.png,张家山,简,都,869,6,6849
images/陆柬之/行/吐/59352.png,canny/陆柬之/行/吐/59352.png,skeleton/陆柬之/行/吐/59352.png,陆柬之,行,吐,1834,9,1572
images/西周/甲骨/死/145502.png,canny/西周/甲骨/死/145502.png,skeleton/西周/甲骨/死/145502.png,西周,甲骨,死,1609,4,3675
images/碧落碑/六体/源/82635.png,canny/碧落碑/六体/源/82635.png,skeleton/碧落碑/六体/源/82635.png,碧落碑,六体,源,1424,0,3993
images/null/隶/賢/261347.png,canny/null/隶/賢/261347.png,skeleton/null/隶/賢/261347.png,null,隶,賢,370,11,6466
images/古文四声韵/篆/媺/197443.png,canny/古文四声韵/篆/媺/197443.png,skeleton/古文四声韵/篆/媺/197443.png,古文四声韵,篆,媺,582,7,2080
images/赵孟/六体/沫/86984.png,canny/赵孟/六体/沫/86984.png,skeleton/赵孟/六体/沫/86984.png,赵孟,六体,沫,1671,0,3793
images/吴大澂/六体/巷/71364.png,canny/吴大澂/六体/巷/71364.png,skeleton/吴大澂/六体/巷/71364.png,吴大澂,六体,巷,638,0,2362
images/开成石经/石/睦/164754.png,canny/开成石经/石/睦/164754.png,skeleton/开成石经/石/睦/164754.png,开成石经,石,睦,852,5,4715
images/古文四声韵/篆/川/198831.png,canny/古文四声韵/篆/川/198831.png,skeleton/古文四声韵/篆/川/198831.png,古文四声韵,篆,川,582,7,2344
images/颜师古/楷/灾/61267.png,canny/颜师古/楷/灾/61267.png,skeleton/颜师古/楷/灾/61267.png,颜师古,楷,灾,1929,3,4151
images/宾组/甲骨/雇/185045.png,canny/宾组/甲骨/雇/185045.png,skeleton/宾组/甲骨/雇/185045.png,宾组,甲骨,雇,788,4,7224
images/康熙字典/印/限/273603.png,canny/康熙字典/印/限/273603.png,skeleton/康熙字典/印/限/273603.png,康熙字典,印,限,842,2,7158
images/苏轼/行/挂/42274.png,canny/苏轼/行/挂/42274.png,skeleton/苏轼/行/挂/42274.png,苏轼,行,挂,1527,9,2923
images/米友仁/行/友/194396.png,canny/米友仁/行/友/194396.png,skeleton/米友仁/行/友/194396.png,米友仁,行,友,1469,9,1529
images/null/隶/晉/252269.png,canny/null/隶/晉/252269.png,skeleton/null/隶/晉/252269.png,null,隶,晉,370,11,3235
images/郭店/简/臣/116354.png,canny/郭店/简/臣/116354.png,skeleton/郭店/简/臣/116354.png,郭店,简,臣,1759,6,5585
images/翁闿运/六体/支/83829.png,canny/翁闿运/六体/支/83829.png,skeleton/翁闿运/六体/支/83829.png,翁闿运,六体,支,1495,0,3089
images/赵孟/六体/瞻/87065.png,canny/赵孟/六体/瞻/87065.png,skeleton/赵孟/六体/瞻/87065.png,赵孟,六体,瞻,1671,0,4738
images/上博/简/未/110278.png,canny/上博/简/未/110278.png,skeleton/上博/简/未/110278.png,上博,简,未,399,6,3330
images/郭店/简/丈/96195.png,canny/郭店/简/丈/96195.png,skeleton/郭店/简/丈/96195.png,郭店,简,丈,1759,6,872
images/西周晚期/金/首/152944.png,canny/西周晚期/金/首/152944.png,skeleton/西周晚期/金/首/152944.png,西周晚期,金,首,1614,10,7458
images/耷/楷/禽/357581.png,canny/耷/楷/禽/357581.png,skeleton/耷/楷/禽/357581.png,耷,楷,禽,1501,3,4875
images/文徵明/行/䟽/14375.png,canny/文徵明/行/䟽/14375.png,skeleton/文徵明/行/䟽/14375.png,文徵明,行,䟽,979,9,823
images/赵孟/行/筍/125621.png,canny/赵孟/行/筍/125621.png,skeleton/赵孟/行/筍/125621.png,赵孟,行,筍,1671,9,5021
images/广韵/印/蹄/218746.png,canny/广韵/印/蹄/218746.png,skeleton/广韵/印/蹄/218746.png,广韵,印,蹄,831,2,6562
images/null/隶/卓/244722.png,canny/null/隶/卓/244722.png,skeleton/null/隶/卓/244722.png,null,隶,卓,370,11,1466
images/篆刻/篆/赦/366813.png,canny/篆刻/篆/赦/366813.png,skeleton/篆刻/篆/赦/366813.png,篆刻,篆,赦,1464,7,6505
images/索靖/草/常/40848.png,canny/索靖/草/常/40848.png,skeleton/索靖/草/常/40848.png,索靖,草,常,1473,8,2391
images/张瑞图/草/洲/10731.png,canny/张瑞图/草/洲/10731.png,skeleton/张瑞图/草/洲/10731.png,张瑞图,草,洲,886,8,3853
images/增韵/印/縰/212847.png,canny/增韵/印/縰/212847.png,skeleton/增韵/印/縰/212847.png,增韵,印,縰,706,2,5275
images/开成石经/石/貴/167810.png,canny/开成石经/石/貴/167810.png,skeleton/开成石经/石/貴/167810.png,开成石经,石,貴,852,5,6440
images/开成石经/石/糾/165456.png,canny/开成石经/石/糾/165456.png,skeleton/开成石经/石/糾/165456.png,开成石经,石,糾,852,5,5140
images/null/隶/鼎/264865.png,canny/null/隶/鼎/264865.png,skeleton/null/隶/鼎/264865.png,null,隶,鼎,370,11,7726
images/春秋/金/年/139875.png,canny/春秋/金/年/139875.png,skeleton/春秋/金/年/139875.png,春秋,金,年,1005,10,2406
images/张家山/简/詹/260687.png,canny/张家山/简/詹/260687.png,skeleton/张家山/简/詹/260687.png,张家山,简,詹,869,6,6233
images/沈传师/楷/李/162560.png,canny/沈传师/楷/李/162560.png,skeleton/沈传师/楷/李/162560.png,沈传师,楷,李,1218,3,3349
images/包山/简/死/302319.png,canny/包山/简/死/302319.png,skeleton/包山/简/死/302319.png,包山,简,死,553,6,3675
images/李阳冰/篆/之/20855.png,canny/李阳冰/篆/之/20855.png,skeleton/李阳冰/篆/之/20855.png,李阳冰,篆,之,1095,7,913
images/陆柬之/行/疾/59683.png,canny/陆柬之/行/疾/59683.png,skeleton/陆柬之/行/疾/59683.png,陆柬之,行,疾,1834,9,4560
images/皇象/草/斫/36719.png,canny/皇象/草/斫/36719.png,skeleton/皇象/草/斫/36719.png,皇象,草,斫,1395,8,3155
images/康熙字典/印/磻/270706.png,canny/康熙字典/印/磻/270706.png,skeleton/康熙字典/印/磻/270706.png,康熙字典,印,磻,842,2,4802
images/宾组/甲骨/#L02bb60/188440.png,canny/宾组/甲骨/#L02bb60/188440.png,skeleton/宾组/甲骨/#L02bb60/188440.png,宾组,甲骨,#L02bb60,788,4,536
images/碑刻/楷/梗/348174.png,canny/碑刻/楷/梗/348174.png,skeleton/碑刻/楷/梗/348174.png,碑刻,楷,梗,1419,3,3469
images/文徵明/行/肅/15494.png,canny/文徵明/行/肅/15494.png,skeleton/文徵明/行/肅/15494.png,文徵明,行,肅,979,9,5484
images/增韵/印/眩/210317.png,canny/增韵/印/眩/210317.png,skeleton/增韵/印/眩/210317.png,增韵,印,眩,706,2,4696
images/开成石经/石/崔/160045.png,canny/开成石经/石/崔/160045.png,skeleton/开成石经/石/崔/160045.png,开成石经,石,崔,852,5,2312
images/春秋僖公石经/篆/正/93775.png,canny/春秋僖公石经/篆/正/93775.png,skeleton/春秋僖公石经/篆/正/93775.png,春秋僖公石经,篆,正,1008,7,3661
images/康熙字典/印/律/267794.png,canny/康熙字典/印/律/267794.png,skeleton/康熙字典/印/律/267794.png,康熙字典,印,律,842,2,2551
images/西周晚期/金/舊/149537.png,canny/西周晚期/金/舊/149537.png,skeleton/西周晚期/金/舊/149537.png,西周晚期,金,舊,1614,10,5612
images/岳麓书院/简/商/276897.png,canny/岳麓书院/简/商/276897.png,skeleton/岳麓书院/简/商/276897.png,岳麓书院,简,商,815,6,1668
images/何组/甲骨/#L02e067/188938.png,canny/何组/甲骨/#L02e067/188938.png,skeleton/何组/甲骨/#L02e067/188938.png,何组,甲骨,#L02e067,453,4,605
images/春秋晚期/金/次/145321.png,canny/春秋晚期/金/次/145321.png,skeleton/春秋晚期/金/次/145321.png,春秋晚期,金,次,1011,10,3627
images/郭店/简/戡/299402.png,canny/郭店/简/戡/299402.png,skeleton/郭店/简/戡/299402.png,郭店,简,戡,1759,6,2821
images/西周中期/金/眔/148000.png,canny/西周中期/金/眔/148000.png,skeleton/西周中期/金/眔/148000.png,西周中期,金,眔,1610,10,4684
images/王羲之/行/妹/33681.png,canny/王羲之/行/妹/33681.png,skeleton/王羲之/行/妹/33681.png,王羲之,行,妹,1353,9,2012
images/欧阳通/楷/留/27101.png,canny/欧阳通/楷/留/27101.png,skeleton/欧阳通/楷/留/27101.png,欧阳通,楷,留,1168,3,4514
images/张家山/简/兵/243542.png,canny/张家山/简/兵/243542.png,skeleton/张家山/简/兵/243542.png,张家山,简,兵,869,6,1246
images/郭店/简/㠯/286024.png,canny/郭店/简/㠯/286024.png,skeleton/郭店/简/㠯/286024.png,郭店,简,㠯,1759,6,713
images/广韵/印/昷/203616.png,canny/广韵/印/昷/203616.png,skeleton/广韵/印/昷/203616.png,广韵,印,昷,831,2,3228
images/西周晚期/金/孫/138034.png,canny/西周晚期/金/孫/138034.png,skeleton/西周晚期/金/孫/138034.png,西周晚期,金,孫,1614,10,2122
images/王羲之/草/西/240038.png,canny/王羲之/草/西/240038.png,skeleton/王羲之/草/西/240038.png,王羲之,草,西,1353,8,6136
images/朱耷/行/更/18169.png,canny/朱耷/行/更/18169.png,skeleton/朱耷/行/更/18169.png,朱耷,行,更,1050,9,3300
images/索靖/行/儒/329366.png,canny/索靖/行/儒/329366.png,skeleton/索靖/行/儒/329366.png,索靖,行,儒,1473,9,1198
images/篆刻/篆/推/344231.png,canny/篆刻/篆/推/344231.png,skeleton/篆刻/篆/推/344231.png,篆刻,篆,推,1464,7,2984
images/null/隶/軌/261681.png,canny/null/隶/軌/261681.png,skeleton/null/隶/軌/261681.png,null,隶,軌,370,11,6592
images/赵之谦/楷/昊/48814.png,canny/赵之谦/楷/昊/48814.png,skeleton/赵之谦/楷/昊/48814.png,赵之谦,楷,昊,1663,3,3208
images/郑述祖/楷/鄉/57320.png,canny/郑述祖/楷/鄉/57320.png,skeleton/郑述祖/楷/鄉/57320.png,郑述祖,楷,鄉,1751,3,6854
images/古文四声韵/楷/#L02023d/224397.png,canny/古文四声韵/楷/#L02023d/224397.png,skeleton/古文四声韵/楷/#L02023d/224397.png,古文四声韵,楷,#L02023d,582,3,19
images/广韵/印/鎩/220926.png,canny/广韵/印/鎩/220926.png,skeleton/广韵/印/鎩/220926.png,广韵,印,鎩,831,2,7023
images/篆刻/篆/溥/352040.png,canny/篆刻/篆/溥/352040.png,skeleton/篆刻/篆/溥/352040.png,篆刻,篆,溥,1464,7,4001
images/null/隶/丘/325570.png,canny/null/隶/丘/325570.png,skeleton/null/隶/丘/325570.png,null,隶,丘,370,11,885
images/开成石经/石/公/157133.png,canny/开成石经/石/公/157133.png,skeleton/开成石经/石/公/157133.png,开成石经,石,公,852,5,1240
images/上博/简/長/311180.png,canny/上博/简/長/311180.png,skeleton/上博/简/長/311180.png,上博,简,長,399,6,7077
images/郭店/简/不/287747.png,canny/郭店/简/不/287747.png,skeleton/郭店/简/不/287747.png,郭店,简,不,1759,6,877
images/张家山/简/呉/245662.png,canny/张家山/简/呉/245662.png,skeleton/张家山/简/呉/245662.png,张家山,简,呉,869,6,1599
images/刘炳森/六体/摘/69150.png,canny/刘炳森/六体/摘/69150.png,skeleton/刘炳森/六体/摘/69150.png,刘炳森,六体,摘,530,0,3026
images/上博/简/#L021d42/121213.png,canny/上博/简/#L021d42/121213.png,skeleton/上博/简/#L021d42/121213.png,上博,简,#L021d42,399,6,149
images/赵孟頫/六体/寇/338118.png,canny/赵孟頫/六体/寇/338118.png,skeleton/赵孟頫/六体/寇/338118.png,赵孟頫,六体,寇,1674,0,2180
images/陆柬之/行/亦/59293.png,canny/陆柬之/行/亦/59293.png,skeleton/陆柬之/行/亦/59293.png,陆柬之,行,亦,1834,9,953
images/何绍基/楷/飾/01487.png,canny/何绍基/楷/飾/01487.png,skeleton/何绍基/楷/飾/01487.png,何绍基,楷,飾,454,3,7421
images/王羲之/草/可/33486.png,canny/王羲之/草/可/33486.png,skeleton/王羲之/草/可/33486.png,王羲之,草,可,1353,8,1552
images/曾侯乙墓/简/還/310553.png,canny/曾侯乙墓/简/還/310553.png,skeleton/曾侯乙墓/简/還/310553.png,曾侯乙墓,简,還,1027,6,6793
images/无名组/甲骨/#L0258ba/187731.png,canny/无名组/甲骨/#L0258ba/187731.png,skeleton/无名组/甲骨/#L0258ba/187731.png,无名组,甲骨,#L0258ba,997,4,333
images/广韵/印/乂/190834.png,canny/广韵/印/乂/190834.png,skeleton/广韵/印/乂/190834.png,广韵,印,乂,831,2,908
images/墨迹/草/韵/371518.png,canny/墨迹/草/韵/371518.png,skeleton/墨迹/草/韵/371518.png,墨迹,草,韵,707,8,7336
images/余正/六体/危/332357.png,canny/余正/六体/危/332357.png,skeleton/余正/六体/危/332357.png,余正,六体,危,458,0,1484
images/单晓天/六体/唱/69642.png,canny/单晓天/六体/唱/69642.png,skeleton/单晓天/六体/唱/69642.png,单晓天,六体,唱,562,0,1663
images/关沮/简/競/281339.png,canny/关沮/简/競/281339.png,skeleton/关沮/简/競/281339.png,关沮,简,競,490,6,4988
images/单晓天/六体/魂/70949.png,canny/单晓天/六体/魂/70949.png,skeleton/单晓天/六体/魂/70949.png,单晓天,六体,魂,562,0,7575
images/增韵/印/奴/197018.png,canny/增韵/印/奴/197018.png,skeleton/增韵/印/奴/197018.png,增韵,印,奴,706,2,1986
images/历组/甲骨/#L03056e/189241.png,canny/历组/甲骨/#L03056e/189241.png,skeleton/历组/甲骨/#L03056e/189241.png,历组,甲骨,#L03056e,574,4,638
images/文徵明/楷/藏/15571.png,canny/文徵明/楷/藏/15571.png,skeleton/文徵明/楷/藏/15571.png,文徵明,楷,藏,979,3,5894
images/集篆古文韵海/篆/鄉/220189.png,canny/集篆古文韵海/篆/鄉/220189.png,skeleton/集篆古文韵海/篆/鄉/220189.png,集篆古文韵海,篆,鄉,1897,7,6854
