step,kind,layer,grad_norm,blk_grad,ratio,w_norm,diag,entropy,maxw,n_key
250,router,0,0.98969382,0.0021209717,466.62284,0.98961425,nan,nan,nan,0
250,router,1,0.9917655,0.0015792847,627.984,0.99171847,nan,nan,nan,0
250,router,2,0.99166626,0.0013198853,751.32763,0.99162853,nan,nan,nan,0
250,router,3,0.9925341,0.001159668,855.87783,0.99249899,nan,nan,nan,0
250,router,4,0.99338388,0.0010528564,943.51313,0.99335861,nan,nan,nan,0
250,router,5,0.99347723,0.00096893311,1025.3311,0.99344885,nan,nan,nan,0
250,router,6,0.99313664,0.00090408325,1098.5013,0.99311036,nan,nan,nan,0
250,router,7,0.99338806,0.00085449219,1162.5479,0.99336272,nan,nan,nan,0
250,router,8,0.99393588,0.00080871582,1229.0298,0.99391609,nan,nan,nan,0
250,router,9,0.99486256,0.00077438354,1284.7155,0.99484581,nan,nan,nan,0
250,router,10,0.99390382,0.00074386597,1336.1329,0.99388075,nan,nan,nan,0
250,router,11,0.99425173,0.00071716309,1386.3677,0.99423051,nan,nan,nan,0
500,router,0,0.9758774,0.0013809204,706.68621,0.97584039,nan,nan,nan,0
500,router,1,0.98225415,0.0010604858,926.23033,0.98222327,nan,nan,nan,0
500,router,2,0.98364091,0.00089645386,1097.2577,0.98361397,nan,nan,nan,0
500,router,3,0.98549336,0.00080108643,1230.1961,0.98546833,nan,nan,nan,0
500,router,4,0.98776937,0.00071716309,1377.3288,0.98774779,nan,nan,nan,0
500,router,5,0.98782527,0.00066375732,1488.2326,0.98780471,nan,nan,nan,0
500,router,6,0.98695779,0.00060653687,1627.2017,0.98693639,nan,nan,nan,0
500,router,7,0.98816913,0.0005607605,1762.1946,0.98814821,nan,nan,nan,0
500,router,8,0.98896468,0.00051879883,1906.2585,0.98894662,nan,nan,nan,0
500,router,9,0.99009353,0.0004863739,2035.6634,0.99007225,nan,nan,nan,0
500,router,10,0.98908061,0.00045776367,2160.6796,0.98905939,nan,nan,nan,0
500,router,11,0.98964131,0.00043106079,2295.8277,0.98961872,nan,nan,nan,0
750,router,0,0.96834838,0.0010986328,881.41222,0.96832526,nan,nan,nan,0
750,router,1,0.97610974,0.0008354187,1168.4078,0.97609115,nan,nan,nan,0
750,router,2,0.97751218,0.00070953369,1377.6825,0.97749323,nan,nan,nan,0
750,router,3,0.98017389,0.00063705444,1538.603,0.98015749,nan,nan,nan,0
750,router,4,0.98265636,0.0005645752,1740.5234,0.98263896,nan,nan,nan,0
750,router,5,0.98299479,0.00051879883,1894.7514,0.98297912,nan,nan,nan,0
750,router,6,0.98109746,0.00046157837,2125.5274,0.98107535,nan,nan,nan,0
750,router,7,0.98331022,0.0004234314,2322.2421,0.9832921,nan,nan,nan,0
750,router,8,0.98384172,0.00038528442,2553.5466,0.98382252,nan,nan,nan,0
750,router,9,0.98473066,0.0003528595,2790.716,0.98471016,nan,nan,nan,0
750,router,10,0.98432791,0.00032615662,3017.9609,0.98431009,nan,nan,nan,0
750,router,11,0.98421991,0.00029945374,3286.7178,0.98420376,nan,nan,nan,0
1000,router,0,0.9636392,0.00088500977,1088.8458,0.96362251,nan,nan,nan,0
1000,router,1,0.97237253,0.00067520142,1440.1222,0.97235882,nan,nan,nan,0
1000,router,2,0.97362822,0.00057220459,1701.5386,0.97361523,nan,nan,nan,0
1000,router,3,0.97658628,0.00051879883,1882.3988,0.97657424,nan,nan,nan,0
1000,router,4,0.97893786,0.00045204163,2165.5923,0.97892582,nan,nan,nan,0
1000,router,5,0.97953242,0.000415802,2355.7665,0.97952145,nan,nan,nan,0
1000,router,6,0.97651869,0.00036621094,2666.547,0.9765029,nan,nan,nan,0
1000,router,7,0.97961098,0.00033569336,2918.1721,0.97959888,nan,nan,nan,0
1000,router,8,0.97979409,0.00029945374,3271.9381,0.97978032,nan,nan,nan,0
1000,router,9,0.98052603,0.00027084351,3620.2678,0.98051423,nan,nan,nan,0
1000,router,10,0.9806968,0.00024986267,3924.9432,0.98068851,nan,nan,nan,0
1000,router,11,0.98028404,0.00022792816,4300.8465,0.98027104,nan,nan,nan,0
1250,router,0,0.96050578,0.00088882446,1080.6473,0.96049601,nan,nan,nan,0
1250,router,1,0.96989512,0.00067138672,1444.6147,0.96988744,nan,nan,nan,0
1250,router,2,0.97107071,0.0005645752,1720.0024,0.97106248,nan,nan,nan,0
1250,router,3,0.9740482,0.00051116943,1905.529,0.97404051,nan,nan,nan,0
1250,router,4,0.97636271,0.00043487549,2245.1546,0.97635353,nan,nan,nan,0
1250,router,5,0.97700912,0.00039672852,2462.6642,0.97700083,nan,nan,nan,0
1250,router,6,0.97325945,0.00034141541,2850.6606,0.97324806,nan,nan,nan,0
1250,router,7,0.97681284,0.00031089783,3141.9095,0.9768033,nan,nan,nan,0
1250,router,8,0.97677696,0.00026893616,3632.0031,0.97676605,nan,nan,nan,0
1250,router,9,0.97742027,0.00024223328,4035.0372,0.97740918,nan,nan,nan,0
1250,router,10,0.97813314,0.00022029877,4440.03,0.97812408,nan,nan,nan,0
1250,router,11,0.97761434,0.00019836426,4928.3795,0.97760564,nan,nan,nan,0
1500,router,0,0.95853412,0.00086593628,1106.9338,0.95852858,nan,nan,nan,0
1500,router,1,0.9683333,0.00064468384,1502.0282,0.96832871,nan,nan,nan,0
1500,router,2,0.96944737,0.00053787231,1802.3746,0.96944284,nan,nan,nan,0
1500,router,3,0.97243857,0.0004863739,1999.3642,0.97243351,nan,nan,nan,0
1500,router,4,0.97466868,0.00040817261,2387.8836,0.97466308,nan,nan,nan,0
1500,router,5,0.97532755,0.00037002563,2635.8378,0.9753226,nan,nan,nan,0
1500,router,6,0.97114205,0.00031852722,3048.851,0.97113568,nan,nan,nan,0
1500,router,7,0.97489107,0.00028800964,3384.9251,0.97488481,nan,nan,nan,0
1500,router,8,0.97475833,0.00024604797,3961.6596,0.97475165,nan,nan,nan,0
1500,router,9,0.97535771,0.00022029877,4427.4315,0.97535074,nan,nan,nan,0
1500,router,10,0.97642142,0.00020027161,4875.486,0.97641575,nan,nan,nan,0
1500,router,11,0.97591817,0.0001783371,5472.3229,0.97591209,nan,nan,nan,0
1750,router,0,0.95738071,0.00082778931,1156.5512,0.95737714,nan,nan,nan,0
1750,router,1,0.96741331,0.00062179565,1555.838,0.96741033,nan,nan,nan,0
1750,router,2,0.96850413,0.00052642822,1839.7648,0.96850079,nan,nan,nan,0
1750,router,3,0.97144818,0.00047302246,2053.7041,0.9714452,nan,nan,nan,0
1750,router,4,0.97370929,0.00040245056,2419.4507,0.97370696,nan,nan,nan,0
1750,router,5,0.9743368,0.00036621094,2660.589,0.97433394,nan,nan,nan,0
1750,router,6,0.9699114,0.00031661987,3063.3308,0.96990746,nan,nan,nan,0
1750,router,7,0.97371829,0.00028610229,3403.3921,0.97371465,nan,nan,nan,0
1750,router,8,0.97356296,0.00024604797,3956.8014,0.9735592,nan,nan,nan,0
1750,router,9,0.97413594,0.00022029877,4421.8856,0.97413182,nan,nan,nan,0
1750,router,10,0.97536016,0.00019931793,4893.4892,0.97535717,nan,nan,nan,0
1750,router,11,0.97490525,0.00017738342,5496.0336,0.97490221,nan,nan,nan,0
2000,router,0,0.95666838,0.00078201294,1223.3409,0.95666569,nan,nan,nan,0
2000,router,1,0.96685129,0.00058746338,1645.8069,0.96684939,nan,nan,nan,0
2000,router,2,0.96790695,0.00049591064,1951.7769,0.96790487,nan,nan,nan,0
2000,router,3,0.97081602,0.00044631958,2175.1589,0.97081363,nan,nan,nan,0
2000,router,4,0.97310418,0.00037574768,2589.7809,0.97310203,nan,nan,nan,0
2000,router,5,0.97369862,0.00034141541,2851.9469,0.97369641,nan,nan,nan,0
2000,router,6,0.96914202,0.00029182434,3320.9773,0.96913928,nan,nan,nan,0
2000,router,7,0.97298396,0.00026321411,3696.5494,0.97298133,nan,nan,nan,0
2000,router,8,0.97278911,0.00022506714,4322.2174,0.97278631,nan,nan,nan,0
2000,router,9,0.97336757,0.00020122528,4837.2032,0.97336513,nan,nan,nan,0
2000,router,10,0.97471458,0.00018310547,5323.2412,0.97471213,nan,nan,nan,0
2000,router,11,0.97428322,0.00016307831,5974.3275,0.97428071,nan,nan,nan,0
