img_id,frame_has_main,frame_sep_cc,frame_ink_frac,main_in_frame_frac,frame_w,bbox_inset
175343,1,2,0.6062941554271034,0.6320467451238582,30,0
175668,1,1,0.28894579598804954,0.30667018987580685,17,0
175939,1,1,0.5824800910125142,0.7873334092721267,30,0
176132,1,1,0.20807097882083572,0.2258621284821706,14,0
177108,1,2,0.7312219467026586,0.9184214631102792,46,0
209185,1,2,0.5942513825356728,1.0,17,0
211256,1,1,0.2894790106464802,0.3577646587952772,14,0
211329,1,2,0.7281200740182304,1.0,42,0
317761,1,1,0.2660124511976364,0.31230127596316637,15,0
318572,1,1,0.16205309288101394,0.16801778242677826,21,0
320430,1,1,0.26394681551632226,0.27766048690374084,17,0
320605,1,1,0.1215989563920984,0.12985936048825794,16,0
320831,1,1,0.14836054950751684,0.1635707651639637,19,0
321833,1,1,0.45124512451245125,0.5070375052675937,24,0
322635,1,1,0.3440085401654657,0.38780038358843216,15,0
322666,1,2,0.3526667894187688,0.3005936022864681,23,0
85869,1,1,0.5452750792248948,0.8488475535786494,21,0
269763,1,1,0.4897063369397218,0.91710084520088,16,0
269940,1,1,0.6033940917661847,0.8924525013073035,31,0
100361,1,1,0.1195889029824048,0.12009667831596825,15,0
275649,1,1,0.12129016433652196,0.12172682236376504,16,0
100376,1,1,0.143633875846176,0.19373482272948034,16,0
275575,1,1,0.38720462217605817,0.44499571007572647,24,0
100474,1,1,0.5902461520724045,0.8128771038424897,22,0
100555,1,1,0.6740021574973031,0.9289325007433838,25,0
100563,1,1,0.5271569407874594,0.5589896759950652,39,0
100591,1,1,0.5979343819568629,0.8775575790037493,32,0
100903,1,1,0.1860719190910226,0.21146546525240342,24,0
275934,1,1,0.7504570068637257,0.8672672193877551,43,0
101114,1,1,0.6840531795160383,0.7522336105202089,38,0
102201,1,1,0.6835004216246604,0.8564719694746111,29,0
276550,1,1,0.4851978321481157,0.5186003683241253,32,0
276551,1,1,0.36393482989288795,0.39865138233310854,18,0
266094,1,1,0.6050579059324037,0.8618367896579585,25,0
77362,1,1,0.13583596495129655,0.18743095618018904,12,0
267681,1,1,0.4081990872566993,0.4664794508335562,21,0
80916,1,1,0.4260748959778086,0.8523074077499306,18,0
80917,1,1,0.3146598591216376,0.5627324991545485,13,0
80920,1,1,0.4081990872566993,0.4664794508335562,21,0
103365,1,1,0.5917578647018457,0.7274018824365122,32,0
50553,1,1,0.34193740291502794,0.3980608672232696,44,0
26801,1,2,0.7762574385020657,1.0,40,0
26806,1,1,0.6538396049719053,0.6807303669562135,38,0
27463,1,1,0.7654399592512415,0.9475841412469457,47,0
245615,1,1,0.7583254663237735,0.9510104102878139,46,0
19660,1,1,0.2532537793303861,0.3077154233340846,16,0
260348,1,1,0.6270893371757925,0.8076708939065883,26,0
14047,1,1,0.7104795737122558,0.7708985786557456,38,0
149124,1,1,0.1620201853077432,0.1770475501717592,16,0
151104,1,1,0.34377980651314893,0.3545033019530701,21,0
152194,1,2,0.3486341424337098,0.40669096346135875,17,0
167411,1,1,0.4849893730074389,0.5238727266205115,23,0
167937,1,1,0.6288457567623374,0.8906924033048184,28,0
168004,1,1,0.6671661725901554,0.9098987026834903,40,0
168006,1,1,0.649260628465804,0.9104458268532919,35,0
168237,1,1,0.47141659681475273,0.9251521631847344,22,0
168409,1,1,0.7538689648781391,0.9782347282347282,25,0
168711,1,1,0.6881720430107527,0.9189516477813338,42,0
169025,1,1,0.33378715679600635,0.4572938524908681,23,0
304307,1,1,0.493944446192079,0.5532574609774145,31,0
171027,1,1,0.2444763729246488,0.24453102545268737,15,0
171033,1,2,0.6014798785382709,0.7944808467741935,23,0
171034,1,1,0.6576467568657647,0.7751080380293863,29,0
169987,1,1,0.11941387294237052,0.14734658735128367,15,0
300958,1,1,0.4786494538232373,0.9718593845884106,16,0
162956,1,1,0.3632366431531332,0.3924067935618358,23,0
163758,1,1,0.23399923654408958,0.27735464897066586,15,0
163855,1,1,0.8410607127292232,0.9641443449521541,49,0
164647,1,1,0.3254417761667422,0.38022763366860773,17,0
164026,1,1,0.21709025741283805,0.27602278612118075,22,0
171944,1,1,0.6522408963585434,0.8221136871837119,29,0
174935,1,1,0.6306158357771261,0.9260450160771704,32,0
143568,1,1,0.2805375871381021,0.3130014364292471,18,0
143719,1,1,0.1224945722286901,0.1319437383494323,16,0
144540,1,2,0.6919788785516721,0.7586492074431427,43,0
145321,1,1,0.30083156693298546,0.32268784105218973,20,0
145600,1,1,0.25499203497202977,0.4066524872976486,14,0
146027,1,1,0.4212423826691765,0.4344664187699497,29,0
148399,1,1,0.2647775842963432,0.26642242752468936,18,0
148458,1,1,0.7583687172904118,0.8507181626850792,45,0
202041,1,1,0.69755069791941,0.9752559098608145,20,0
192263,1,1,0.33752167795556426,0.35706867903627804,17,0
192398,1,1,0.4519156975028042,0.6983851838335918,15,0
195553,1,1,0.4945853324194654,0.5765880942868558,33,0
314596,1,1,0.6278432315460447,0.8633778600714191,27,0
314825,1,1,0.4479646343709707,0.6129289704708699,29,0
197305,1,1,0.7382228098253427,0.7982393438922538,40,0
197865,1,1,0.601590744757773,0.8806562582693834,20,0
197980,1,1,0.6760884125920964,0.8856716679828025,15,0
186908,1,1,0.11723674527245384,0.11864132370559854,15,0
187876,1,1,0.48544353597208445,0.5232107960620921,29,0
188249,1,1,0.11543666404405979,0.11833021485257113,15,0
188475,1,1,0.4015271195365982,0.40803455393318555,23,0
311786,1,1,0.6795270690728065,0.7712227506003108,44,0
311846,1,1,0.5093181441132555,0.8329564981459708,18,0
189650,1,1,0.381449669406167,0.4010785524007537,20,0
189731,1,1,0.7809256661991585,0.9847024493766027,44,0
189739,1,1,0.11469957415063256,0.1165545342556619,15,0
321132,1,1,0.26356616986891723,0.2696476466914061,17,0
213148,1,1,0.7221438645980254,0.9306104993050358,34,0
321390,1,1,0.20074104311238108,0.20881238568068983,14,0
213465,1,1,0.293856701169512,0.3151786036117219,18,0
213281,1,1,0.2927926357264898,0.36650517218803197,17,0
321455,1,1,0.3683746695203324,0.431945674638323,19,0
103671,1,1,0.628151842615683,0.8335872248778694,31,0
104325,1,1,0.4903463570543344,0.6175806120353255,30,0
105221,1,1,0.8249559815288529,0.9779843251545823,49,0
105312,1,1,0.8249559815288529,0.9779843251545823,49,0
105352,1,1,0.3711188261496135,0.4359586010542111,18,0
277796,1,1,0.7280822147089345,0.8812089782027388,43,0
98252,1,1,0.7524142590311171,0.9876369327073552,41,0
98255,1,1,0.7431864465531436,0.9170721274661819,34,0
114292,1,1,0.7912505943889682,0.8831802982856536,33,0
114567,1,1,0.6396523628462792,0.8520984081041968,23,0
281460,1,1,0.5449538024164889,0.7860071758072783,18,0
282196,1,1,0.7560191416180649,0.9294052762202408,40,0
116671,1,1,0.3398109801422958,0.6192549588776004,13,0
125985,1,1,0.633011018664268,0.823621202516214,33,0
126082,1,1,0.6682666854904176,0.8947169454682922,37,0
126626,1,1,0.32399593934395027,0.3276442847518527,17,0
126787,1,1,0.4172055102614563,0.7086238181644542,15,0
286952,1,1,0.3294516463165824,0.3817560194951626,21,0
128502,1,1,0.10451889607160617,0.10790258927712003,14,0
128849,1,1,0.7191517857142857,0.8848667948365834,32,0
140677,1,1,0.26274485760706295,0.3466812280063099,20,0
140679,1,1,0.27411541293648023,0.32026262168892916,15,0
141106,1,1,0.11918270478733267,0.12827266922094507,13,0
141276,1,1,0.1457999358768836,0.17780167147255754,15,0
141828,1,1,0.09329202168861347,0.10307407914555662,12,0
142955,1,1,0.25479992242549615,0.285481476116322,16,0
153458,1,1,0.4270360226051382,0.44170701093778014,26,0
152683,1,2,0.6825012118274357,0.8296994696523277,33,0
154205,1,1,0.24532490246199382,0.2539870464517028,15,0
297744,1,1,0.8035500275321479,0.8537114147080078,49,0
298198,1,2,0.7177793700738341,0.6964512423674506,45,0
293259,1,1,0.12128184059161873,0.19405732316592164,15,0
213265,1,1,0.6963596794935206,0.9166612409662087,28,0
213266,1,1,0.747189964602869,0.8834067547723935,24,0
215208,1,1,0.4722488038277512,0.8042137120242114,14,0
322039,1,1,0.2200109843956967,0.2544367644311601,14,0
215773,1,1,0.3146567115727966,0.33627059843885515,20,0
322625,1,1,0.3440085401654657,0.38780038358843216,15,0
216698,1,1,0.31373899971814223,0.32215326237257613,27,0
216879,1,1,0.46851242883914995,0.4920711553459353,27,0
216260,1,1,0.1695132070253077,0.19180064937605132,20,0
216265,1,1,0.09095923996322403,0.0924293855688082,12,0
216276,1,1,0.3850606205904514,0.48359069207277733,23,0
216324,1,1,0.3958827158489463,0.4152729997615723,19,0
218466,1,1,0.48001774683457904,0.5016943106830747,23,0
219035,1,1,0.1715200836683335,0.18900813945112727,22,0
219053,1,1,0.2720795465340891,0.3084434233199311,17,0
221754,1,1,0.10590725064409275,0.11125072491784264,14,0
222021,1,1,0.3764630485377947,0.39234365662460013,23,0
324965,1,1,0.27620457770374485,0.3071908878825305,19,0
224133,1,1,0.36844415926513796,0.38818715531044296,27,0
224143,1,1,0.6953980014954796,0.8534957450358752,20,0
224418,1,1,0.3574833174451859,0.5660628662759722,13,0
317738,1,3,0.12749188687992583,0.20050576004495646,15,0
204306,1,1,0.2109902538003526,0.21768824215800672,13,0
204655,1,1,0.2948469706433479,0.3068348012610095,19,0
207450,1,1,0.39711273317112733,0.4234321491577018,25,0
207967,1,1,0.19727272727272727,0.22971345135973717,13,0
208029,1,1,0.2929886274375875,0.3104621286143379,18,0
208059,1,1,0.33218605894539865,0.36936167050605634,20,0
208536,1,2,0.7164179104477612,1.0,29,0
324957,1,1,0.16732005141388176,0.18515752791408863,21,0
325202,1,2,0.35401333148173864,0.27600662457302555,21,0
301642,1,1,0.32415364583333334,0.37134546539379476,20,0
133983,1,1,0.30039113428943937,0.37374283551422083,14,0
134616,1,2,0.7611206403659234,0.9460816829337629,39,0
135286,1,2,0.4780458261835066,0.5226860254083484,19,0
280772,1,1,0.2505737815579857,0.3093204449814591,15,0
112850,1,1,0.09418818296102892,0.11498052178019125,12,0
112969,1,1,0.2361413325044037,0.251230984052326,28,0
112996,1,1,0.24360603653693408,0.40800851403485433,12,0
113478,1,1,0.42134309882401483,0.6427728381461956,16,0
268411,1,1,0.13482414242292662,0.13911290322580644,18,0
268466,1,1,0.32301960149036124,0.40931110928647674,20,0
268759,1,1,0.4129217258837762,0.790258960727148,18,0
271119,1,1,0.7453928939997051,0.9855750487329434,40,0
271548,1,1,0.5960361410667444,0.851314785263304,24,0
272120,1,1,0.6252984683477957,0.7898918561024056,24,0
272287,1,1,0.6087442732946142,0.8538683398269493,33,0
272487,1,1,0.61719591648284,0.8009986684420772,25,0
277628,1,1,0.5797251366927737,0.8288028169014084,24,0
277675,1,1,0.3711188261496135,0.4359586010542111,18,0
279816,1,1,0.4629006110487592,0.6802272310793476,15,0
278861,1,1,0.6374717313810419,0.8690948996655519,33,0
278889,1,1,0.700098578560753,0.888028396256857,43,0
278954,1,1,0.4780436954349998,0.8096218920111814,22,0
282334,1,1,0.5627931214174049,0.8028413314611382,19,0
282538,1,1,0.54327502150846,0.7390761548064919,19,0
284645,1,1,0.21590188200465216,0.3113437690587518,12,0
284698,1,1,0.6506846024501561,0.8213462704669496,27,0
288442,1,1,0.23726252158894645,0.25765289034764555,18,0
291656,1,1,0.2392691415313225,0.35621761658031087,14,0
291735,1,1,0.4450676982591876,0.45562852711131646,27,0
292387,1,1,0.12238952651714577,0.12993739752571173,14,0
293353,1,1,0.5586754207037226,0.6311071107110711,35,0
293997,1,1,0.3806316467934257,0.403670665436276,28,0
184186,1,1,0.196369215034518,0.3343855447915533,12,0
310060,1,1,0.2644184231069477,0.2818720458025431,36,0
185342,1,1,0.34356802541027,0.35956850475818014,26,0
198336,1,1,0.6876024670153799,0.9157785287236808,30,0
199077,1,1,0.7706765387901224,0.8982882071221964,37,0
199179,1,1,0.560218878248974,0.9201042509211828,20,0
316135,1,1,0.4842852875775779,0.6685910652920962,29,0
316718,1,1,0.7106181622927713,0.9676461179911346,38,0
98256,1,1,0.7343133739691646,0.9127068129909197,32,0
100171,1,1,0.4847438679555468,0.5719439810683943,29,0
100175,1,1,0.34509208425806953,0.43450338268457694,22,0
91092,1,1,0.35864795044974945,0.3686534216335541,24,0
272489,1,1,0.3918297160384812,0.7850093109869646,17,0
93112,1,1,0.5287818666086862,0.8399240200310827,19,0
117240,1,1,0.7973756585705292,0.9469914603911692,47,0
119806,1,1,0.5855472901168969,0.6060553432904944,22,0
121896,1,1,0.48629451780712285,0.6331900481959098,21,0
122142,1,1,0.7009364904101746,0.8960685905478879,34,0
122506,1,1,0.3141671178487638,0.3504307915291086,17,0
122573,1,1,0.10588721908175927,0.1549246053759645,12,0
123102,1,2,0.4774583574506399,1.0,15,0
123137,1,1,0.7206604024803135,0.8856889055121792,38,0
124538,1,1,0.8200849514563107,0.9025041736227045,37,0
135424,1,1,0.23167974464689453,0.23352771633487499,16,0
135495,1,1,0.10923940786115365,0.1130555372119131,14,0
137064,1,1,0.26040273181722173,0.2620447782343772,15,0
137082,1,1,0.10122312590631108,0.1091619921808601,13,0
137614,1,1,0.43765454995054404,0.43765454995054404,28,0
139635,1,1,0.33264391589107206,0.36272740941211845,21,0
139644,1,1,0.3247460985880604,0.41145547273440564,21,0
131519,1,2,0.6322121688958825,0.6166992824527071,32,0
131910,1,1,0.5415882574331954,0.5421664050235478,30,0
303301,1,2,0.7003385425571932,0.7513941884355738,40,0
245767,1,1,0.41746549731456933,0.49218499519076625,25,0
246003,1,1,0.5854056923516681,0.9663633299629255,28,0
258859,1,1,0.575772506510875,0.8298670995231815,16,0
257957,1,1,0.6107873430594125,0.873769024171889,31,0
261564,1,1,0.7186665394887447,0.8714938407263895,32,0
268937,1,1,0.7648640573648043,0.9214525675891857,45,0
269122,1,1,0.6199279428267674,0.9492629103735191,21,0
240293,1,1,0.306696193979431,0.3528827467069747,17,0
15024,1,1,0.6518942101501072,0.853083893598363,29,0
238374,1,1,0.5576698635002791,0.8309390594283986,22,0
10121,1,1,0.45626292150851927,0.5200926415017675,25,0
29578,1,1,0.7319072715373222,0.9793961742336944,42,0
29819,1,2,0.47588746291066386,0.5223669753570868,26,0
30130,1,1,0.7799930815434447,0.9368106964798308,49,0
246782,1,2,0.3283069288032067,0.3688648522912305,16,0
30551,1,1,0.14719961704164672,0.16176304813437042,18,0
30813,1,1,0.28837872169036777,0.33390730377385563,19,0
30822,1,1,0.29994398805078415,0.3428175125368994,20,0
236574,1,1,0.2417310882840905,0.27206992451330947,14,0
237066,1,1,0.5879479421092924,0.6223662884927067,32,0
24473,1,1,0.2580416999815487,0.2580416999815487,18,0
22787,1,2,0.8062039916545289,0.8737201365187713,40,0
25230,1,1,0.8035836902854527,0.9800606157281864,52,0
25297,1,1,0.13174165319128697,0.14896744586261293,17,0
252745,1,1,0.8152742389700952,0.944865368924117,48,0
45845,1,1,0.7282228837690914,0.9671666165284284,45,0
45876,1,1,0.1812076343985256,0.25334090313564506,24,0
45956,1,1,0.7751292360712234,0.8706139564890147,48,0
46450,1,1,0.5861107362928979,0.7974908200734394,26,0
46775,1,1,0.5681855210992234,0.7181986682226952,21,0
47010,1,1,0.5914465408805032,0.7771900826446281,23,0
253685,1,1,0.7725764593804408,0.8849670743179681,46,0
253695,1,1,0.13826748284177331,0.1754873340239194,15,0
47098,1,1,0.38621376135373897,0.6238568988041403,27,0
47116,1,1,0.436301762188753,0.51796,27,0
47117,1,1,0.2713162736243519,0.2872879254772784,16,0
253750,1,1,0.2883926478958117,0.390870314910609,17,0
47260,1,1,0.37683852981702826,0.5452269460800222,19,0
31383,1,1,0.24229797565536926,0.26341132829219577,15,0
211426,1,1,0.4435436997155006,0.46194284257813745,38,0
211896,1,1,0.10756060083414344,0.11439434364994663,14,0
211923,1,1,0.2106058736426456,0.22609703593310151,14,0
211975,1,1,0.15193228115976426,0.22336589904628984,16,0
212094,1,1,0.3274988921947205,0.33573444952788867,21,0
212337,1,1,0.36807502658803054,0.3756660746003552,21,0
212786,1,2,0.6056100033795201,1.0,18,0
212495,1,1,0.5444940951165017,0.5762980980372284,34,0
157781,1,1,0.35482887156895965,0.3917907655466587,21,0
158311,1,1,0.12573331219280165,0.13041047230627548,16,0
159255,1,1,0.5536332179930796,0.8179567058071731,20,0
300033,1,1,0.1809632461766157,0.1811140256133313,13,0
161892,1,1,0.10159004723571285,0.12591737445369836,12,0
177876,1,1,0.6656218834591823,0.980997375328084,37,0
178080,1,1,0.8468908727104818,0.9286889742183214,40,0
178802,1,1,0.802476800418246,0.9859488538279336,49,0
178937,1,1,0.1785438482686189,0.18387733027931538,24,0
179201,1,1,0.41853600944510033,0.4332347076606419,36,0
180036,1,1,0.24598490048043925,0.4360362552466695,14,0
181390,1,1,0.3541099442499676,0.39292907495324414,31,0
182737,1,2,0.1698688220484961,0.2190485427476844,21,0
182902,1,1,0.6278446358295785,0.8706794273511034,22,0
309704,1,1,0.20568269976726145,0.22269275189864557,13,0
184134,1,1,0.2166469705196589,0.26136713933415534,14,0
107960,1,1,0.6702281974173006,0.8763067813858821,38,0
108322,1,1,0.4445264712086058,0.5754266211604095,17,0
108548,1,1,0.3960908787170063,0.41414847161572055,24,0
109025,1,1,0.7050793305013978,0.90866554370204,38,0
110273,1,1,0.6612416933300517,0.6643278830402126,43,0
111516,1,1,0.45072127509331184,0.6822415635974958,18,0
110750,1,2,0.2219208004509583,0.1687624663949354,14,0
111893,1,1,0.6147147339437792,0.8547389039754263,38,0
37166,1,1,0.6746240892884824,0.9431140968685665,34,0
37632,1,2,0.6325852710038078,0.7080656673804425,31,0
37636,1,2,0.7067674362425372,0.985373364126251,40,0
37893,1,1,0.24764539287360865,0.2771737127271387,17,0
38134,1,1,0.22852368783172794,0.2589375208820581,15,0
39387,1,1,0.11493966135520284,0.1171870032428308,15,0
39622,1,2,0.6565438632200284,0.9611639094215652,32,0
39989,1,1,0.2531734132933533,0.25422367936837176,15,0
40112,1,1,0.25791609303673646,0.2699453966327924,16,0
17142,1,2,0.6759678858162355,0.7741091860084995,37,0
17611,1,1,0.11651151396374326,0.13083666507721087,14,0
18959,1,2,0.6777934177893961,0.9421534396527319,40,0
256484,1,1,0.44010317157050055,0.636194158668784,18,0
256664,1,1,0.8170033559255117,0.9649115989897027,49,0
54252,1,1,0.7787340864263941,0.8991097922848664,26,0
54254,1,1,0.7119897726235047,0.8930759979382624,31,0
56769,1,1,0.699523228739328,0.91918799475499,37,0
47529,1,1,0.2174584173387097,0.3587837837837838,14,0
47688,1,1,0.4040203499193448,0.6114266935824609,26,0
48544,1,1,0.15047329442346363,0.30557768924302786,12,0
48874,1,1,0.7054428122611871,0.9517154476201386,34,0
49521,1,1,0.3648674667864707,0.3794680105463405,23,0
49760,1,1,0.2790129915424187,0.40254104031700105,13,0
50473,1,1,0.67861952214228,0.8643959813771135,36,0
304941,1,1,0.265405125166642,0.31392904073587385,14,0
306386,1,1,0.15049096561701603,0.15506359224840624,20,0
307576,1,1,0.6587933978372226,0.8691804333833941,29,0
309778,1,1,0.6186065243656866,0.8632850920331601,12,0
311261,1,1,0.2506775985905949,0.41814071771686917,16,0
312214,1,1,0.8552992025324161,0.9401452039211751,36,0
315065,1,1,0.39835903239496395,0.9031430404105195,22,0
317403,1,1,0.2563850998512517,0.3159762852016538,19,0
247346,1,1,0.5643965206237223,0.9855802883942321,28,0
32499,1,2,0.8268803221611645,1.0,39,0
34824,1,1,0.4340049205399295,0.5721674337058953,26,0
35603,1,1,0.5478386055017315,0.6135878328321785,28,0
35677,1,2,0.6859926918392205,1.0,22,0
40558,1,1,0.38759567335062306,0.49431268151016455,20,0
252499,1,1,0.4859822119102862,0.5411777371084078,25,0
252922,1,1,0.6342079983821225,0.8986317071423454,25,0
258310,1,1,0.43493903657805316,0.8327592805204745,17,0
61477,1,1,0.6093223140495868,0.9205413774159716,36,0
259656,1,1,0.6035371399696816,0.9265618535374431,36,0
62100,1,1,0.27446089211277774,0.2906701890989989,17,0
68800,1,1,0.5172520982281629,0.745920745920746,33,0
68997,1,1,0.41579426490669097,0.526556324110672,25,0
263111,1,1,0.24803100387548443,0.24808527931476446,16,0
70914,1,1,0.31752814004655466,0.3201105824868201,20,0
71033,1,1,0.30461663892380336,0.3055820610687023,18,0
264603,1,1,0.49189147644300973,0.7347032487659282,13,0
74786,1,1,0.7921775380088278,0.9857725903040012,53,0
268315,1,1,0.5018070444104135,0.766610518435336,16,0
268674,1,1,0.5012107785048173,0.8049648324369053,19,0
84348,1,1,0.7648640573648043,0.9214525675891857,45,0
269317,1,1,0.6158516020236088,0.8210959080105351,25,0
106708,1,1,0.5046658068431834,0.6777381558838512,13,0
