idx,eval_char,eval_calligrapher,nn_ssim,nn_char,nn_calligrapher,nn_image_path
0,出,柳公权,0.72456,出,钟繇,/root/Workspace/xy/DiT/data/50k/imgs/046020.png
1,短,沈尹默,0.55641,短,虞世南,/root/Workspace/xy/DiT/data/50k/imgs/042801.png
2,堂,赵之谦,0.59331,堂,金农,/root/Workspace/xy/DiT/data/50k/imgs/045584.png
3,禮,柳公权,0.43660,禮,欧阳询,/root/Workspace/xy/DiT/data/50k/imgs/024671.png
4,簿,文徵明,0.52878,簿,黄庭坚,/root/Workspace/xy/DiT/data/50k/imgs/014465.png
5,静,文徵明,0.35150,静,朱耷,/root/Workspace/xy/DiT/data/50k/imgs/020619.png
6,瑟,智永,0.74758,瑟,智永,/root/Workspace/xy/DiT/data/50k/imgs/012615.png
7,紹,苏轼,0.66634,紹,米芾,/root/Workspace/xy/DiT/data/50k/imgs/014684.png
8,升,赵孟頫,0.70666,升,王羲之,/root/Workspace/xy/DiT/data/50k/imgs/002757.png
9,扃,欧阳询,0.55271,扃,褚遂良,/root/Workspace/xy/DiT/data/50k/imgs/023460.png
10,霞,米芾,0.59872,霞,李邕,/root/Workspace/xy/DiT/data/50k/imgs/020487.png
11,照,赵孟頫,0.50692,照,赵之谦,/root/Workspace/xy/DiT/data/50k/imgs/043791.png
12,蹰,姜夔,,,,
13,余,欧阳询,0.65507,余,苏轼,/root/Workspace/xy/DiT/data/50k/imgs/001202.png
14,逋,赵之谦,0.65862,逋,赵之谦,/root/Workspace/xy/DiT/data/50k/imgs/018780.png
15,書,祝允明,0.58150,書,米芾,/root/Workspace/xy/DiT/data/50k/imgs/009464.png
16,終,王铎,0.57944,終,王羲之,/root/Workspace/xy/DiT/data/50k/imgs/014697.png
17,郎,林散之,0.54737,郎,赵之谦,/root/Workspace/xy/DiT/data/50k/imgs/043927.png
18,逮,褚遂良,0.73807,逮,钟繇,/root/Workspace/xy/DiT/data/50k/imgs/046309.png
19,旅,唐寅,0.64102,旅,林散之,/root/Workspace/xy/DiT/data/50k/imgs/034775.png
20,沙,林散之,0.73175,沙,黄庭坚,/root/Workspace/xy/DiT/data/50k/imgs/011019.png
21,箫,虞世南,0.56957,箫,唐寅,/root/Workspace/xy/DiT/data/50k/imgs/031923.png
22,略,唐寅,0.64838,略,薛稷,/root/Workspace/xy/DiT/data/50k/imgs/024451.png
23,黔,赵之谦,0.32689,黔,褚遂良,/root/Workspace/xy/DiT/data/50k/imgs/026454.png
24,壮,王宠,0.73791,壮,褚遂良,/root/Workspace/xy/DiT/data/50k/imgs/049612.png
25,兔,孙过庭,0.58199,兔,祝允明,/root/Workspace/xy/DiT/data/50k/imgs/038574.png
26,秊,林散之,,,,
27,强,颜真卿,0.75086,强,王羲之,/root/Workspace/xy/DiT/data/50k/imgs/027255.png
28,凫,文徵明,0.70700,凫,董其昌,/root/Workspace/xy/DiT/data/50k/imgs/040733.png
29,姚,金农,0.66819,姚,黄庭坚,/root/Workspace/xy/DiT/data/50k/imgs/047846.png
30,習,智永,0.77007,習,智永,/root/Workspace/xy/DiT/data/50k/imgs/034031.png
31,比,王铎,0.57065,比,苏轼,/root/Workspace/xy/DiT/data/50k/imgs/049374.png
32,执,赵之谦,0.64252,执,赵孟頫,/root/Workspace/xy/DiT/data/50k/imgs/049772.png
33,丹,王宠,0.71069,丹,蔡襄,/root/Workspace/xy/DiT/data/50k/imgs/000275.png
34,百,柳公权,0.66935,百,褚遂良,/root/Workspace/xy/DiT/data/50k/imgs/013133.png
35,谏,唐玄宗,0.61328,谏,王献之,/root/Workspace/xy/DiT/data/50k/imgs/037357.png
36,立,智永,0.65047,立,苏轼,/root/Workspace/xy/DiT/data/50k/imgs/014207.png
37,疏,赵之谦,0.61314,疏,唐寅,/root/Workspace/xy/DiT/data/50k/imgs/048452.png
38,牽,沈尹默,0.66139,牽,董其昌,/root/Workspace/xy/DiT/data/50k/imgs/012341.png
39,岡,欧阳询,0.49231,岡,文徵明,/root/Workspace/xy/DiT/data/50k/imgs/050812.png
40,焉,金农,0.52372,焉,祝允明,/root/Workspace/xy/DiT/data/50k/imgs/039286.png
41,典,赵孟頫,0.55761,典,虞世南,/root/Workspace/xy/DiT/data/50k/imgs/022328.png
42,登,文徵明,0.68265,登,苏轼,/root/Workspace/xy/DiT/data/50k/imgs/040183.png
43,小,林散之,0.79635,小,褚遂良,/root/Workspace/xy/DiT/data/50k/imgs/005524.png
44,劑,于右任,,,,
45,雁,赵之谦,,,,
46,尋,何绍基,0.65100,尋,王献之,/root/Workspace/xy/DiT/data/50k/imgs/005493.png
47,天,李邕,0.69723,天,欧阳通,/root/Workspace/xy/DiT/data/50k/imgs/004410.png
48,岑,朱熹,0.56934,岑,王铎,/root/Workspace/xy/DiT/data/50k/imgs/038278.png
49,茟,金农,0.42884,茟,智永,/root/Workspace/xy/DiT/data/50k/imgs/034053.png
50,並,张旭,0.63228,並,欧阳询,/root/Workspace/xy/DiT/data/50k/imgs/035525.png
51,開,王羲之,0.55132,開,褚遂良,/root/Workspace/xy/DiT/data/50k/imgs/019764.png
52,夜,金农,0.58209,夜,金农,/root/Workspace/xy/DiT/data/50k/imgs/004368.png
53,适,启功,0.64419,适,柳公权,/root/Workspace/xy/DiT/data/50k/imgs/035472.png
54,兩,苏轼,0.54122,兩,智永,/root/Workspace/xy/DiT/data/50k/imgs/048637.png
55,張,吴昌硕,0.70412,張,邓石如,/root/Workspace/xy/DiT/data/50k/imgs/044915.png
56,书,赵孟頫,0.63932,书,鲜于枢,/root/Workspace/xy/DiT/data/50k/imgs/046859.png
57,句,黄庭坚,0.60549,句,何绍基,/root/Workspace/xy/DiT/data/50k/imgs/003115.png
58,牆,吴昌硕,,,,
59,陽,颜真卿,0.56914,陽,鲜于枢,/root/Workspace/xy/DiT/data/50k/imgs/020099.png
60,帖,黄庭坚,0.60063,帖,姜夔,/root/Workspace/xy/DiT/data/50k/imgs/026694.png
61,条,赵孟頫,0.54881,条,赵之谦,/root/Workspace/xy/DiT/data/50k/imgs/049687.png
62,伊,王宠,0.62896,伊,董其昌,/root/Workspace/xy/DiT/data/50k/imgs/040685.png
63,宗,米芾,0.63650,宗,文徵明,/root/Workspace/xy/DiT/data/50k/imgs/033453.png
64,訪,金农,0.63349,訪,虞世南,/root/Workspace/xy/DiT/data/50k/imgs/025459.png
65,良,李邕,0.61820,良,智永,/root/Workspace/xy/DiT/data/50k/imgs/034049.png
66,并,蔡襄,0.73007,并,米芾,/root/Workspace/xy/DiT/data/50k/imgs/039727.png
67,沛,金农,0.78125,沛,林散之,/root/Workspace/xy/DiT/data/50k/imgs/034820.png
68,羽,颜真卿,0.56718,羽,钟繇,/root/Workspace/xy/DiT/data/50k/imgs/046239.png
69,宕,何绍基,0.54594,宕,董其昌,/root/Workspace/xy/DiT/data/50k/imgs/040865.png
70,尚,邓石如,0.68977,尚,王羲之,/root/Workspace/xy/DiT/data/50k/imgs/005598.png
71,乃,欧阳通,0.70912,乃,王献之,/root/Workspace/xy/DiT/data/50k/imgs/037043.png
72,壮,郑板桥,0.65822,壮,王羲之,/root/Workspace/xy/DiT/data/50k/imgs/037603.png
73,男,赵孟頫,0.48304,男,倪元璐,/root/Workspace/xy/DiT/data/50k/imgs/030548.png
74,嬢,王铎,,,,
75,嵘,祝允明,0.54199,嵘,欧阳询,/root/Workspace/xy/DiT/data/50k/imgs/035874.png
76,窟,邓石如,0.54067,窟,刘墉,/root/Workspace/xy/DiT/data/50k/imgs/030741.png
77,辟,薛稷,0.59873,辟,康里巎巎,/root/Workspace/xy/DiT/data/50k/imgs/032750.png
78,問,苏轼,0.55997,問,何绍基,/root/Workspace/xy/DiT/data/50k/imgs/029853.png
79,兵,赵孟頫,0.66468,兵,林散之,/root/Workspace/xy/DiT/data/50k/imgs/034576.png
80,林,颜真卿,0.61091,林,智永,/root/Workspace/xy/DiT/data/50k/imgs/009875.png
81,濱,米芾,0.52336,濱,沈尹默,/root/Workspace/xy/DiT/data/50k/imgs/024261.png
82,增,赵孟頫,0.56306,增,欧阳询,/root/Workspace/xy/DiT/data/50k/imgs/036141.png
83,恐,虞世南,0.62956,恐,钟繇,/root/Workspace/xy/DiT/data/50k/imgs/046137.png
84,濑,朱熹,0.56182,濑,董其昌,/root/Workspace/xy/DiT/data/50k/imgs/041135.png
85,湖,赵之谦,0.64348,湖,金农,/root/Workspace/xy/DiT/data/50k/imgs/011592.png
86,恒,褚遂良,0.60599,恒,颜真卿,/root/Workspace/xy/DiT/data/50k/imgs/007186.png
87,姸,黄庭坚,0.71113,姸,赵佶,/root/Workspace/xy/DiT/data/50k/imgs/022858.png
88,身,金农,0.63491,身,林散之,/root/Workspace/xy/DiT/data/50k/imgs/034963.png
89,优,虞世南,0.59514,优,褚遂良,/root/Workspace/xy/DiT/data/50k/imgs/042870.png
90,竹,李邕,0.69962,竹,鲜于枢,/root/Workspace/xy/DiT/data/50k/imgs/028540.png
91,巳,林散之,0.60021,巳,唐寅,/root/Workspace/xy/DiT/data/50k/imgs/031685.png
92,勝,颜真卿,0.50666,勝,钟繇,/root/Workspace/xy/DiT/data/50k/imgs/046030.png
93,冠,文徵明,0.48765,冠,康里巎巎,/root/Workspace/xy/DiT/data/50k/imgs/048470.png
94,触,金农,0.60636,触,唐玄宗,/root/Workspace/xy/DiT/data/50k/imgs/032376.png
95,比,赵佶,0.62534,比,智永,/root/Workspace/xy/DiT/data/50k/imgs/026725.png
96,起,黄庭坚,0.61472,起,苏轼,/root/Workspace/xy/DiT/data/50k/imgs/018238.png
97,晉,金农,0.57311,晉,智永,/root/Workspace/xy/DiT/data/50k/imgs/009222.png
98,絳,王羲之,0.68013,絳,褚遂良,/root/Workspace/xy/DiT/data/50k/imgs/014759.png
99,革,褚遂良,0.67249,革,颜真卿,/root/Workspace/xy/DiT/data/50k/imgs/020720.png
100,淫,金农,0.61956,淫,王铎,/root/Workspace/xy/DiT/data/50k/imgs/038451.png
101,化,王羲之,0.68644,化,褚遂良,/root/Workspace/xy/DiT/data/50k/imgs/002655.png
102,爵,颜真卿,0.58669,爵,褚遂良,/root/Workspace/xy/DiT/data/50k/imgs/043319.png
103,亨,唐玄宗,0.59140,亨,金农,/root/Workspace/xy/DiT/data/50k/imgs/000707.png
104,階,赵佶,0.40502,階,祝允明,/root/Workspace/xy/DiT/data/50k/imgs/026092.png
105,失,郑板桥,0.66718,失,褚遂良,/root/Workspace/xy/DiT/data/50k/imgs/004470.png
106,三,唐玄宗,0.63189,三,祝允明,/root/Workspace/xy/DiT/data/50k/imgs/038502.png
107,暎,赵佶,0.48581,暎,智永,/root/Workspace/xy/DiT/data/50k/imgs/009324.png
108,以,朱熹,0.81898,以,王羲之,/root/Workspace/xy/DiT/data/50k/imgs/000986.png
109,此,赵孟頫,0.82930,此,赵之谦,/root/Workspace/xy/DiT/data/50k/imgs/010467.png
110,涤,虞世南,,,,
111,乱,文徵明,0.53422,乱,欧阳询,/root/Workspace/xy/DiT/data/50k/imgs/026968.png
112,贄,金农,0.58636,贄,欧阳询,/root/Workspace/xy/DiT/data/50k/imgs/018171.png
113,后,王宠,0.66846,后,王铎,/root/Workspace/xy/DiT/data/50k/imgs/038201.png
114,千,董其昌,0.72892,千,颜真卿,/root/Workspace/xy/DiT/data/50k/imgs/046493.png
115,璧,赵之谦,0.58232,璧,蔡襄,/root/Workspace/xy/DiT/data/50k/imgs/042294.png
116,盧,欧阳通,0.57798,盧,吴昌硕,/root/Workspace/xy/DiT/data/50k/imgs/050531.png
117,因,朱熹,0.54492,因,刘墉,/root/Workspace/xy/DiT/data/50k/imgs/048221.png
118,铭,赵之谦,0.60684,铭,赵孟頫,/root/Workspace/xy/DiT/data/50k/imgs/044838.png
119,置,黄庭坚,0.62653,置,启功,/root/Workspace/xy/DiT/data/50k/imgs/031246.png
120,多,黄庭坚,0.77345,多,褚遂良,/root/Workspace/xy/DiT/data/50k/imgs/004363.png
121,巡,黄易,0.64067,巡,金农,/root/Workspace/xy/DiT/data/50k/imgs/028145.png
122,湲,何绍基,0.45951,湲,黄庭坚,/root/Workspace/xy/DiT/data/50k/imgs/011619.png
123,訪,米芾,0.50061,訪,董其昌,/root/Workspace/xy/DiT/data/50k/imgs/017380.png
124,禄,王铎,0.62488,禄,唐玄宗,/root/Workspace/xy/DiT/data/50k/imgs/032316.png
125,坐,苏轼,0.59850,坐,王宠,/root/Workspace/xy/DiT/data/50k/imgs/036729.png
126,跃,王宠,0.44713,跃,钟繇,/root/Workspace/xy/DiT/data/50k/imgs/046295.png
127,榜,金农,0.59035,榜,欧阳询,/root/Workspace/xy/DiT/data/50k/imgs/036363.png
128,煢,黄庭坚,0.60674,煢,黄庭坚,/root/Workspace/xy/DiT/data/50k/imgs/012089.png
129,阜,沈尹默,0.73755,阜,鲜于枢,/root/Workspace/xy/DiT/data/50k/imgs/019888.png
130,兼,赵之谦,0.44857,兼,林散之,/root/Workspace/xy/DiT/data/50k/imgs/034579.png
131,儔,虞世南,0.50795,儔,文徵明,/root/Workspace/xy/DiT/data/50k/imgs/033011.png
132,帕,欧阳询,0.57779,帕,文徵明,/root/Workspace/xy/DiT/data/50k/imgs/033524.png
133,關,邓石如,0.56199,關,虞世南,/root/Workspace/xy/DiT/data/50k/imgs/026058.png
134,祇,欧阳通,0.66162,祇,黄庭坚,/root/Workspace/xy/DiT/data/50k/imgs/047486.png
135,虛,沈尹默,0.57113,虛,苏轼,/root/Workspace/xy/DiT/data/50k/imgs/016707.png
136,代,林散之,0.68246,代,金农,/root/Workspace/xy/DiT/data/50k/imgs/045498.png
137,異,祝允明,0.66016,異,褚遂良,/root/Workspace/xy/DiT/data/50k/imgs/024456.png
138,呼,王羲之,0.70457,呼,祝允明,/root/Workspace/xy/DiT/data/50k/imgs/039011.png
139,加,赵之谦,0.77383,加,文徵明,/root/Workspace/xy/DiT/data/50k/imgs/033038.png
140,解,朱耷,0.51701,解,林散之,/root/Workspace/xy/DiT/data/50k/imgs/034954.png
141,惱,李邕,0.48887,惱,苏轼,/root/Workspace/xy/DiT/data/50k/imgs/023373.png
142,乡,何绍基,0.63583,乡,柳公权,/root/Workspace/xy/DiT/data/50k/imgs/035206.png
143,諒,欧阳询,0.50371,諒,褚遂良,/root/Workspace/xy/DiT/data/50k/imgs/025543.png
144,年,祝允明,0.67247,年,赵孟頫,/root/Workspace/xy/DiT/data/50k/imgs/028018.png
145,承,赵孟頫,0.73493,承,林散之,/root/Workspace/xy/DiT/data/50k/imgs/034754.png
146,杷,智永,0.62979,杷,智永,/root/Workspace/xy/DiT/data/50k/imgs/009834.png
147,妍,黄庭坚,0.62487,妍,祝允明,/root/Workspace/xy/DiT/data/50k/imgs/038716.png
148,凶,黄易,0.72557,凶,唐玄宗,/root/Workspace/xy/DiT/data/50k/imgs/032018.png
149,陶,柳公权,0.51446,陶,朱耷,/root/Workspace/xy/DiT/data/50k/imgs/026088.png
150,枕,唐寅,0.61870,枕,苏轼,/root/Workspace/xy/DiT/data/50k/imgs/009863.png
151,敢,唐玄宗,0.55302,敢,金农,/root/Workspace/xy/DiT/data/50k/imgs/023604.png
152,寺,褚遂良,0.69139,寺,文徵明,/root/Workspace/xy/DiT/data/50k/imgs/033478.png
153,然,王献之,0.67346,然,李邕,/root/Workspace/xy/DiT/data/50k/imgs/012062.png
154,聰,金农,0.54248,聰,黄庭坚,/root/Workspace/xy/DiT/data/50k/imgs/015468.png
155,籀,颜真卿,0.42480,籀,欧阳通,/root/Workspace/xy/DiT/data/50k/imgs/014468.png
156,粲,祝允明,0.74956,粲,祝允明,/root/Workspace/xy/DiT/data/50k/imgs/014532.png
157,隺,金农,,,,
158,贫,蔡襄,,,,
159,俸,郑板桥,0.65784,俸,米芾,/root/Workspace/xy/DiT/data/50k/imgs/001454.png
160,印,金农,0.69100,印,蔡襄,/root/Workspace/xy/DiT/data/50k/imgs/042084.png
161,灾,柳公权,0.69906,灾,王宠,/root/Workspace/xy/DiT/data/50k/imgs/051115.png
162,調,唐寅,0.52773,調,欧阳通,/root/Workspace/xy/DiT/data/50k/imgs/017624.png
163,買,金农,0.59512,買,鲜于枢,/root/Workspace/xy/DiT/data/50k/imgs/018046.png
164,勑,欧阳询,0.74610,勑,欧阳询,/root/Workspace/xy/DiT/data/50k/imgs/027008.png
165,處,郑板桥,0.64071,處,褚遂良,/root/Workspace/xy/DiT/data/50k/imgs/025292.png
166,树,赵之谦,0.65869,树,祝允明,/root/Workspace/xy/DiT/data/50k/imgs/039218.png
167,殉,于右任,,,,
168,诗,康里巎巎,0.65687,诗,朱熹,/root/Workspace/xy/DiT/data/50k/imgs/034459.png
169,蓼,邓石如,,,,
170,董,启功,0.60267,董,董其昌,/root/Workspace/xy/DiT/data/50k/imgs/016417.png
171,成,黄庭坚,0.64587,成,唐玄宗,/root/Workspace/xy/DiT/data/50k/imgs/032182.png
172,狂,金农,0.64414,狂,苏轼,/root/Workspace/xy/DiT/data/50k/imgs/040168.png
173,疚,文徵明,0.66795,疚,薛稷,/root/Workspace/xy/DiT/data/50k/imgs/012966.png
174,带,米芾,0.74864,带,文徵明,/root/Workspace/xy/DiT/data/50k/imgs/033530.png
175,彼,林散之,0.73911,彼,赵之谦,/root/Workspace/xy/DiT/data/50k/imgs/006672.png
176,圭,王宠,0.66642,圭,苏轼,/root/Workspace/xy/DiT/data/50k/imgs/039943.png
177,婦,米芾,0.65599,婦,黄庭坚,/root/Workspace/xy/DiT/data/50k/imgs/022867.png
178,商,金农,0.45244,商,虞世南,/root/Workspace/xy/DiT/data/50k/imgs/042542.png
179,農,祝允明,0.59217,農,欧阳询,/root/Workspace/xy/DiT/data/50k/imgs/018663.png
180,觞,褚遂良,0.50965,觞,启功,/root/Workspace/xy/DiT/data/50k/imgs/031275.png
181,棋,金农,0.52566,棋,祝允明,/root/Workspace/xy/DiT/data/50k/imgs/039221.png
182,尽,文徵明,0.78304,尽,王羲之,/root/Workspace/xy/DiT/data/50k/imgs/037650.png
183,竊,黄庭坚,0.58902,竊,褚遂良,/root/Workspace/xy/DiT/data/50k/imgs/014194.png
184,障,金农,0.48826,障,鲜于枢,/root/Workspace/xy/DiT/data/50k/imgs/020148.png
185,益,欧阳询,0.67417,益,朱熹,/root/Workspace/xy/DiT/data/50k/imgs/034391.png
186,帕,唐寅,0.73778,帕,唐寅,/root/Workspace/xy/DiT/data/50k/imgs/031690.png
187,擗,唐玄宗,0.51040,擗,董其昌,/root/Workspace/xy/DiT/data/50k/imgs/041014.png
188,懷,于右任,0.52360,懷,蔡襄,/root/Workspace/xy/DiT/data/50k/imgs/027856.png
189,濬,董其昌,0.52808,濬,柳公权,/root/Workspace/xy/DiT/data/50k/imgs/011860.png
190,饰,金农,0.61251,饰,唐玄宗,/root/Workspace/xy/DiT/data/50k/imgs/032438.png
191,喈,欧阳询,,,,
192,刚,王羲之,0.42260,刚,祝允明,/root/Workspace/xy/DiT/data/50k/imgs/038602.png
193,唫,何绍基,0.62829,唫,王宠,/root/Workspace/xy/DiT/data/50k/imgs/036692.png
194,栖,张旭,0.52908,栖,王铎,/root/Workspace/xy/DiT/data/50k/imgs/038400.png
195,壯,孙过庭,0.70852,壯,王宠,/root/Workspace/xy/DiT/data/50k/imgs/036753.png
196,腾,赵孟頫,0.36361,腾,褚遂良,/root/Workspace/xy/DiT/data/50k/imgs/043387.png
197,仲,启功,0.73606,仲,王羲之,/root/Workspace/xy/DiT/data/50k/imgs/037865.png
198,朝,朱耷,0.53994,朝,于右任,/root/Workspace/xy/DiT/data/50k/imgs/029004.png
199,淑,林散之,0.70138,淑,唐玄宗,/root/Workspace/xy/DiT/data/50k/imgs/032262.png
200,遵,智永,0.58283,遵,褚遂良,/root/Workspace/xy/DiT/data/50k/imgs/043449.png
201,览,朱熹,0.69311,览,鲜于枢,/root/Workspace/xy/DiT/data/50k/imgs/047226.png
202,斂,黄易,0.62507,斂,褚遂良,/root/Workspace/xy/DiT/data/50k/imgs/008708.png
203,卧,赵孟頫,0.59742,卧,王宠,/root/Workspace/xy/DiT/data/50k/imgs/036940.png
204,悟,颜真卿,0.59056,悟,蔡襄,/root/Workspace/xy/DiT/data/50k/imgs/042189.png
205,庆,赵孟頫,0.65657,庆,王羲之,/root/Workspace/xy/DiT/data/50k/imgs/037690.png
206,陵,张旭,0.63587,陵,褚遂良,/root/Workspace/xy/DiT/data/50k/imgs/020059.png
207,豈,李邕,0.65567,豈,苏轼,/root/Workspace/xy/DiT/data/50k/imgs/017918.png
208,靡,黄易,0.45436,靡,金农,/root/Workspace/xy/DiT/data/50k/imgs/020692.png
209,鼓,虞世南,0.53431,鼓,祝允明,/root/Workspace/xy/DiT/data/50k/imgs/021931.png
210,屡,文徵明,0.61982,屡,欧阳询,/root/Workspace/xy/DiT/data/50k/imgs/035858.png
211,醉,金农,0.56537,醉,欧阳询,/root/Workspace/xy/DiT/data/50k/imgs/019366.png
212,叽,褚遂良,0.62262,叽,欧阳询,/root/Workspace/xy/DiT/data/50k/imgs/048910.png
213,監,李邕,0.56976,監,欧阳询,/root/Workspace/xy/DiT/data/50k/imgs/013303.png
214,田,赵之谦,0.65448,田,林散之,/root/Workspace/xy/DiT/data/50k/imgs/034853.png
215,鎭,柳公权,0.43380,鎭,黄庭坚,/root/Workspace/xy/DiT/data/50k/imgs/047602.png
216,同,祝允明,0.56769,同,褚遂良,/root/Workspace/xy/DiT/data/50k/imgs/043119.png
217,合,邓石如,0.68359,合,智永,/root/Workspace/xy/DiT/data/50k/imgs/003237.png
218,晦,褚遂良,0.49021,晦,虞世南,/root/Workspace/xy/DiT/data/50k/imgs/027905.png
219,侄,康里巎巎,0.64419,侄,倪元璐,/root/Workspace/xy/DiT/data/50k/imgs/050442.png
220,興,黄易,0.54377,興,赵之谦,/root/Workspace/xy/DiT/data/50k/imgs/025134.png
221,句,黄庭坚,0.63207,句,王宠,/root/Workspace/xy/DiT/data/50k/imgs/036655.png
222,宣,康里巎巎,0.57723,宣,沈尹默,/root/Workspace/xy/DiT/data/50k/imgs/005092.png
223,止,唐玄宗,0.63528,止,智永,/root/Workspace/xy/DiT/data/50k/imgs/033890.png
224,歳,褚遂良,0.64631,歳,柳公权,/root/Workspace/xy/DiT/data/50k/imgs/010560.png
225,别,褚遂良,0.63292,别,何绍基,/root/Workspace/xy/DiT/data/50k/imgs/030057.png
226,多,赵之谦,0.67668,多,金农,/root/Workspace/xy/DiT/data/50k/imgs/045595.png
227,剋,褚遂良,0.58031,剋,赵佶,/root/Workspace/xy/DiT/data/50k/imgs/002381.png
228,属,文徵明,0.67542,属,王羲之,/root/Workspace/xy/DiT/data/50k/imgs/037656.png
229,北,唐玄宗,0.72276,北,祝允明,/root/Workspace/xy/DiT/data/50k/imgs/038619.png
230,陟,褚遂良,0.53496,陟,赵佶,/root/Workspace/xy/DiT/data/50k/imgs/019964.png
231,勃,祝允明,0.57069,勃,欧阳询,/root/Workspace/xy/DiT/data/50k/imgs/002521.png
232,郡,赵之谦,0.57746,郡,林散之,/root/Workspace/xy/DiT/data/50k/imgs/034980.png
233,與,祝允明,0.65197,與,黄庭坚,/root/Workspace/xy/DiT/data/50k/imgs/015885.png
234,虛,王羲之,0.56973,虛,褚遂良,/root/Workspace/xy/DiT/data/50k/imgs/025306.png
235,陛,赵孟頫,0.48565,陛,蔡襄,/root/Workspace/xy/DiT/data/50k/imgs/042004.png
236,其,董其昌,0.67545,其,褚遂良,/root/Workspace/xy/DiT/data/50k/imgs/001963.png
237,漸,唐寅,0.54016,漸,王铎,/root/Workspace/xy/DiT/data/50k/imgs/011755.png
238,振,赵之谦,0.63990,振,赵孟頫,/root/Workspace/xy/DiT/data/50k/imgs/044587.png
239,迴,薛稷,0.51160,迴,朱耷,/root/Workspace/xy/DiT/data/50k/imgs/018719.png
240,志,欧阳询,0.71551,志,蔡襄,/root/Workspace/xy/DiT/data/50k/imgs/041721.png
241,何,赵孟頫,0.76055,何,赵之谦,/root/Workspace/xy/DiT/data/50k/imgs/043511.png
242,九,董其昌,0.73648,九,颜真卿,/root/Workspace/xy/DiT/data/50k/imgs/000445.png
243,琴,王铎,0.64769,琴,唐寅,/root/Workspace/xy/DiT/data/50k/imgs/031881.png
244,勤,林散之,0.59832,勤,王铎,/root/Workspace/xy/DiT/data/50k/imgs/038174.png
245,宠,赵孟頫,0.61450,宠,柳公权,/root/Workspace/xy/DiT/data/50k/imgs/026831.png
246,樽,褚遂良,0.56281,樽,康里巎巎,/root/Workspace/xy/DiT/data/50k/imgs/032633.png
247,佚,何绍基,0.63491,佚,王宠,/root/Workspace/xy/DiT/data/50k/imgs/048988.png
248,崑,文徵明,0.65585,崑,欧阳询,/root/Workspace/xy/DiT/data/50k/imgs/035871.png
