exp,strict_ssim,seen_ssim,mse,lpips,step,dataset,factors
v24_top10_style23,0.644,0.6594,0.1961,0.2,150000,Top-10聚焦,Split LN+专精SkelNet+补偿骨架
v14_style87_s3,0.5764,0.7698,0.8398,0.3665,162500,50k全量,87风格细分
v13_12ch_post,0.5713,0.7837,0.8552,0.3642,17500,50k全量,12通道后处理
v14_style87_s2,0.5703,0.7664,0.852,0.3621,160000,50k全量,87风格s2
v13_wd01,0.5662,0.6987,0.8784,0.364,125000,50k全量,wd=0.1
v22_aug_skelnet,0.56,0.7,0.85,0.36,155000,50k+增强,数据增强+SkelNet
v23_splitnorm,0.56,0.7,0.85,0.36,150000,50k全量,Split LN
v21_skelnet_200k,0.5549,0.6934,0.4871,0.2496,150000,50k全量,变形骨架网络
v13_base_50k,0.5547,0.758,0.9155,0.3661,155000,50k全量,基线
v18_style_rank_200k,0.5537,0.6098,0.9431,0.3732,145000,50k全量,层级风格分解
v17_s2_s2z_baseline,0.5529,0.6612,0.9307,0.3728,100000,50k全量,s2z注入
v15b_supcon,0.5525,0.5872,0.9378,0.3733,70000,50k全量,SupCon损失
v17_mid_250k,0.5501,0.6337,0.9462,0.3729,110000,50k全量,中层训练
v17_gq_100k,0.5479,0.5971,0.9632,0.3754,85000,50k全量,GlyphQuery
v17_inj3_fixed,0.5456,0.5766,0.9752,0.3804,55000,50k全量,inj3固定
v17_inj3_aug,0.5454,0.5822,0.9708,0.3795,100000,50k全量,inj3增强
v17_s2z_ada1_ln,0.5445,0.5753,0.9831,0.3788,40000,50k全量,adaLN
v17_lowrank_r32,0.5416,0.5729,0.9894,0.3821,35000,50k全量,低秩适配
v17_midskel20,0.5403,0.5727,0.9874,0.3824,40000,50k全量,中层骨架
v18_skelnet_100k,0.5373,0.5752,0.9984,0.3887,20000,50k全量,SkelNet早期
v17_glyph_gate,0.5361,0.5515,1.0096,0.3868,25000,50k全量,风格门控
v17_lca_x_s02,0.0893,0.0911,0.9956,0.6819,2000,50k全量,LCA交叉注意力
v17_lca_x,0.0639,0.0652,1.2111,0.7134,2000,50k全量,LCA交叉注意力
