calligrapher,total_kxl,approx_chars,kai,xing,li,cao,zhuan,total_imgs,in_hcsu,in_mccd
伊秉绶,1204,869,0,590,614,0,9,1370,True,True
宋高宗,769,1686,749,20,0,1526,0,2302,True,True
王澍,726,857,0,0,726,6,170,1026,False,True
吴叡,719,1143,0,0,719,0,696,1415,False,True
陆柬之,687,542,217,470,0,17,0,870,False,True
沈周,663,493,0,663,0,0,0,718,True,True
陈鸿寿,523,582,0,6,517,0,0,725,False,True
吴彩鸾,475,371,475,0,0,0,0,475,False,True
张即之,461,425,270,191,0,11,0,500,False,True
徐渭,444,762,0,444,0,670,0,1212,True,True
郑道昭,401,396,401,0,0,0,0,401,False,True
郑簠,368,506,0,0,368,0,0,585,False,True
韩择木,308,316,0,0,308,0,0,325,False,True
傅山,305,648,9,296,0,593,0,1017,True,True
高正臣,278,272,2,276,0,0,0,278,False,True
黄道周,269,367,124,145,0,52,0,397,False,True
沈度,213,205,135,0,78,0,0,213,False,True
徐浩,194,211,118,58,18,0,0,243,False,True
李世民,191,377,4,187,0,249,0,440,False,True
王知敬,183,183,183,0,0,0,5,188,False,True
桂馥,182,268,0,0,182,0,0,294,False,True
索靖,177,468,0,177,0,477,0,657,False,True
皇象,177,948,1,176,0,959,0,1158,False,True
张裕钊,175,175,175,0,0,0,0,178,False,True
吴琚,170,167,0,170,0,0,0,176,False,True
汪士慎,169,165,0,1,168,0,0,173,False,True
邵二泉,167,160,0,167,0,0,0,167,False,True
薛绍彭,155,265,0,155,0,159,0,339,False,True
怀素,154,1585,0,154,0,1982,0,2251,True,True
颜师古,154,151,154,0,0,0,0,154,False,True
吴熙载,152,148,0,0,152,0,0,154,False,True
柯九思,152,154,42,110,0,0,0,172,False,True
梁同书,146,144,77,13,56,0,0,147,False,True
俞樾,146,216,0,0,146,0,27,252,False,True
魏栖梧,141,140,141,0,0,0,0,141,False,True
蒋善进,134,167,134,0,0,124,0,258,False,True
敬客,134,134,134,0,0,0,0,134,False,True
钱澧,131,129,60,6,65,0,0,132,False,True
怀仁,128,122,128,0,0,0,0,128,False,True
翁方纲,123,126,0,95,28,0,0,131,False,True
王远,118,117,118,0,0,0,0,118,False,True
萧显庆,115,114,115,0,0,0,0,115,False,True
郑述祖,114,113,114,0,0,0,0,114,False,True
张从申,111,106,51,60,0,0,0,111,False,True
揭傒斯,101,375,101,0,0,308,0,409,False,True
王文治,99,101,0,99,0,0,0,105,False,True
俞和,79,141,52,3,24,53,0,146,False,True
永瑆,75,392,68,7,0,0,321,396,False,True
杜牧,65,96,0,65,0,23,0,100,False,True
潘伯鹰,64,446,0,64,0,395,0,459,False,True
张雨,63,102,9,54,0,31,0,104,False,True
武则天,61,257,0,61,0,213,0,274,False,True
张瑞图,40,736,20,20,0,815,0,964,True,True
徐三庚,37,636,1,0,36,0,477,815,False,True
赵雍,35,182,0,35,0,148,0,184,False,True
宋克,35,1080,2,33,0,881,0,1350,False,True
翁同龢,32,102,0,32,0,0,0,103,False,True
王守仁,23,131,0,23,0,74,0,135,False,True
邓文原,21,456,0,21,0,436,0,462,False,True
高凤翰,19,96,0,0,19,10,0,101,False,True
李怀琳,19,187,0,19,0,167,0,198,False,True
文彭,17,126,17,0,0,68,4,131,False,True
杨岘,16,188,0,0,16,0,0,190,False,True
张芝,13,118,0,13,0,124,0,140,False,True
史惟则,12,129,0,0,12,0,0,130,False,True
陆居仁,10,111,0,10,0,98,0,121,False,True
王禔,10,442,1,0,9,0,88,465,False,True
邓散木,3,715,0,0,3,8,20,716,False,True
吴让之,2,785,2,0,0,0,508,981,False,True
杨沂孙,1,910,1,0,0,0,625,1168,False,True
黄士陵,1,638,1,0,0,0,622,848,False,True
吴大澂,1,1409,1,0,0,0,834,1774,False,True
李阳冰,1,1626,1,0,0,0,2045,2174,True,True
邓琰,1,579,1,0,0,0,671,672,False,True
仰嘉祥,0,161,0,0,0,0,0,162,False,True
李斯,0,366,0,0,0,0,501,501,False,True
方去疾,0,1378,0,0,0,0,0,1386,False,True
徐伯健,0,936,0,0,0,0,0,942,False,True
成亲王,0,513,0,0,0,590,0,590,True,False
宋徽宗,0,525,0,0,0,590,0,590,True,False
康熙,0,143,0,0,0,0,0,145,False,True
张海,0,111,0,0,0,0,0,114,False,True
张祖翼,0,110,0,0,0,0,0,110,False,True
周慧珺,0,129,0,0,0,0,0,129,False,True
乾隆,0,305,0,0,0,0,0,311,False,True
刘炳森,0,370,0,0,0,0,0,371,False,True
单晓天,0,1571,0,0,0,0,0,1591,False,True
林时九,0,426,0,0,0,0,0,428,False,True
汪仁寿,0,315,0,0,0,0,0,324,False,True
沈粲,0,115,0,0,0,111,0,121,False,True
沈鹏,0,105,0,0,0,0,0,105,False,True
胡问遂,0,983,0,0,0,0,0,986,False,True
翁闿运,0,957,0,0,0,0,0,964,False,True
碧落碑,0,110,0,0,0,0,0,110,False,True
符阴闿,0,102,0,0,0,0,0,102,False,True
王福庵,0,129,0,0,0,0,219,219,True,False
田潜,0,200,0,0,0,0,0,200,False,True
莫友芝,0,304,0,0,0,0,64,327,False,True
钱君匋,0,189,0,0,0,0,0,189,False,True
里耶,0,386,0,0,0,0,0,458,False,True
韩天衡,0,162,0,0,0,0,0,162,False,True
陈羲明,0,191,0,0,0,0,0,196,False,True
陈道复,0,520,0,0,0,590,0,590,True,False
陈淳,0,220,0,0,0,183,1,233,False,True
雍正,0,503,0,0,0,0,0,508,False,True
韩道亨,0,190,0,0,0,191,0,191,False,True
顾蔼吉,0,161,0,0,0,0,0,161,False,True
