experiment,num_calligraphers,max_steps,lr,warmup_steps,weight_decay,global_batch_size,freeze_callig_table,train_only_callig_table,style_anchor_weight,style_anchor_mode,train_only_style,glyph_drop_prob,glyph_noise_scale,glyph_noise_prob,glyph_patch_drop,glyph_concat_input,glyph_inject_layers,glyph_inject_mode,cond_fusion,cond_fusion_norm,deform_skel,deform_trainable,deform_lr_scale,w_deform_skel,stroke_mod,gate_radius,residual,w_repa,w_style_rank,hier_style,local_ca_layers,lowrank_spatial_rank,glyph_gate_t,glyph_gate_floor,callig_multi_style_k,use_ema,ema_decay,no_char_cond,skel_as_glyph_cond,glyph_vec_cond,aux_latent_shards_dirs,aux_loss_weight,aux_loss_weights,image_channels,expand_from_4ch,data_csv,callig_emb_pretrained
v13_base,45,150000,2e-05,500,0.02,360,True,,,,,0.0,0.0,0.0,0.0,,4,adaln,,,,,,,,,,0.03,,,,,,,,True,0.9999,True,True,True,"data/50k/shards_aux_canny,data/50k/shards_aux_skel...",1.0,"0.1,0.2",4.0,assets/results/v13_base_50k/<RUN>/checkpoints/0020...,assets/train_50k_v2.csv,assets/callig_emb_pretrained_50k.pt
v13_12ch,45,150000,2e-05,500,0.02,360,True,,,,,0.0,0.0,0.0,0.0,,4,adaln,,,,,,,,,,0.03,,,,,,,,True,0.9999,True,True,True,"data/50k/shards_aux_canny,data/50k/shards_aux_skel...",1.0,"0.1,0.2",4.0,assets/results/v13_base_50k/<RUN>/checkpoints/0020...,assets/train_50k_v2.csv,assets/callig_emb_pretrained_50k.pt
v14_s2,87,250000,0.0001,3000,0.1,360,True,,,,,0.0,0.0,0.0,0.0,,4,adaln,,,,,,,,,,0.03,,,,,,,,True,0.9999,True,True,True,,0.0,,,,assets/train_50k_v2.csv,assets/callig_script_emb_pretrained.pt
v14_s3,87,200000,3e-05,500,0.02,360,True,True,0.005,,,0.0,0.0,0.0,0.0,,4,adaln,,,,,,,,,,0.03,,,,,,,,False,0.9999,True,True,True,,0.0,,,,assets/train_50k_v2.csv,assets/callig_script_emb_pretrained.pt
v15_supcon,87,150000,5e-05,1000,0.1,360,False,,0.01,mean,True,0.1,,,,,4,adaln,,,,,,,,,,0.03,,,,,,,4.0,True,0.9999,True,True,True,,,,,,assets/train_50k_v2.csv,assets/multistyle_k4_pretrained.pt
v17_baseline,45,100000,0.0005,3000,0.02,360,True,,,,,0.0,0.0,0.0,0.0,,4,adaln,,,,,,,,,,0.03,,0.0,,32.0,0.4,0.15,,True,0.9999,True,True,True,,0.0,,,,assets/train_50k_v2.csv,assets/callig_emb_pretrained_50k.pt
v18_style_rank,45,200000,0.0005,3000,0.02,360,True,,,,,0.15,0.2,0.3,0.1,True,0,adaln,,,,,,,,,,0.03,0.005,0.0,1.0,,,,,True,0.9999,True,True,True,,0.0,,,,assets/train_50k_v2_fixed.csv,assets/callig_emb_pretrained_50k.pt
v21_skelnet,45,200000,0.0005,3000,0.02,320,True,,,,,0.0,0.0,0.0,0.0,,4,adaln,,,1.0,1.0,0.1,1.0,1.0,0.25,0.0,0.03,,0.0,,,,,,True,0.9999,True,True,True,,0.0,,,,assets/train_50k_v2.csv,assets/callig_emb_pretrained_50k.pt
v22_aug,50,200000,0.0005,3000,0.02,320,True,,,,,0.0,0.0,0.0,0.0,,4,adaln,,,1.0,1.0,0.1,1.0,1.0,0.25,0.0,0.03,,0.0,,,,,,True,0.9999,True,True,True,,0.0,,,,assets/train_50k_v2_fixed_augmented.csv,assets/callig_emb_pretrained_50k_ext.pt
v23_splitnorm,45,150000,0.0005,2500,0.02,320,True,,,,,0.0,0.0,0.0,0.0,,4,adaln,,split,1.0,1.0,0.1,1.0,1.0,0.25,0.0,0.03,,0.0,,,,,,True,0.9999,True,True,True,,0.0,,,,assets/train_50k_v2_augmented_glyph15k.csv,assets/callig_emb_pretrained_50k.pt
v24_top10,23,150000,0.0005,2500,0.02,320,True,,,,,0.0,0.0,0.0,0.0,,4,adaln,,split,1.0,1.0,0.1,1.0,1.0,0.25,0.0,0.0,,0.0,,,,,,True,0.9999,True,True,True,,0.0,,,,assets/train_top10_style23.csv,assets/callig_script_emb_top10.pt
