factor,delta_ssim,delta_mse,delta_lpips,delta_skel_iou
12通道后处理,0.01660000000000006,-0.06030000000000002,-0.0018999999999999573,0.002999999999999999
87风格细分,0.021700000000000053,-0.07569999999999999,0.00040000000000001146,0.005000000000000001
数据增强,0.0051000000000001044,0.3629,0.1104,0.0009999999999999974
变形骨架,0.0011999999999999789,-0.45600000000000007,-0.12359999999999999,0.0010000000000000009
Split LN,0.0,0.0,0.0,0.0
Top10聚焦+补偿,0.08399999999999996,-0.6538999999999999,-0.15999999999999998,0.09999999999999999
wd=0.1,0.011500000000000066,-0.03710000000000002,-0.0020999999999999908,0.0010000000000000009
SupCon损失,-0.0021999999999999797,0.022299999999999986,0.00720000000000004,-0.002
层级风格分解,-0.0010000000000000009,0.02760000000000007,0.007099999999999995,0.0010000000000000009
