idx,ssim,mse
0,0.7405450603613416,0.5207897
1,0.5282454911276009,0.8314758
2,0.6120396853109465,0.73392797
3,0.5808491753757391,0.7590657
4,0.5418481794480609,0.717578
5,0.717242455330445,0.5429727
6,0.5801059854291039,0.83182055
7,0.6591484153859126,0.50676316
8,0.6991525000932859,0.700018
9,0.6889590244836874,0.62207705
10,0.5913251893554097,0.8599733
11,0.588656044036328,0.8665727
12,0.5088045069544189,1.1127785
13,0.5142876883819198,0.93785036
14,0.5655710747732942,0.8311007
15,0.459011811400298,1.0955725
16,0.3917899344983937,1.558671
17,0.5331613021784867,0.93984354
18,0.5956210618295199,0.79151714
19,0.5468807723071417,0.9054722
20,0.6767290101261253,0.6731459
21,0.7469390190376811,0.5402732
22,0.6468814088823195,0.70271266
23,0.5572910332972899,0.75756323
24,0.5352818176935147,0.6753701
25,0.7012174843690742,0.46864617
26,0.5454103711674658,0.79791415
27,0.7201799052016895,0.46695158
28,0.5543017003984746,0.95794034
29,0.6428364849305995,0.6739371
30,0.6256580917364494,0.63651705
31,0.5180449132323509,1.0412393
32,0.6092492796871986,0.7340888
33,0.7032245148889569,0.5529959
34,0.5501823535137065,0.88144547
35,0.6611232603088496,0.66898894
36,0.5482338923813713,0.9843996
37,0.7100297030392055,0.5919538
38,0.645237745975817,0.5996512
39,0.6329867205963039,0.64712113
40,0.4147493827226253,1.3395965
41,0.6118436351386771,0.89264476
42,0.48778310388875123,1.0395865
43,0.39936458198685787,1.317975
44,0.5490881737859005,0.9341223
45,0.5639969202780621,0.8992461
46,0.6078647376810313,0.70953494
47,0.5729559019799535,0.8283314
48,0.5192136589064446,0.9467384
49,0.5349048881401751,0.8918575
50,0.6508438609604658,0.6714472
51,0.4816532451355097,0.8690611
52,0.6312980405296724,0.5942437
53,0.4143316525838103,1.2879195
54,0.5550343021686175,0.8268972
55,0.7089673744589243,0.59895396
56,0.589230540622022,0.70722735
57,0.5756554041397517,0.727146
58,0.6244177583966009,0.598613
59,0.6785942512024118,0.56495786
60,0.559607512355061,0.73925674
61,0.6064360582185185,0.62984824
62,0.5121046084513785,0.98132586
63,0.7018576377374359,0.52496743
64,0.787261181464444,0.3449524
65,0.7201852021670179,0.53349864
66,0.6579028081866337,0.5776897
67,0.7237664379188617,0.49538562
68,0.6877391832072481,0.6648177
69,0.5896704351166657,0.68483603
70,0.6733087036192436,0.5520655
71,0.5058010953893044,1.1096606
72,0.5265374538665663,1.0355546
73,0.6310704715847787,0.74273306
74,0.523912369337236,0.85875
75,0.7438246939128379,0.4047894
76,0.5447513074027077,0.94367707
77,0.5815865335863383,0.8700196
78,0.664903210716853,0.775397
79,0.5931299762689692,0.63699555
80,0.7364625835808599,0.440883
81,0.6688190978232613,0.5624596
82,0.7111597882967196,0.5059459
83,0.5805287581852512,0.84078085
84,0.5249337273872883,0.95436585
85,0.5930942643752655,0.79437864
86,0.6713284194850652,0.54678565
87,0.7313747905706132,0.5309776
88,0.6237712682597111,0.7545117
89,0.4543854518841776,1.2426395
90,0.675034964322038,0.5640826
91,0.6631761546599712,0.50390995
92,0.38955769725950157,1.3195641
93,0.5875140747906542,0.78300875
94,0.409825051975829,1.3518407
95,0.5749452913492696,0.99271953
96,0.4667560360846182,1.0981672
97,0.5832517774833272,1.1080618
98,0.5255943701888224,0.88753086
99,0.6893362803786839,0.5294383
100,0.5156341129969234,0.9234861
101,0.5067749290987291,1.0297139
102,0.5169297161023095,1.0523503
103,0.4919877442366288,1.027957
104,0.6569398850126948,0.7126975
105,0.4563890042663307,1.3555002
106,0.604052978364841,0.7454176
107,0.6047502325952779,0.8592174
108,0.5605022552712512,0.8964372
109,0.7336512283327274,0.48929703
110,0.5792541926472318,0.95696163
111,0.6029700043065253,0.85469735
112,0.5009846152179495,1.0643598
113,0.650801386252756,0.74612296
114,0.4995132953950906,1.046777
115,0.7927651471825948,0.4684828
116,0.6814848237162902,0.7617451
117,0.5632784746892554,1.0109687
118,0.4186356536108591,1.0310729
119,0.4614607599974517,1.3567572
120,0.5406047973602881,0.81307733
121,0.3635796036877806,0.96161747
122,0.5898135135891036,0.7038425
123,0.47995349340105986,1.1741838
124,0.5748598740704295,0.8082919
125,0.5945195273324835,0.92744696
126,0.6221045903426021,0.6509782
127,0.5864934271996626,0.82596076
128,0.7029283417735964,0.55652773
129,0.7687332886925252,0.4198048
130,0.707456067911055,0.58248395
131,0.696427613949923,0.61215115
132,0.5850660539050224,0.82853097
133,0.5651765664418054,0.85241365
134,0.61109393128547,0.6723095
135,0.5198195613966387,0.87545836
136,0.6121215427776366,0.7481071
137,0.6856585680408391,0.52374107
138,0.5497490266215262,0.7500873
139,0.6349532338313114,0.63264406
140,0.48783196142285445,0.83737683
141,0.5099626457693268,1.1271346
142,0.6552393364586588,0.66869634
143,0.5151087554758262,0.7517655
144,0.6638706717138851,0.6556219
145,0.6118983494380917,0.7745755
146,0.6079133923265805,0.76628804
147,0.6232510003716959,0.6951861
148,0.557806495850852,0.9477873
149,0.6675737069554604,0.6267617
150,0.6669158368317648,0.5401093
151,0.5539720572755311,0.728597
152,0.6290168256577044,0.7705807
153,0.6370685419901996,0.6675063
154,0.550118743652783,0.8139698
155,0.6175873177312426,0.8034792
156,0.5559823736709647,1.024574
157,0.6207744756222381,0.7356881
158,0.674042074963647,0.6152468
159,0.7228537638443133,0.5555804
160,0.7364904591730275,0.47279465
161,0.5608810541726111,0.94957995
162,0.6396766182565374,0.78712463
163,0.561661416668019,0.8458413
164,0.688141529610454,0.59199643
165,0.6086559844442566,0.7678919
166,0.6174525785686444,0.7204486
167,0.5851715342438732,0.8282736
168,0.7119160076425585,0.5010102
169,0.5902111635573277,0.6690157
170,0.5504814935277027,0.80634713
171,0.8053877188851439,0.3606421
172,0.6734674379682316,0.6256882
173,0.4364223159210188,1.0181882
174,0.3982435119100119,1.2577922
175,0.6420819673004098,0.7145455
176,0.5475135826963805,0.86871475
177,0.38450053196051925,1.1645434
178,0.37710275556142875,1.171359
179,0.4800209403678373,1.0613279
180,0.5976916249930598,0.8308862
181,0.4559690939109178,1.2939991
182,0.6933475787833424,0.56145614
183,0.671889412508507,0.62419415
184,0.45913888219521337,1.1840081
185,0.6273486977354058,0.7242034
186,0.5498402782684673,0.9976551
