best_mse,best_ssim,best_step,cfg,config_json,data,diffusion,fails,lpips,model,mse_median,mse_x4,n,per_script,protocol,run,series,skel_iou,source,ssim,ssim_mean,ssim_median,ssim_楷,ssim_行,ssim_隶
,,,,"{""cfg_model"": ""DiT-3Cond-S/2"", ""cfg_data_csv"": ""5script/train.csv"", ""cfg_diffusion_type"": """", ""cfg_main_ckpt"": """", ""cfg_skel_latent_shards_dir"": """", ""cfg_global_batch_size"": ""224"", ""cfg_batch_size"": """", ""cfg_lr"": ""0.0001"", ""cfg_max_steps"": ""5"", ""cfg_eval_csv"": ""5script/eval_strata/clean_unseen_triple_100.csv"", ""cfg_eval_cfg"": ""4.0""}",5script/train.csv,,,,DiT-3Cond-S/2,,,,,,20260815-153954-probe-s2-factorized-balanced-ema-no-struct-b224,compositional,,all_experiments_20260903,,,,,,
,,,,"{""cfg_model"": ""DiT-3Cond-S/2"", ""cfg_data_csv"": ""5script/train.csv"", ""cfg_diffusion_type"": """", ""cfg_main_ckpt"": """", ""cfg_skel_latent_shards_dir"": """", ""cfg_global_batch_size"": ""224"", ""cfg_batch_size"": """", ""cfg_lr"": ""0.0001"", ""cfg_max_steps"": ""5"", ""cfg_eval_csv"": ""5script/eval_strata/clean_unseen_triple_100.csv"", ""cfg_eval_cfg"": ""4.0""}",5script/train.csv,,,,DiT-3Cond-S/2,,,,,,20260815-154036-probe-s2-factorized-balanced-ema-no-struct-b224-mem,compositional,,all_experiments_20260903,,,,,,
3.2228,0.032,2,,"{""cfg_model"": ""DiT-3Cond-S/2"", ""cfg_data_csv"": ""5script/train.csv"", ""cfg_diffusion_type"": """", ""cfg_main_ckpt"": """", ""cfg_skel_latent_shards_dir"": """", ""cfg_global_batch_size"": ""224"", ""cfg_batch_size"": """", ""cfg_lr"": ""0.0001"", ""cfg_max_steps"": ""2"", ""cfg_eval_csv"": ""5script/eval_strata/clean_unseen_triple_100.csv"", ""cfg_eval_cfg"": ""4.0""}",5script/train.csv,,,,DiT-3Cond-S/2,,,,,,20260815-154357-smoke-s2-factorized-ema-save-eval,compositional,,all_experiments_20260903,,,,,,
3.2513,0.0302,2000,,"{""cfg_model"": ""DiT-3Cond-S/2"", ""cfg_data_csv"": ""5script/train.csv"", ""cfg_diffusion_type"": """", ""cfg_main_ckpt"": """", ""cfg_skel_latent_shards_dir"": """", ""cfg_global_batch_size"": ""224"", ""cfg_batch_size"": """", ""cfg_lr"": ""0.0001"", ""cfg_max_steps"": ""20000"", ""cfg_eval_csv"": ""5script/eval_strata/clean_unseen_triple_100.csv"", ""cfg_eval_cfg"": ""4.0""}",5script/train.csv,,,,DiT-3Cond-S/2,,,,,,20260815-154610-s2-factorized-add-balanced-ema-no-struct-v1,compositional,,all_experiments_20260903,,,,,,
1.0087,0.4578,18000,,"{""cfg_model"": ""DiT-3Cond-S/2"", ""cfg_data_csv"": ""5script/train.csv"", ""cfg_diffusion_type"": """", ""cfg_main_ckpt"": """", ""cfg_skel_latent_shards_dir"": """", ""cfg_global_batch_size"": ""224"", ""cfg_batch_size"": """", ""cfg_lr"": ""0.0001"", ""cfg_max_steps"": ""20000"", ""cfg_eval_csv"": ""5script/eval_strata/clean_unseen_triple_100.csv"", ""cfg_eval_cfg"": ""4.0""}",5script/train.csv,,,,DiT-3Cond-S/2,,,,,,20260815-155912-s2-factorized-add-balanced-ema-no-struct-v1,compositional,,all_experiments_20260903,,,,,,
1.0043,0.4545,21000,,"{""cfg_model"": ""DiT-3Cond-S/2"", ""cfg_data_csv"": ""5script/train.csv"", ""cfg_diffusion_type"": """", ""cfg_main_ckpt"": """", ""cfg_skel_latent_shards_dir"": """", ""cfg_global_batch_size"": ""224"", ""cfg_batch_size"": """", ""cfg_lr"": ""1e-05"", ""cfg_max_steps"": ""24000"", ""cfg_eval_csv"": ""5script/eval_strata/clean_unseen_triple_100.csv"", ""cfg_eval_cfg"": ""4.0""}",5script/train.csv,,,,DiT-3Cond-S/2,,,,,,20260815-174722-s2-factorized-latent-canny-skel-probe-ft-from20k-v2,compositional,,all_experiments_20260903,,,,,,
0.2487,0.8079,25000,,"{""cfg_model"": """", ""cfg_data_csv"": """", ""cfg_diffusion_type"": """", ""cfg_main_ckpt"": """", ""cfg_skel_latent_shards_dir"": """", ""cfg_global_batch_size"": """", ""cfg_batch_size"": """", ""cfg_lr"": """", ""cfg_max_steps"": """", ""cfg_eval_csv"": """", ""cfg_eval_cfg"": """"}",,,,,,,,,,,20260822-195603-ctrl-skel-3px,ctrl_skel,,all_experiments_20260903,,,,,,
0.2594,0.8008,10000,,"{""cfg_model"": """", ""cfg_data_csv"": """", ""cfg_diffusion_type"": """", ""cfg_main_ckpt"": """", ""cfg_skel_latent_shards_dir"": """", ""cfg_global_batch_size"": """", ""cfg_batch_size"": """", ""cfg_lr"": """", ""cfg_max_steps"": """", ""cfg_eval_csv"": """", ""cfg_eval_cfg"": """"}",,,,,,,,,,,20260822-215523-ctrl-skel-3px,ctrl_skel,,all_experiments_20260903,,,,,,
0.2659,0.7974,5000,,"{""cfg_model"": """", ""cfg_data_csv"": """", ""cfg_diffusion_type"": """", ""cfg_main_ckpt"": """", ""cfg_skel_latent_shards_dir"": """", ""cfg_global_batch_size"": """", ""cfg_batch_size"": """", ""cfg_lr"": """", ""cfg_max_steps"": """", ""cfg_eval_csv"": """", ""cfg_eval_cfg"": """"}",,,,,,,,,,,20260822-225755-ctrl-skel-3px,ctrl_skel,,all_experiments_20260903,,,,,,
0.2675,0.7717,90000,,"{""cfg_model"": """", ""cfg_data_csv"": """", ""cfg_diffusion_type"": """", ""cfg_main_ckpt"": """", ""cfg_skel_latent_shards_dir"": """", ""cfg_global_batch_size"": """", ""cfg_batch_size"": """", ""cfg_lr"": """", ""cfg_max_steps"": """", ""cfg_eval_csv"": """", ""cfg_eval_cfg"": """"}",,,,,,,,,,,20260822-235734-ctrl-skel-3px,ctrl_skel,,all_experiments_20260903,,,,,,
2.7286,0.1441,15000,,"{""cfg_model"": """", ""cfg_data_csv"": """", ""cfg_diffusion_type"": """", ""cfg_main_ckpt"": """", ""cfg_skel_latent_shards_dir"": """", ""cfg_global_batch_size"": """", ""cfg_batch_size"": """", ""cfg_lr"": """", ""cfg_max_steps"": """", ""cfg_eval_csv"": """", ""cfg_eval_cfg"": """"}",,,,,,,,,,,20260823-085301-ctrl-skel-top30-scratch,ctrl_skel,,all_experiments_20260903,,,,,,
0.2304,0.8107,15000,,"{""cfg_model"": """", ""cfg_data_csv"": """", ""cfg_diffusion_type"": """", ""cfg_main_ckpt"": """", ""cfg_skel_latent_shards_dir"": """", ""cfg_global_batch_size"": """", ""cfg_batch_size"": """", ""cfg_lr"": """", ""cfg_max_steps"": """", ""cfg_eval_csv"": """", ""cfg_eval_cfg"": """"}",,,,,,,,,,,20260825-115527-ctrl-skel-s6-v2,ctrl_skel,,all_experiments_20260903,,,,,,
0.9151,0.5165,15000,,"{""cfg_model"": """", ""cfg_data_csv"": """", ""cfg_diffusion_type"": """", ""cfg_main_ckpt"": """", ""cfg_skel_latent_shards_dir"": """", ""cfg_global_batch_size"": """", ""cfg_batch_size"": """", ""cfg_lr"": """", ""cfg_max_steps"": """", ""cfg_eval_csv"": """", ""cfg_eval_cfg"": """"}",,,,,,,,,,,20260815-131017-DiT-3Cond-S-2,exp_s_5script,,all_experiments_20260903,,,,,,
,,,,"{""cfg_model"": ""DiT-3Cond-S/2"", ""cfg_data_csv"": ""5script/train.csv"", ""cfg_diffusion_type"": """", ""cfg_main_ckpt"": """", ""cfg_skel_latent_shards_dir"": """", ""cfg_global_batch_size"": ""64"", ""cfg_batch_size"": """", ""cfg_lr"": ""0.0001"", ""cfg_max_steps"": ""5"", ""cfg_eval_csv"": ""test.csv"", ""cfg_eval_cfg"": ""4.0""}",5script/train.csv,,,,DiT-3Cond-S/2,,,,,,20260815-153545-probe-s2-factorized-ema-canny-skel-b64,probes,,all_experiments_20260903,,,,,,
,,,,"{""cfg_model"": ""DiT-3Cond-S/2"", ""cfg_data_csv"": ""5script/train.csv"", ""cfg_diffusion_type"": """", ""cfg_main_ckpt"": """", ""cfg_skel_latent_shards_dir"": """", ""cfg_global_batch_size"": ""64"", ""cfg_batch_size"": """", ""cfg_lr"": ""0.0001"", ""cfg_max_steps"": ""5"", ""cfg_eval_csv"": ""test.csv"", ""cfg_eval_cfg"": ""4.0""}",5script/train.csv,,,,DiT-3Cond-S/2,,,,,,20260815-153803-probe-s2-factorized-ema-canny-skel-b64,probes,,all_experiments_20260903,,,,,,
,,,,"{""cfg_model"": ""DiT-3Cond-S/2"", ""cfg_data_csv"": ""5script/train.csv"", ""cfg_diffusion_type"": """", ""cfg_main_ckpt"": """", ""cfg_skel_latent_shards_dir"": """", ""cfg_global_batch_size"": ""32"", ""cfg_batch_size"": """", ""cfg_lr"": ""0.0001"", ""cfg_max_steps"": ""5"", ""cfg_eval_csv"": ""test.csv"", ""cfg_eval_cfg"": ""4.0""}",5script/train.csv,,,,DiT-3Cond-S/2,,,,,,20260815-153912-probe-s2-factorized-ema-canny-skel-b32,probes,,all_experiments_20260903,,,,,,
,,,,"{""cfg_model"": ""DiT-3Cond-S/2"", ""cfg_data_csv"": ""5script/train.csv"", ""cfg_diffusion_type"": """", ""cfg_main_ckpt"": """", ""cfg_skel_latent_shards_dir"": """", ""cfg_global_batch_size"": ""224"", ""cfg_batch_size"": """", ""cfg_lr"": ""0.0001"", ""cfg_max_steps"": ""20020"", ""cfg_eval_csv"": ""test.csv"", ""cfg_eval_cfg"": ""4.0""}",5script/train.csv,,,,DiT-3Cond-S/2,,,,,,20260815-174444-s2-factorized-latent-struct-b224-probe-from20k,probes,,all_experiments_20260903,,,,,,
,,,,"{""cfg_model"": ""DiT-2Cond-S/2"", ""cfg_data_csv"": ""5script/train.csv"", ""cfg_diffusion_type"": """", ""cfg_main_ckpt"": """", ""cfg_skel_latent_shards_dir"": """", ""cfg_global_batch_size"": ""128"", ""cfg_batch_size"": """", ""cfg_lr"": ""0.0001"", ""cfg_max_steps"": ""5"", ""cfg_eval_csv"": ""test.csv"", ""cfg_eval_cfg"": ""4.0""}",5script/train.csv,,,,DiT-2Cond-S/2,,,,,,20260815-195112-probe-v3a-glyph-canny-skel-b128-ss16,probes,,all_experiments_20260903,,,,,,
,,,,"{""cfg_model"": ""DiT-2Cond-S/2"", ""cfg_data_csv"": ""5script/train.csv"", ""cfg_diffusion_type"": """", ""cfg_main_ckpt"": """", ""cfg_skel_latent_shards_dir"": """", ""cfg_global_batch_size"": ""8"", ""cfg_batch_size"": """", ""cfg_lr"": ""0.0001"", ""cfg_max_steps"": ""5"", ""cfg_eval_csv"": ""test.csv"", ""cfg_eval_cfg"": ""4.0""}",5script/train.csv,,,,DiT-2Cond-S/2,,,,,,20260815-195423-probe-v3a-glyph-canny-skel-b8-full,probes,,all_experiments_20260903,,,,,,
,,,,"{""cfg_model"": ""DiT-2Cond-S/2"", ""cfg_data_csv"": ""5script/train.csv"", ""cfg_diffusion_type"": """", ""cfg_main_ckpt"": """", ""cfg_skel_latent_shards_dir"": """", ""cfg_global_batch_size"": ""16"", ""cfg_batch_size"": """", ""cfg_lr"": ""0.0001"", ""cfg_max_steps"": ""8"", ""cfg_eval_csv"": ""test.csv"", ""cfg_eval_cfg"": ""4.0""}",5script/train.csv,,,,DiT-2Cond-S/2,,,,,,20260815-213015-probe-v3a-batch-scale,probes,,all_experiments_20260903,,,,,,
1.8818,0.0023,5000,,"{""cfg_model"": """", ""cfg_data_csv"": """", ""cfg_diffusion_type"": """", ""cfg_main_ckpt"": """", ""cfg_skel_latent_shards_dir"": """", ""cfg_global_batch_size"": """", ""cfg_batch_size"": """", ""cfg_lr"": """", ""cfg_max_steps"": """", ""cfg_eval_csv"": """", ""cfg_eval_cfg"": """"}",,,,,,,,,,,20260822-115020-px-s-scratch-diff,px_s_scratch,,all_experiments_20260903,,,,,,
1.344,0.3035,4000,,"{""cfg_model"": ""DiT-2Cond-B/4"", ""cfg_data_csv"": ""5script/train_top30_clean.csv"", ""cfg_diffusion_type"": """", ""cfg_main_ckpt"": """", ""cfg_skel_latent_shards_dir"": """", ""cfg_global_batch_size"": ""96"", ""cfg_batch_size"": """", ""cfg_lr"": ""0.0002"", ""cfg_max_steps"": ""600000"", ""cfg_eval_csv"": ""5script/eval500_clean.csv"", ""cfg_eval_cfg"": ""4.0""}",5script/train_top30_clean.csv,,,,DiT-2Cond-B/4,,,,,,20260824-151758-s10-b4-grey-clear,s10_b4_grey_clear,,all_experiments_20260903,,,,,,
1.071,0.4668,65000,,"{""cfg_model"": ""DiT-2Cond-B/4"", ""cfg_data_csv"": ""5script/train_top30_clean.csv"", ""cfg_diffusion_type"": """", ""cfg_main_ckpt"": """", ""cfg_skel_latent_shards_dir"": """", ""cfg_global_batch_size"": ""96"", ""cfg_batch_size"": """", ""cfg_lr"": ""0.0002"", ""cfg_max_steps"": ""600000"", ""cfg_eval_csv"": ""5script/eval500_clean.csv"", ""cfg_eval_cfg"": ""4.0""}",5script/train_top30_clean.csv,,,,DiT-2Cond-B/4,,,,,,20260824-164822-s10-b4-grey-clear,s10_b4_grey_clear,,all_experiments_20260903,,,,,,
,,,,"{""cfg_model"": ""DiT-2Cond-S/4"", ""cfg_data_csv"": ""5script/train_top6.csv"", ""cfg_diffusion_type"": """", ""cfg_main_ckpt"": """", ""cfg_skel_latent_shards_dir"": """", ""cfg_global_batch_size"": ""224"", ""cfg_batch_size"": """", ""cfg_lr"": ""0.0002"", ""cfg_max_steps"": ""600000"", ""cfg_eval_csv"": ""5script/eval100_top6.csv"", ""cfg_eval_cfg"": ""4.0""}",5script/train_top6.csv,,,,DiT-2Cond-S/4,,,,,,20260824-224524-s11-top6-p4,s11_top6_p4,,all_experiments_20260903,,,,,,
1.1715,0.337,5000,,"{""cfg_model"": ""DiT-2Cond-S/4"", ""cfg_data_csv"": ""5script/train_top6.csv"", ""cfg_diffusion_type"": """", ""cfg_main_ckpt"": """", ""cfg_skel_latent_shards_dir"": """", ""cfg_global_batch_size"": ""224"", ""cfg_batch_size"": """", ""cfg_lr"": ""0.0002"", ""cfg_max_steps"": ""600000"", ""cfg_eval_csv"": ""5script/eval100_top6.csv"", ""cfg_eval_cfg"": ""4.0""}",5script/train_top6.csv,,,,DiT-2Cond-S/4,,,,,,20260824-224716-s11-top6-p4,s11_top6_p4,,all_experiments_20260903,,,,,,
0.582,0.619,125000,,"{""cfg_model"": ""DiT-2Cond-S/4"", ""cfg_data_csv"": ""5script/train_top6.csv"", ""cfg_diffusion_type"": """", ""cfg_main_ckpt"": """", ""cfg_skel_latent_shards_dir"": """", ""cfg_global_batch_size"": ""224"", ""cfg_batch_size"": """", ""cfg_lr"": ""0.0002"", ""cfg_max_steps"": ""600000"", ""cfg_eval_csv"": ""5script/eval100_top6.csv"", ""cfg_eval_cfg"": ""4.0""}",5script/train_top6.csv,,,,DiT-2Cond-S/4,,,,,,20260824-231810-s11-top6-p4,s11_top6_p4,,all_experiments_20260903,,,,,,
0.5476,0.6455,145000,,"{""cfg_model"": ""DiT-2Cond-S/4"", ""cfg_data_csv"": ""5script/train_top6.csv"", ""cfg_diffusion_type"": """", ""cfg_main_ckpt"": """", ""cfg_skel_latent_shards_dir"": """", ""cfg_global_batch_size"": ""224"", ""cfg_batch_size"": """", ""cfg_lr"": ""0.0002"", ""cfg_max_steps"": ""600000"", ""cfg_eval_csv"": ""5script/eval100_top6.csv"", ""cfg_eval_cfg"": ""4.0""}",5script/train_top6.csv,,,,DiT-2Cond-S/4,,,,,,20260825-093159-s11-top6-p4,s11_top6_p4,,all_experiments_20260903,,,,,,
1.6321,0.0453,1000,,"{""cfg_model"": ""DiT-2Cond-S/2"", ""cfg_data_csv"": ""5script/train_3top30_nobeike.csv"", ""cfg_diffusion_type"": """", ""cfg_main_ckpt"": """", ""cfg_skel_latent_shards_dir"": """", ""cfg_global_batch_size"": ""176"", ""cfg_batch_size"": """", ""cfg_lr"": ""0.0002"", ""cfg_max_steps"": ""600000"", ""cfg_eval_csv"": ""5script/eval100_3top30.csv"", ""cfg_eval_cfg"": ""4.0""}",5script/train_3top30_nobeike.csv,,,,DiT-2Cond-S/2,,,,,,20260825-174750-s12-3top30-dino,s12_3top30_dino,,all_experiments_20260903,,,,,,
,,,,"{""cfg_model"": ""DiT-2Cond-S/2"", ""cfg_data_csv"": ""5script/train_3top30_nobeike.csv"", ""cfg_diffusion_type"": """", ""cfg_main_ckpt"": """", ""cfg_skel_latent_shards_dir"": """", ""cfg_global_batch_size"": ""224"", ""cfg_batch_size"": """", ""cfg_lr"": ""0.0002"", ""cfg_max_steps"": ""600000"", ""cfg_eval_csv"": ""5script/eval100_3top30.csv"", ""cfg_eval_cfg"": ""4.0""}",5script/train_3top30_nobeike.csv,,,,DiT-2Cond-S/2,,,,,,20260825-175939-s12-3top30-dino,s12_3top30_dino,,all_experiments_20260903,,,,,,
0.9226,0.4888,80000,,"{""cfg_model"": ""DiT-2Cond-S/2"", ""cfg_data_csv"": ""5script/train_3top30_nobeike.csv"", ""cfg_diffusion_type"": """", ""cfg_main_ckpt"": """", ""cfg_skel_latent_shards_dir"": """", ""cfg_global_batch_size"": ""224"", ""cfg_batch_size"": """", ""cfg_lr"": ""0.0002"", ""cfg_max_steps"": ""600000"", ""cfg_eval_csv"": ""5script/eval100_3top30.csv"", ""cfg_eval_cfg"": ""4.0""}",5script/train_3top30_nobeike.csv,,,,DiT-2Cond-S/2,,,,,,20260825-180335-s12-3top30-dino,s12_3top30_dino,,all_experiments_20260903,,,,,,
,,,,"{""cfg_model"": ""DiT-2Cond-XS/2"", ""cfg_data_csv"": ""5script/train_3top30_nobeike.csv"", ""cfg_diffusion_type"": ""ddpm"", ""cfg_main_ckpt"": """", ""cfg_skel_latent_shards_dir"": """", ""cfg_global_batch_size"": ""224"", ""cfg_batch_size"": """", ""cfg_lr"": ""0.0002"", ""cfg_max_steps"": ""200000"", ""cfg_eval_csv"": ""5script/eval500_3top30.csv"", ""cfg_eval_cfg"": ""4.0""}",5script/train_3top30_nobeike.csv,ddpm,,,DiT-2Cond-XS/2,,,,,,20260826-095711-s13-3top30-dino-xs,s13_3top30_dino_xs,,all_experiments_20260903,,,,,,
,,,,"{""cfg_model"": ""DiT-2Cond-XS/2"", ""cfg_data_csv"": ""5script/train_3top30_nobeike.csv"", ""cfg_diffusion_type"": ""ddpm"", ""cfg_main_ckpt"": """", ""cfg_skel_latent_shards_dir"": """", ""cfg_global_batch_size"": ""224"", ""cfg_batch_size"": """", ""cfg_lr"": ""0.0002"", ""cfg_max_steps"": ""200000"", ""cfg_eval_csv"": ""5script/eval500_3top30.csv"", ""cfg_eval_cfg"": ""4.0""}",5script/train_3top30_nobeike.csv,ddpm,,,DiT-2Cond-XS/2,,,,,,20260826-101935-s13-3top30-dino-xs,s13_3top30_dino_xs,,all_experiments_20260903,,,,,,
,,,,"{""cfg_model"": ""DiT-2Cond-XS/2"", ""cfg_data_csv"": ""5script/train_3top30_nobeike.csv"", ""cfg_diffusion_type"": ""ddpm"", ""cfg_main_ckpt"": """", ""cfg_skel_latent_shards_dir"": """", ""cfg_global_batch_size"": ""320"", ""cfg_batch_size"": """", ""cfg_lr"": ""0.0002"", ""cfg_max_steps"": ""200000"", ""cfg_eval_csv"": ""5script/eval500_3top30.csv"", ""cfg_eval_cfg"": ""4.0""}",5script/train_3top30_nobeike.csv,ddpm,,,DiT-2Cond-XS/2,,,,,,20260826-102132-s13-3top30-dino-xs,s13_3top30_dino_xs,,all_experiments_20260903,,,,,,
1.0947,0.3355,2000,,"{""cfg_model"": ""DiT-2Cond-XS/2"", ""cfg_data_csv"": ""5script/train_3top30_nobeike.csv"", ""cfg_diffusion_type"": ""ddpm"", ""cfg_main_ckpt"": """", ""cfg_skel_latent_shards_dir"": """", ""cfg_global_batch_size"": ""320"", ""cfg_batch_size"": """", ""cfg_lr"": ""0.0002"", ""cfg_max_steps"": ""200000"", ""cfg_eval_csv"": ""5script/eval500_3top30.csv"", ""cfg_eval_cfg"": ""4.0""}",5script/train_3top30_nobeike.csv,ddpm,,,DiT-2Cond-XS/2,,,,,,20260826-103832-s13-3top30-dino-xs,s13_3top30_dino_xs,,all_experiments_20260903,,,,,,
1.2264,0.2414,1000,,"{""cfg_model"": ""DiT-2Cond-XS/2"", ""cfg_data_csv"": ""5script/train_3top30_nobeike.csv"", ""cfg_diffusion_type"": ""ddpm"", ""cfg_main_ckpt"": """", ""cfg_skel_latent_shards_dir"": """", ""cfg_global_batch_size"": ""320"", ""cfg_batch_size"": """", ""cfg_lr"": ""0.0002"", ""cfg_max_steps"": ""1000"", ""cfg_eval_csv"": ""5script/eval500_3top30.csv"", ""cfg_eval_cfg"": ""4.0""}",5script/train_3top30_nobeike.csv,ddpm,,,DiT-2Cond-XS/2,,,,,,20260826-115802-s14-xs-ddpm-aug-test,s14_xs_ddpm_orig,,all_experiments_20260903,,,,,,
0.7479,0.5409,160000,,"{""cfg_model"": ""DiT-2Cond-WS/2"", ""cfg_data_csv"": ""5script/train_3top30_nobeike.csv"", ""cfg_diffusion_type"": ""flow"", ""cfg_main_ckpt"": """", ""cfg_skel_latent_shards_dir"": """", ""cfg_global_batch_size"": ""160"", ""cfg_batch_size"": """", ""cfg_lr"": ""0.0002"", ""cfg_max_steps"": ""200000"", ""cfg_eval_csv"": ""5script/eval500_3top30.csv"", ""cfg_eval_cfg"": ""4.0""}",5script/train_3top30_nobeike.csv,flow,,,DiT-2Cond-WS/2,,,,,,20260826-133102-s15-ws-flow,s15_ws_flow,,all_experiments_20260903,,,,,,
0.7762,0.5344,100000,,"{""cfg_model"": ""DiT-2Cond-S/2"", ""cfg_data_csv"": ""5script/train_3top30_nobeike.csv"", ""cfg_diffusion_type"": ""flow"", ""cfg_main_ckpt"": """", ""cfg_skel_latent_shards_dir"": """", ""cfg_global_batch_size"": ""240"", ""cfg_batch_size"": """", ""cfg_lr"": ""0.0002"", ""cfg_max_steps"": ""200000"", ""cfg_eval_csv"": ""5script/eval500_3top30.csv"", ""cfg_eval_cfg"": ""4.0""}",5script/train_3top30_nobeike.csv,flow,,,DiT-2Cond-S/2,,,,,,20260827-070924-s17-s-flow,s17_s_flow,,all_experiments_20260903,,,,,,
0.727,0.5455,35000,,"{""cfg_model"": ""DiT-2Cond-S/2"", ""cfg_data_csv"": ""5script/train_top6.csv"", ""cfg_diffusion_type"": ""flow"", ""cfg_main_ckpt"": """", ""cfg_skel_latent_shards_dir"": """", ""cfg_global_batch_size"": ""240"", ""cfg_batch_size"": """", ""cfg_lr"": ""0.0002"", ""cfg_max_steps"": ""200000"", ""cfg_eval_csv"": ""5script/eval_strict_top6.csv"", ""cfg_eval_cfg"": ""4.0""}",5script/train_top6.csv,flow,,,DiT-2Cond-S/2,,,,,,20260827-232003-s18-s-flow-small,s18_s_flow_small,,all_experiments_20260903,,,,,,
0.7949,0.5222,50000,,"{""cfg_model"": ""DiT-2Cond-S/2"", ""cfg_data_csv"": ""5script/train_mid_clean.csv"", ""cfg_diffusion_type"": ""flow"", ""cfg_main_ckpt"": """", ""cfg_skel_latent_shards_dir"": """", ""cfg_global_batch_size"": ""240"", ""cfg_batch_size"": """", ""cfg_lr"": ""0.0002"", ""cfg_max_steps"": ""300000"", ""cfg_eval_csv"": ""5script/eval_strict_top6.csv"", ""cfg_eval_cfg"": ""1.7""}",5script/train_mid_clean.csv,flow,,,DiT-2Cond-S/2,,,,,,20260828-143711-s19-midclean-s-flow,s19_midclean_s_flow,,all_experiments_20260903,,,,,,
,,,,"{""cfg_model"": ""DiT-2Cond-S/2"", ""cfg_data_csv"": ""5script/train_mid_common.csv"", ""cfg_diffusion_type"": ""flow"", ""cfg_main_ckpt"": """", ""cfg_skel_latent_shards_dir"": """", ""cfg_global_batch_size"": ""240"", ""cfg_batch_size"": """", ""cfg_lr"": ""0.0002"", ""cfg_max_steps"": ""120000"", ""cfg_eval_csv"": ""5script/eval_strict_midclean.csv"", ""cfg_eval_cfg"": ""1.7""}",5script/train_mid_common.csv,flow,,,DiT-2Cond-S/2,,,,,,20260829-021733-s20-midcommon-s-flow-v2,s20_midcommon_s_flow_v2,,all_experiments_20260903,,,,,,
0.8155,0.5294,102500,,"{""cfg_model"": ""DiT-2Cond-S/2"", ""cfg_data_csv"": ""5script/train_mid_common.csv"", ""cfg_diffusion_type"": ""flow"", ""cfg_main_ckpt"": """", ""cfg_skel_latent_shards_dir"": """", ""cfg_global_batch_size"": ""128"", ""cfg_batch_size"": """", ""cfg_lr"": ""0.00015"", ""cfg_max_steps"": ""150000"", ""cfg_eval_csv"": ""5script/eval_strict_midclean.csv"", ""cfg_eval_cfg"": ""1.7""}",5script/train_mid_common.csv,flow,,,DiT-2Cond-S/2,,,,,,20260829-023132-s20-midcommon-s-flow-v2,s20_midcommon_s_flow_v2,,all_experiments_20260903,,,,,,
,,,,"{""cfg_model"": ""DiT-2Cond-S/2"", ""cfg_data_csv"": ""5script/train_fame.csv"", ""cfg_diffusion_type"": ""flow"", ""cfg_main_ckpt"": """", ""cfg_skel_latent_shards_dir"": """", ""cfg_global_batch_size"": ""128"", ""cfg_batch_size"": """", ""cfg_lr"": ""0.00015"", ""cfg_max_steps"": ""150000"", ""cfg_eval_csv"": ""5script/eval_fame_strict.csv"", ""cfg_eval_cfg"": ""0.7""}",5script/train_fame.csv,flow,,,DiT-2Cond-S/2,,,,,,20260829-231425-s21-fame-flow-v2,s21_fame_flow_v2,,all_experiments_20260903,,,,,,
,,,,"{""cfg_model"": ""DiT-2Cond-S/2"", ""cfg_data_csv"": ""5script/train_fame.csv"", ""cfg_diffusion_type"": ""flow"", ""cfg_main_ckpt"": """", ""cfg_skel_latent_shards_dir"": """", ""cfg_global_batch_size"": ""128"", ""cfg_batch_size"": """", ""cfg_lr"": ""0.00015"", ""cfg_max_steps"": ""150000"", ""cfg_eval_csv"": ""5script/eval_fame_strict.csv"", ""cfg_eval_cfg"": ""0.7""}",5script/train_fame.csv,flow,,,DiT-2Cond-S/2,,,,,,20260829-231728-s21-fame-flow-v2,s21_fame_flow_v2,,all_experiments_20260903,,,,,,
1.0338,0.467,30000,,"{""cfg_model"": ""DiT-2Cond-S/2"", ""cfg_data_csv"": ""5script/train_fame.csv"", ""cfg_diffusion_type"": ""flow"", ""cfg_main_ckpt"": """", ""cfg_skel_latent_shards_dir"": """", ""cfg_global_batch_size"": ""192"", ""cfg_batch_size"": """", ""cfg_lr"": ""0.00015"", ""cfg_max_steps"": ""150000"", ""cfg_eval_csv"": ""5script/eval_fame_strict.csv"", ""cfg_eval_cfg"": ""0.7""}",5script/train_fame.csv,flow,,,DiT-2Cond-S/2,,,,,,20260829-232329-s21-fame-flow-v2,s21_fame_flow_v2,,all_experiments_20260903,,,,,,
1.0389,0.4622,30000,,"{""cfg_model"": ""DiT-2Cond-S/2"", ""cfg_data_csv"": ""5script/train_fame.csv"", ""cfg_diffusion_type"": ""flow"", ""cfg_main_ckpt"": """", ""cfg_skel_latent_shards_dir"": """", ""cfg_global_batch_size"": ""192"", ""cfg_batch_size"": """", ""cfg_lr"": ""0.0005"", ""cfg_max_steps"": ""47500"", ""cfg_eval_csv"": ""5script/eval_fame_strict.csv"", ""cfg_eval_cfg"": ""0.7""}",5script/train_fame.csv,flow,,,DiT-2Cond-S/2,,,,,,20260830-181142-s22-char-embed-only,s22_char_embed_only,,all_experiments_20260903,,,,,,
,,,,"{""cfg_model"": ""DiT-2Cond-S/2"", ""cfg_data_csv"": ""5script/train_fame.csv"", ""cfg_diffusion_type"": ""flow"", ""cfg_main_ckpt"": """", ""cfg_skel_latent_shards_dir"": """", ""cfg_global_batch_size"": ""192"", ""cfg_batch_size"": """", ""cfg_lr"": ""0.00015"", ""cfg_max_steps"": ""150000"", ""cfg_eval_csv"": ""5script/eval_fame_strict.csv"", ""cfg_eval_cfg"": ""0.7""}",5script/train_fame.csv,flow,,,DiT-2Cond-S/2,,,,,,20260830-225724-s23-glyph-cond,s23_glyph_cond,,all_experiments_20260903,,,,,,
,,,,"{""cfg_model"": ""DiT-2Cond-S/2"", ""cfg_data_csv"": ""5script/train_fame.csv"", ""cfg_diffusion_type"": ""flow"", ""cfg_main_ckpt"": """", ""cfg_skel_latent_shards_dir"": """", ""cfg_global_batch_size"": ""192"", ""cfg_batch_size"": """", ""cfg_lr"": ""0.00015"", ""cfg_max_steps"": ""150000"", ""cfg_eval_csv"": ""5script/eval_fame_strict.csv"", ""cfg_eval_cfg"": ""0.7""}",5script/train_fame.csv,flow,,,DiT-2Cond-S/2,,,,,,20260831-005426-s23-glyph-cond,s23_glyph_cond,,all_experiments_20260903,,,,,,
1.0452,0.4618,45000,,"{""cfg_model"": ""DiT-2Cond-S/2"", ""cfg_data_csv"": ""5script/train_fame.csv"", ""cfg_diffusion_type"": ""flow"", ""cfg_main_ckpt"": """", ""cfg_skel_latent_shards_dir"": """", ""cfg_global_batch_size"": ""192"", ""cfg_batch_size"": """", ""cfg_lr"": ""0.00015"", ""cfg_max_steps"": ""150000"", ""cfg_eval_csv"": ""5script/eval_fame_strict.csv"", ""cfg_eval_cfg"": ""0.7""}",5script/train_fame.csv,flow,,,DiT-2Cond-S/2,,,,,,20260831-033258-s25-ids-pretrain,s25_ids_pretrain,,all_experiments_20260903,,,,,,
,,,,"{""cfg_model"": ""DiT-2Cond-S/2"", ""cfg_data_csv"": ""train.csv"", ""cfg_diffusion_type"": ""flow"", ""cfg_main_ckpt"": """", ""cfg_skel_latent_shards_dir"": """", ""cfg_global_batch_size"": ""16"", ""cfg_batch_size"": """", ""cfg_lr"": ""0.0003"", ""cfg_max_steps"": ""100000"", ""cfg_eval_csv"": ""test.csv"", ""cfg_eval_cfg"": ""1.7""}",train.csv,flow,,,DiT-2Cond-S/2,,,,,,20260831-121321-s26-ctrl-gt-skel,s26_ctrl_gt_skel,,all_experiments_20260903,,,,,,
1.1683,0.4229,3000,,"{""cfg_model"": ""DiT-2Cond-S/2"", ""cfg_data_csv"": ""5script/train_fame.csv"", ""cfg_diffusion_type"": ""flow"", ""cfg_main_ckpt"": """", ""cfg_skel_latent_shards_dir"": """", ""cfg_global_batch_size"": ""192"", ""cfg_batch_size"": """", ""cfg_lr"": ""0.00015"", ""cfg_max_steps"": ""150000"", ""cfg_eval_csv"": ""5script/eval_fame_strict.csv"", ""cfg_eval_cfg"": ""0.7""}",5script/train_fame.csv,flow,,,DiT-2Cond-S/2,,,,,,20260831-192249-s28-std-dino-pretrain,s28_std_dino_pretrain,,all_experiments_20260903,,,,,,
,,,,"{""cfg_model"": ""DiT-2Cond-S/2"", ""cfg_data_csv"": ""5script/train_fame.csv"", ""cfg_diffusion_type"": ""flow"", ""cfg_main_ckpt"": """", ""cfg_skel_latent_shards_dir"": """", ""cfg_global_batch_size"": ""192"", ""cfg_batch_size"": """", ""cfg_lr"": ""0.00015"", ""cfg_max_steps"": ""150000"", ""cfg_eval_csv"": ""5script/eval_fame_strict.csv"", ""cfg_eval_cfg"": ""0.7""}",5script/train_fame.csv,flow,,,DiT-2Cond-S/2,,,,,,20260831-201139-s28-std-dino-pretrain,s28_std_dino_pretrain,,all_experiments_20260903,,,,,,
1.0999,0.44,2000,,"{""cfg_model"": ""DiT-2Cond-S/2"", ""cfg_data_csv"": ""5script/train_fame.csv"", ""cfg_diffusion_type"": ""flow"", ""cfg_main_ckpt"": """", ""cfg_skel_latent_shards_dir"": """", ""cfg_global_batch_size"": ""192"", ""cfg_batch_size"": """", ""cfg_lr"": ""0.00015"", ""cfg_max_steps"": ""150000"", ""cfg_eval_csv"": ""5script/eval_fame_strict.csv"", ""cfg_eval_cfg"": ""0.7""}",5script/train_fame.csv,flow,,,DiT-2Cond-S/2,,,,,,20260831-201158-s28-std-dino-pretrain,s28_std_dino_pretrain,,all_experiments_20260903,,,,,,
1.0861,0.4469,3000,,"{""cfg_model"": ""DiT-2Cond-S/2"", ""cfg_data_csv"": ""5script/train_fame_clean.csv"", ""cfg_diffusion_type"": ""flow"", ""cfg_main_ckpt"": """", ""cfg_skel_latent_shards_dir"": """", ""cfg_global_batch_size"": ""192"", ""cfg_batch_size"": """", ""cfg_lr"": ""0.00015"", ""cfg_max_steps"": ""150000"", ""cfg_eval_csv"": ""5script/eval_fame_strict_clean.csv"", ""cfg_eval_cfg"": ""0.7""}",5script/train_fame_clean.csv,flow,,,DiT-2Cond-S/2,,,,,,20260831-204702-s28-std-dino-pretrain,s28_std_dino_pretrain,,all_experiments_20260903,,,,,,
,,,,"{""cfg_model"": ""DiT-2Cond-S/2"", ""cfg_data_csv"": ""5script/train_fame_clean.csv"", ""cfg_diffusion_type"": ""flow"", ""cfg_main_ckpt"": """", ""cfg_skel_latent_shards_dir"": """", ""cfg_global_batch_size"": ""192"", ""cfg_batch_size"": """", ""cfg_lr"": ""0.00015"", ""cfg_max_steps"": ""400"", ""cfg_eval_csv"": """", ""cfg_eval_cfg"": ""0.7""}",5script/train_fame_clean.csv,flow,,,DiT-2Cond-S/2,,,,,,20260831-224438-s28-bench-cu121_base,s28_std_dino_pretrain,,all_experiments_20260903,,,,,,
,,,,"{""cfg_model"": ""DiT-2Cond-S/2"", ""cfg_data_csv"": ""5script/train_fame_clean.csv"", ""cfg_diffusion_type"": ""flow"", ""cfg_main_ckpt"": """", ""cfg_skel_latent_shards_dir"": """", ""cfg_global_batch_size"": ""192"", ""cfg_batch_size"": """", ""cfg_lr"": ""0.00015"", ""cfg_max_steps"": ""400"", ""cfg_eval_csv"": """", ""cfg_eval_cfg"": ""0.7""}",5script/train_fame_clean.csv,flow,,,DiT-2Cond-S/2,,,,,,20260831-224808-s28-bench-cu121_compile,s28_std_dino_pretrain,,all_experiments_20260903,,,,,,
,,,,"{""cfg_model"": ""DiT-2Cond-S/2"", ""cfg_data_csv"": ""5script/train_fame_clean.csv"", ""cfg_diffusion_type"": ""flow"", ""cfg_main_ckpt"": """", ""cfg_skel_latent_shards_dir"": """", ""cfg_global_batch_size"": ""384"", ""cfg_batch_size"": """", ""cfg_lr"": ""0.00015"", ""cfg_max_steps"": ""120"", ""cfg_eval_csv"": """", ""cfg_eval_cfg"": ""0.7""}",5script/train_fame_clean.csv,flow,,,DiT-2Cond-S/2,,,,,,20260831-225554-s28-bench-b384,s28_std_dino_pretrain,,all_experiments_20260903,,,,,,
,,,,"{""cfg_model"": ""DiT-2Cond-S/2"", ""cfg_data_csv"": ""5script/train_fame_clean.csv"", ""cfg_diffusion_type"": ""flow"", ""cfg_main_ckpt"": """", ""cfg_skel_latent_shards_dir"": """", ""cfg_global_batch_size"": ""448"", ""cfg_batch_size"": """", ""cfg_lr"": ""0.00015"", ""cfg_max_steps"": ""100"", ""cfg_eval_csv"": """", ""cfg_eval_cfg"": ""0.7""}",5script/train_fame_clean.csv,flow,,,DiT-2Cond-S/2,,,,,,20260831-225825-s28-bench-b448,s28_std_dino_pretrain,,all_experiments_20260903,,,,,,
,,,,"{""cfg_model"": ""DiT-2Cond-S/2"", ""cfg_data_csv"": ""5script/train_fame_clean.csv"", ""cfg_diffusion_type"": ""flow"", ""cfg_main_ckpt"": """", ""cfg_skel_latent_shards_dir"": """", ""cfg_global_batch_size"": ""416"", ""cfg_batch_size"": """", ""cfg_lr"": ""0.00015"", ""cfg_max_steps"": ""100"", ""cfg_eval_csv"": """", ""cfg_eval_cfg"": ""0.7""}",5script/train_fame_clean.csv,flow,,,DiT-2Cond-S/2,,,,,,20260831-225949-s28-bench-b416,s28_std_dino_pretrain,,all_experiments_20260903,,,,,,
1.0788,0.4476,3000,,"{""cfg_model"": ""DiT-2Cond-S/2"", ""cfg_data_csv"": ""5script/train_fame_clean.csv"", ""cfg_diffusion_type"": ""flow"", ""cfg_main_ckpt"": """", ""cfg_skel_latent_shards_dir"": """", ""cfg_global_batch_size"": ""384"", ""cfg_batch_size"": """", ""cfg_lr"": ""0.00015"", ""cfg_max_steps"": ""150000"", ""cfg_eval_csv"": ""5script/eval_fame_strict_clean.csv"", ""cfg_eval_cfg"": ""0.7""}",5script/train_fame_clean.csv,flow,,,DiT-2Cond-S/2,,,,,,20260831-231516-s28-std-dino-pretrain,s28_std_dino_pretrain,,all_experiments_20260903,,,,,,
0.7015,0.5773,50000,,"{""cfg_model"": ""DiT-2Cond-S/2"", ""cfg_data_csv"": ""kailishu_train.csv"", ""cfg_diffusion_type"": """", ""cfg_main_ckpt"": """", ""cfg_skel_latent_shards_dir"": """", ""cfg_global_batch_size"": ""128"", ""cfg_batch_size"": """", ""cfg_lr"": ""0.0002"", ""cfg_max_steps"": ""50000"", ""cfg_eval_csv"": ""kailishu_eval.csv"", ""cfg_eval_cfg"": ""4.0""}",kailishu_train.csv,,,,DiT-2Cond-S/2,,,,,,20260816-200759-s-fromscratch-2factor-kailishu,s2_fromscratch_2factor,,all_experiments_20260903,,,,,,
1.2845,0.453,10000,,"{""cfg_model"": ""DiT-2Cond-S/2"", ""cfg_data_csv"": ""kailishu_train.csv"", ""cfg_diffusion_type"": """", ""cfg_main_ckpt"": """", ""cfg_skel_latent_shards_dir"": """", ""cfg_global_batch_size"": ""128"", ""cfg_batch_size"": """", ""cfg_lr"": ""0.0002"", ""cfg_max_steps"": ""50000"", ""cfg_eval_csv"": ""kailishu_eval.csv"", ""cfg_eval_cfg"": ""4.0""}",kailishu_train.csv,,,,DiT-2Cond-S/2,,,,,,20260816-192801-s-fromscratch-2cond-glyph-midstep-kailishu,s2_fromscratch_glyphmid,,all_experiments_20260903,,,,,,
1.0717,0.4503,3000,,"{""cfg_model"": ""DiT-2Cond-S/2"", ""cfg_data_csv"": ""5script/train_fame_clean.csv"", ""cfg_diffusion_type"": ""flow"", ""cfg_main_ckpt"": """", ""cfg_skel_latent_shards_dir"": """", ""cfg_global_batch_size"": ""384"", ""cfg_batch_size"": """", ""cfg_lr"": ""0.00015"", ""cfg_max_steps"": ""150000"", ""cfg_eval_csv"": ""5script/eval_fame_strict_clean.csv"", ""cfg_eval_cfg"": ""0.7""}",5script/train_fame_clean.csv,flow,,,DiT-2Cond-S/2,,,,,,20260901-035827-s30-dino-char-strong-pretrain,s30_dino_char_strong_pretrain,,all_experiments_20260903,,,,,,
0.9299,0.4841,130000,,"{""cfg_model"": ""DiT-2Cond-S/2"", ""cfg_data_csv"": ""5script/train_fame_clean.csv"", ""cfg_diffusion_type"": ""flow"", ""cfg_main_ckpt"": """", ""cfg_skel_latent_shards_dir"": """", ""cfg_global_batch_size"": ""384"", ""cfg_batch_size"": """", ""cfg_lr"": ""0.00015"", ""cfg_max_steps"": ""150000"", ""cfg_eval_csv"": ""5script/eval_fame_strict_clean.csv"", ""cfg_eval_cfg"": ""0.7""}",5script/train_fame_clean.csv,flow,,,DiT-2Cond-S/2,,,,,,20260901-052520-s30-dino-char-strong-pretrain,s30_dino_char_strong_pretrain,,all_experiments_20260903,,,,,,
0.7815,0.4822,325000,,"{""cfg_model"": ""DiT-2Cond-B/2"", ""cfg_data_csv"": ""5script/train_top30.csv"", ""cfg_diffusion_type"": """", ""cfg_main_ckpt"": """", ""cfg_skel_latent_shards_dir"": """", ""cfg_global_batch_size"": ""64"", ""cfg_batch_size"": """", ""cfg_lr"": ""0.0002"", ""cfg_max_steps"": ""400000"", ""cfg_eval_csv"": ""5script/eval100_top30.csv"", ""cfg_eval_cfg"": ""4.0""}",5script/train_top30.csv,,,,DiT-2Cond-B/2,,,,,,20260818-134212-s5-2factor-B-canny05-pixelsk,s5_2factor_B_canny05_pixelsk,,all_experiments_20260903,,,,,,
0.8828,0.5067,130000,,"{""cfg_model"": ""DiT-2Cond-B/2"", ""cfg_data_csv"": ""5script/train_top30.csv"", ""cfg_diffusion_type"": """", ""cfg_main_ckpt"": """", ""cfg_skel_latent_shards_dir"": """", ""cfg_global_batch_size"": ""64"", ""cfg_batch_size"": """", ""cfg_lr"": ""0.0002"", ""cfg_max_steps"": ""200000"", ""cfg_eval_csv"": ""5script/eval100_top30.csv"", ""cfg_eval_cfg"": ""4.0""}",5script/train_top30.csv,,,,DiT-2Cond-B/2,,,,,,20260817-162129-s5-2factor-B-latent-struct,s5_2factor_B_latentstruct,,all_experiments_20260903,,,,,,
1.7656,0.1164,5000,,"{""cfg_model"": ""DiT-2Cond-B/2"", ""cfg_data_csv"": ""5script/train_top30.csv"", ""cfg_diffusion_type"": """", ""cfg_main_ckpt"": """", ""cfg_skel_latent_shards_dir"": """", ""cfg_global_batch_size"": ""64"", ""cfg_batch_size"": """", ""cfg_lr"": ""0.0002"", ""cfg_max_steps"": ""400000"", ""cfg_eval_csv"": ""5script/eval100_top30.csv"", ""cfg_eval_cfg"": ""4.0""}",5script/train_top30.csv,,,,DiT-2Cond-B/2,,,,,,20260817-235725-s5-2factor-B-latentC-pixelsk-opt,s5_2factor_B_latentstruct_pixelsk_opt,,all_experiments_20260903,,,,,,
0.8715,0.3907,115000,,"{""cfg_model"": ""DiT-2Cond-B/2"", ""cfg_data_csv"": ""5script/train_top30.csv"", ""cfg_diffusion_type"": """", ""cfg_main_ckpt"": """", ""cfg_skel_latent_shards_dir"": """", ""cfg_global_batch_size"": ""64"", ""cfg_batch_size"": """", ""cfg_lr"": ""0.0002"", ""cfg_max_steps"": ""400000"", ""cfg_eval_csv"": ""5script/eval100_top30.csv"", ""cfg_eval_cfg"": ""4.0""}",5script/train_top30.csv,,,,DiT-2Cond-B/2,,,,,,20260818-004938-s5-2factor-B-latentC-pixelsk-opt,s5_2factor_B_latentstruct_pixelsk_opt,,all_experiments_20260903,,,,,,
,,,,"{""cfg_model"": ""DiT-2Cond-B/2"", ""cfg_data_csv"": ""5script/train_top30.csv"", ""cfg_diffusion_type"": """", ""cfg_main_ckpt"": """", ""cfg_skel_latent_shards_dir"": """", ""cfg_global_batch_size"": ""96"", ""cfg_batch_size"": """", ""cfg_lr"": ""0.0002"", ""cfg_max_steps"": ""300000"", ""cfg_eval_csv"": ""5script/eval100_top30.csv"", ""cfg_eval_cfg"": ""4.0""}",5script/train_top30.csv,,,,DiT-2Cond-B/2,,,,,,20260819-124351-s5-2factor-B-pixelfp32,s5_2factor_B_pixelfp32,,all_experiments_20260903,,,,,,
,,,,"{""cfg_model"": ""DiT-2Cond-B/2"", ""cfg_data_csv"": ""5script/train_top30.csv"", ""cfg_diffusion_type"": """", ""cfg_main_ckpt"": """", ""cfg_skel_latent_shards_dir"": """", ""cfg_global_batch_size"": ""128"", ""cfg_batch_size"": """", ""cfg_lr"": ""0.0002"", ""cfg_max_steps"": ""300000"", ""cfg_eval_csv"": ""5script/eval100_top30.csv"", ""cfg_eval_cfg"": ""4.0""}",5script/train_top30.csv,,,,DiT-2Cond-B/2,,,,,,20260819-124629-s5-2factor-B-pixelfp32,s5_2factor_B_pixelfp32,,all_experiments_20260903,,,,,,
,,,,"{""cfg_model"": ""DiT-2Cond-B/2"", ""cfg_data_csv"": ""5script/train_top30.csv"", ""cfg_diffusion_type"": """", ""cfg_main_ckpt"": """", ""cfg_skel_latent_shards_dir"": """", ""cfg_global_batch_size"": ""64"", ""cfg_batch_size"": """", ""cfg_lr"": ""0.0002"", ""cfg_max_steps"": ""300000"", ""cfg_eval_csv"": ""5script/eval100_top30.csv"", ""cfg_eval_cfg"": ""4.0""}",5script/train_top30.csv,,,,DiT-2Cond-B/2,,,,,,20260819-125137-s5-2factor-B-pixelfp32,s5_2factor_B_pixelfp32,,all_experiments_20260903,,,,,,
,,,,"{""cfg_model"": ""DiT-2Cond-B/2"", ""cfg_data_csv"": ""5script/train_top30.csv"", ""cfg_diffusion_type"": """", ""cfg_main_ckpt"": """", ""cfg_skel_latent_shards_dir"": """", ""cfg_global_batch_size"": ""64"", ""cfg_batch_size"": """", ""cfg_lr"": ""0.0002"", ""cfg_max_steps"": ""300000"", ""cfg_eval_csv"": ""5script/eval100_top30.csv"", ""cfg_eval_cfg"": ""4.0""}",5script/train_top30.csv,,,,DiT-2Cond-B/2,,,,,,20260819-125422-s5-2factor-B-pixelfp32,s5_2factor_B_pixelfp32,,all_experiments_20260903,,,,,,
1.142,0.2367,50000,,"{""cfg_model"": ""DiT-2Cond-B/2"", ""cfg_data_csv"": ""5script/train_top30.csv"", ""cfg_diffusion_type"": """", ""cfg_main_ckpt"": """", ""cfg_skel_latent_shards_dir"": """", ""cfg_global_batch_size"": ""32"", ""cfg_batch_size"": """", ""cfg_lr"": ""0.0002"", ""cfg_max_steps"": ""300000"", ""cfg_eval_csv"": ""5script/eval100_top30.csv"", ""cfg_eval_cfg"": ""4.0""}",5script/train_top30.csv,,,,DiT-2Cond-B/2,,,,,,20260819-125708-s5-2factor-B-pixelfp32,s5_2factor_B_pixelfp32,,all_experiments_20260903,,,,,,
0.9151,0.5319,55000,,"{""cfg_model"": ""DiT-2Cond-S/2"", ""cfg_data_csv"": ""5script/train_top30.csv"", ""cfg_diffusion_type"": """", ""cfg_main_ckpt"": """", ""cfg_skel_latent_shards_dir"": """", ""cfg_global_batch_size"": ""12"", ""cfg_batch_size"": """", ""cfg_lr"": ""0.0002"", ""cfg_max_steps"": ""200000"", ""cfg_eval_csv"": ""5script/eval100_top30.csv"", ""cfg_eval_cfg"": ""4.0""}",5script/train_top30.csv,,,,DiT-2Cond-S/2,,,,,,20260817-114502-struct-post50k,s5_2factor_struct_post50k,,all_experiments_20260903,,,,,,
2.4657,0.1198,1000,,"{""cfg_model"": ""DiT-2Cond-S/2"", ""cfg_data_csv"": ""5script/train_top30.csv"", ""cfg_diffusion_type"": """", ""cfg_main_ckpt"": """", ""cfg_skel_latent_shards_dir"": """", ""cfg_global_batch_size"": ""192"", ""cfg_batch_size"": """", ""cfg_lr"": ""0.0002"", ""cfg_max_steps"": ""50000"", ""cfg_eval_csv"": ""5script/eval100_top30.csv"", ""cfg_eval_cfg"": ""4.0""}",5script/train_top30.csv,,,,DiT-2Cond-S/2,,,,,,20260816-230931-s5-2factor-top30-bigbatch,s5_2factor_top30,,all_experiments_20260903,,,,,,
0.8543,0.512,50000,,"{""cfg_model"": ""DiT-2Cond-S/2"", ""cfg_data_csv"": ""5script/train_top30.csv"", ""cfg_diffusion_type"": """", ""cfg_main_ckpt"": """", ""cfg_skel_latent_shards_dir"": """", ""cfg_global_batch_size"": ""192"", ""cfg_batch_size"": """", ""cfg_lr"": ""0.0002"", ""cfg_max_steps"": ""50000"", ""cfg_eval_csv"": ""5script/eval100_top30.csv"", ""cfg_eval_cfg"": ""4.0""}",5script/train_top30.csv,,,,DiT-2Cond-S/2,,,,,,20260816-232040-s5-2factor-top30-bigbatch,s5_2factor_top30,,all_experiments_20260903,,,,,,
0.8412,0.5197,70000,,"{""cfg_model"": ""DiT-2Cond-S/2"", ""cfg_data_csv"": ""5script/train_top30.csv"", ""cfg_diffusion_type"": """", ""cfg_main_ckpt"": """", ""cfg_skel_latent_shards_dir"": """", ""cfg_global_batch_size"": ""192"", ""cfg_batch_size"": """", ""cfg_lr"": ""0.0002"", ""cfg_max_steps"": ""200000"", ""cfg_eval_csv"": ""5script/eval100_top30.csv"", ""cfg_eval_cfg"": ""4.0""}",5script/train_top30.csv,,,,DiT-2Cond-S/2,,,,,,20260817-100535-s5-2factor-top30-bigbatch,s5_2factor_top30,,all_experiments_20260903,,,,,,
,,,,"{""cfg_model"": ""DiT-2Cond-S/2"", ""cfg_data_csv"": ""5script/train_top30.csv"", ""cfg_diffusion_type"": """", ""cfg_main_ckpt"": """", ""cfg_skel_latent_shards_dir"": """", ""cfg_global_batch_size"": ""192"", ""cfg_batch_size"": """", ""cfg_lr"": ""0.0002"", ""cfg_max_steps"": ""200000"", ""cfg_eval_csv"": ""5script/eval100_top30.csv"", ""cfg_eval_cfg"": ""4.0""}",5script/train_top30.csv,,,,DiT-2Cond-S/2,,,,,,20260823-120253-s5-top30-diffonly-resume,s5_2factor_top30,,all_experiments_20260903,,,,,,
0.8488,0.5078,20000,,"{""cfg_model"": ""DiT-2Cond-S/2"", ""cfg_data_csv"": ""5script/train_top6.csv"", ""cfg_diffusion_type"": """", ""cfg_main_ckpt"": """", ""cfg_skel_latent_shards_dir"": """", ""cfg_global_batch_size"": ""192"", ""cfg_batch_size"": """", ""cfg_lr"": ""0.0002"", ""cfg_max_steps"": ""200000"", ""cfg_eval_csv"": ""5script/eval100_top6.csv"", ""cfg_eval_cfg"": ""4.0""}",5script/train_top6.csv,,,,DiT-2Cond-S/2,,,,,,20260819-225143-s6-top6-diffonly,s6_top6_diffonly,,all_experiments_20260903,,,,,,
0.4319,0.7322,195000,,"{""cfg_model"": ""DiT-2Cond-S/2"", ""cfg_data_csv"": ""5script/train_top6.csv"", ""cfg_diffusion_type"": """", ""cfg_main_ckpt"": """", ""cfg_skel_latent_shards_dir"": """", ""cfg_global_batch_size"": ""192"", ""cfg_batch_size"": """", ""cfg_lr"": ""0.0002"", ""cfg_max_steps"": ""200000"", ""cfg_eval_csv"": ""5script/eval100_top6.csv"", ""cfg_eval_cfg"": ""4.0""}",5script/train_top6.csv,,,,DiT-2Cond-S/2,,,,,,20260820-191536-s6-top6-diffonly-resume,s6_top6_diffonly,,all_experiments_20260903,,,,,,
0.9105,0.3314,90000,,"{""cfg_model"": ""DiT-2Cond-S/2"", ""cfg_data_csv"": ""5script/train_top6.csv"", ""cfg_diffusion_type"": """", ""cfg_main_ckpt"": """", ""cfg_skel_latent_shards_dir"": """", ""cfg_global_batch_size"": ""48"", ""cfg_batch_size"": """", ""cfg_lr"": ""0.0002"", ""cfg_max_steps"": ""200000"", ""cfg_eval_csv"": ""5script/eval100_top6.csv"", ""cfg_eval_cfg"": ""4.0""}",5script/train_top6.csv,,,,DiT-2Cond-S/2,,,,,,20260820-002342-s6-top6-struct-fp32,s6_top6_struct_fp32,,all_experiments_20260903,,,,,,
0.7828,0.4044,125000,,"{""cfg_model"": ""DiT-2Cond-S/2"", ""cfg_data_csv"": ""5script/train_top6.csv"", ""cfg_diffusion_type"": """", ""cfg_main_ckpt"": """", ""cfg_skel_latent_shards_dir"": """", ""cfg_global_batch_size"": ""48"", ""cfg_batch_size"": """", ""cfg_lr"": ""0.0002"", ""cfg_max_steps"": ""200000"", ""cfg_eval_csv"": ""5script/eval100_top6.csv"", ""cfg_eval_cfg"": ""4.0""}",5script/train_top6.csv,,,,DiT-2Cond-S/2,,,,,,20260821-073004-s6-top6-struct-fp32-resume,s6_top6_struct_fp32,,all_experiments_20260903,,,,,,
1.4542,0.166,15000,,"{""cfg_model"": ""DiT-2Cond-S/2"", ""cfg_data_csv"": ""5script/train_top6.csv"", ""cfg_diffusion_type"": """", ""cfg_main_ckpt"": """", ""cfg_skel_latent_shards_dir"": """", ""cfg_global_batch_size"": ""8"", ""cfg_batch_size"": """", ""cfg_lr"": ""0.0002"", ""cfg_max_steps"": ""200000"", ""cfg_eval_csv"": ""5script/eval100_top6.csv"", ""cfg_eval_cfg"": ""4.0""}",5script/train_top6.csv,,,,DiT-2Cond-S/2,,,,,,20260820-161241-s6-top6-struct-fp32-fullbatch,s6_top6_struct_fp32_full,,all_experiments_20260903,,,,,,
0.8879,0.509,75000,,"{""cfg_model"": ""DiT-2Cond-S/4"", ""cfg_data_csv"": ""5script/train_top30.csv"", ""cfg_diffusion_type"": """", ""cfg_main_ckpt"": """", ""cfg_skel_latent_shards_dir"": """", ""cfg_global_batch_size"": ""224"", ""cfg_batch_size"": """", ""cfg_lr"": ""0.0002"", ""cfg_max_steps"": ""600000"", ""cfg_eval_csv"": ""5script/eval100_top30.csv"", ""cfg_eval_cfg"": ""4.0""}",5script/train_top30.csv,,,,DiT-2Cond-S/4,,,,,,20260823-163710-s7-klf4-top30-diffonly,s7_klf4_top30,,all_experiments_20260903,,,,,,
0.5351,0.6524,200000,,"{""cfg_model"": ""DiT-2Cond-S/2"", ""cfg_data_csv"": ""5script/train_top6.csv"", ""cfg_diffusion_type"": """", ""cfg_main_ckpt"": """", ""cfg_skel_latent_shards_dir"": """", ""cfg_global_batch_size"": ""8"", ""cfg_batch_size"": """", ""cfg_lr"": ""0.0001"", ""cfg_max_steps"": ""275000"", ""cfg_eval_csv"": ""5script/eval100_top6.csv"", ""cfg_eval_cfg"": ""4.0""}",5script/train_top6.csv,,,,DiT-2Cond-S/2,,,,,,20260821-142832-s7-ramp-b8all,s7_ramp_b8all,,all_experiments_20260903,,,,,,
0.8369,0.5257,105000,,"{""cfg_model"": ""DiT-2Cond-S/4"", ""cfg_data_csv"": ""5script/train_top30_clean.csv"", ""cfg_diffusion_type"": """", ""cfg_main_ckpt"": """", ""cfg_skel_latent_shards_dir"": """", ""cfg_global_batch_size"": ""224"", ""cfg_batch_size"": """", ""cfg_lr"": ""0.0002"", ""cfg_max_steps"": ""600000"", ""cfg_eval_csv"": ""5script/eval100_top30_clean.csv"", ""cfg_eval_cfg"": ""4.0""}",5script/train_top30_clean.csv,,,,DiT-2Cond-S/4,,,,,,20260823-234546-s8-klf4-clean-dino,s8_klf4_clean_dino,,all_experiments_20260903,,,,,,
,,,,"{""cfg_model"": ""DiT-2Cond-S/4"", ""cfg_data_csv"": ""5script/train_top30_clean.csv"", ""cfg_diffusion_type"": """", ""cfg_main_ckpt"": """", ""cfg_skel_latent_shards_dir"": """", ""cfg_global_batch_size"": ""224"", ""cfg_batch_size"": """", ""cfg_lr"": ""0.0002"", ""cfg_max_steps"": ""600000"", ""cfg_eval_csv"": ""5script/eval100_top30_clean.csv"", ""cfg_eval_cfg"": ""4.0""}",5script/train_top30_clean.csv,,,,DiT-2Cond-S/4,,,,,,20260824-083321-s8-klf4-clean-dino,s8_klf4_clean_dino,,all_experiments_20260903,,,,,,
,,,,"{""cfg_model"": ""DiT-2Cond-S/2"", ""cfg_data_csv"": ""5script/train_top6.csv"", ""cfg_diffusion_type"": """", ""cfg_main_ckpt"": """", ""cfg_skel_latent_shards_dir"": """", ""cfg_global_batch_size"": ""32"", ""cfg_batch_size"": """", ""cfg_lr"": ""0.0001"", ""cfg_max_steps"": ""275000"", ""cfg_eval_csv"": ""5script/eval100_top6.csv"", ""cfg_eval_cfg"": ""4.0""}",5script/train_top6.csv,,,,DiT-2Cond-S/2,,,,,,20260821-211823-s8-structv2-b32sub8,s8_structv2_b32sub8,,all_experiments_20260903,,,,,,
0.5528,0.641,200000,,"{""cfg_model"": ""DiT-2Cond-S/2"", ""cfg_data_csv"": ""5script/train_top6.csv"", ""cfg_diffusion_type"": """", ""cfg_main_ckpt"": """", ""cfg_skel_latent_shards_dir"": """", ""cfg_global_batch_size"": ""8"", ""cfg_batch_size"": """", ""cfg_lr"": ""0.0001"", ""cfg_max_steps"": ""275000"", ""cfg_eval_csv"": ""5script/eval100_top6.csv"", ""cfg_eval_cfg"": ""4.0""}",5script/train_top6.csv,,,,DiT-2Cond-S/2,,,,,,20260821-212149-s8-structv2-b8all,s8_structv2_b8all,,all_experiments_20260903,,,,,,
0.622,0.6102,205000,,"{""cfg_model"": ""DiT-2Cond-S/2"", ""cfg_data_csv"": ""5script/train_top6.csv"", ""cfg_diffusion_type"": """", ""cfg_main_ckpt"": """", ""cfg_skel_latent_shards_dir"": """", ""cfg_global_batch_size"": ""32"", ""cfg_batch_size"": """", ""cfg_lr"": ""0.0001"", ""cfg_max_steps"": ""260000"", ""cfg_eval_csv"": ""5script/eval100_top6.csv"", ""cfg_eval_cfg"": ""4.0""}",5script/train_top6.csv,,,,DiT-2Cond-S/2,,,,,,20260821-232920-s9-skelonly,s9_skelonly,,all_experiments_20260903,,,,,,
1.699,0.2708,2000,,"{""cfg_model"": ""DiT-2Cond-S/2"", ""cfg_data_csv"": ""5script/train.csv"", ""cfg_diffusion_type"": """", ""cfg_main_ckpt"": """", ""cfg_skel_latent_shards_dir"": """", ""cfg_global_batch_size"": ""224"", ""cfg_batch_size"": """", ""cfg_lr"": ""0.0001"", ""cfg_max_steps"": ""39600"", ""cfg_eval_csv"": ""5script/eval_strata/clean_unseen_triple_100.csv"", ""cfg_eval_cfg"": ""4.0""}",5script/train.csv,,,,DiT-2Cond-S/2,,,,,,20260815-193523-v3a-2factor-glyph-composable,v3a,,all_experiments_20260903,,,,,,
1.8293,0.1284,5000,,"{""cfg_model"": ""DiT-2Cond-S/2"", ""cfg_data_csv"": ""5script/train.csv"", ""cfg_diffusion_type"": """", ""cfg_main_ckpt"": """", ""cfg_skel_latent_shards_dir"": """", ""cfg_global_batch_size"": ""8"", ""cfg_batch_size"": """", ""cfg_lr"": ""0.0001"", ""cfg_max_steps"": ""39600"", ""cfg_eval_csv"": ""5script/eval_strata/clean_unseen_triple_100.csv"", ""cfg_eval_cfg"": ""4.0""}",5script/train.csv,,,,DiT-2Cond-S/2,,,,,,20260815-195729-v3a-2factor-glyph-canny-skel,v3a,,all_experiments_20260903,,,,,,
,,,,"{""cfg_model"": ""DiT-2Cond-S/2"", ""cfg_data_csv"": ""5script/train.csv"", ""cfg_diffusion_type"": """", ""cfg_main_ckpt"": """", ""cfg_skel_latent_shards_dir"": """", ""cfg_global_batch_size"": ""8"", ""cfg_batch_size"": """", ""cfg_lr"": ""0.0001"", ""cfg_max_steps"": ""39600"", ""cfg_eval_csv"": ""5script/eval_strata/clean_unseen_triple_100.csv"", ""cfg_eval_cfg"": ""4.0""}",5script/train.csv,,,,DiT-2Cond-S/2,,,,,,20260815-205533-v3a-2factor-glyph-canny-skel,v3a,,all_experiments_20260903,,,,,,
1.6107,0.1565,5000,,"{""cfg_model"": ""DiT-2Cond-S/2"", ""cfg_data_csv"": ""5script/train.csv"", ""cfg_diffusion_type"": """", ""cfg_main_ckpt"": """", ""cfg_skel_latent_shards_dir"": """", ""cfg_global_batch_size"": ""12"", ""cfg_batch_size"": """", ""cfg_lr"": ""0.0001"", ""cfg_max_steps"": ""39600"", ""cfg_eval_csv"": ""5script/eval_strata/clean_unseen_triple_100.csv"", ""cfg_eval_cfg"": ""4.0""}",5script/train.csv,,,,DiT-2Cond-S/2,,,,,,20260815-213305-v3a-2factor-glyph-canny-skel,v3a,,all_experiments_20260903,,,,,,
2.0707,0.1048,1000,,"{""cfg_model"": ""DiT-2Cond-S/2"", ""cfg_data_csv"": ""5script/train.csv"", ""cfg_diffusion_type"": """", ""cfg_main_ckpt"": """", ""cfg_skel_latent_shards_dir"": """", ""cfg_global_batch_size"": ""12"", ""cfg_batch_size"": """", ""cfg_lr"": ""0.0001"", ""cfg_max_steps"": ""39600"", ""cfg_eval_csv"": ""5script/eval_strata/clean_unseen_triple_100.csv"", ""cfg_eval_cfg"": ""4.0""}",5script/train.csv,,,,DiT-2Cond-S/2,,,,,,20260815-225356-v3a-2factor-glyph-canny-skel,v3a,,all_experiments_20260903,,,,,,
1.0807,0.3946,35000,,"{""cfg_model"": ""DiT-2Cond-S/2"", ""cfg_data_csv"": ""5script/train.csv"", ""cfg_diffusion_type"": """", ""cfg_main_ckpt"": """", ""cfg_skel_latent_shards_dir"": """", ""cfg_global_batch_size"": ""12"", ""cfg_batch_size"": """", ""cfg_lr"": ""0.0001"", ""cfg_max_steps"": ""39600"", ""cfg_eval_csv"": ""5script/eval_strata/clean_unseen_triple_100.csv"", ""cfg_eval_cfg"": ""4.0""}",5script/train.csv,,,,DiT-2Cond-S/2,,,,,,20260816-002421-v3a-2factor-glyph-canny-skel,v3a,,all_experiments_20260903,,,,,,
2.9445,0.0349,1000,,"{""cfg_model"": ""DiT-2Cond-XL/2"", ""cfg_data_csv"": ""5script/train.csv"", ""cfg_diffusion_type"": """", ""cfg_main_ckpt"": """", ""cfg_skel_latent_shards_dir"": """", ""cfg_global_batch_size"": ""4"", ""cfg_batch_size"": """", ""cfg_lr"": ""0.0001"", ""cfg_max_steps"": ""39600"", ""cfg_eval_csv"": ""5script/eval_strata/clean_unseen_triple_100.csv"", ""cfg_eval_cfg"": ""4.0""}",5script/train.csv,,,,DiT-2Cond-XL/2,,,,,,20260815-232600-v3a-2factor-glyph-XL-lora-cs,v3a_xl,,all_experiments_20260903,,,,,,
4.4435,0.015,1000,,"{""cfg_model"": ""DiT-2Cond-XL/2"", ""cfg_data_csv"": ""5script/train.csv"", ""cfg_diffusion_type"": """", ""cfg_main_ckpt"": """", ""cfg_skel_latent_shards_dir"": """", ""cfg_global_batch_size"": ""4"", ""cfg_batch_size"": """", ""cfg_lr"": ""0.0001"", ""cfg_max_steps"": ""35000"", ""cfg_eval_csv"": ""5script/eval_strata/clean_unseen_triple_100.csv"", ""cfg_eval_cfg"": ""4.0""}",5script/train.csv,,,,DiT-2Cond-XL/2,,,,,,20260816-101955-v3a-2factor-glyph-XL-highdim-LoRA-cs,v3a_xl_highdim,,all_experiments_20260903,,,,,,
1.6758,0.1997,3000,,"{""cfg_model"": ""DiT-2Cond-XL/2"", ""cfg_data_csv"": ""5script/train.csv"", ""cfg_diffusion_type"": """", ""cfg_main_ckpt"": """", ""cfg_skel_latent_shards_dir"": """", ""cfg_global_batch_size"": ""4"", ""cfg_batch_size"": """", ""cfg_lr"": ""0.0001"", ""cfg_max_steps"": ""35000"", ""cfg_eval_csv"": ""5script/eval_strata/clean_unseen_triple_100.csv"", ""cfg_eval_cfg"": ""4.0""}",5script/train.csv,,,,DiT-2Cond-XL/2,,,,,,20260816-103708-v3a-2factor-glyph-XL-highdim-LoRA-cs,v3a_xl_highdim,,all_experiments_20260903,,,,,,
1.5214,0.1758,5000,,"{""cfg_model"": ""DiT-2Cond-XL/2"", ""cfg_data_csv"": ""5script/train.csv"", ""cfg_diffusion_type"": """", ""cfg_main_ckpt"": """", ""cfg_skel_latent_shards_dir"": """", ""cfg_global_batch_size"": ""4"", ""cfg_batch_size"": """", ""cfg_lr"": ""0.0001"", ""cfg_max_steps"": ""35000"", ""cfg_eval_csv"": ""5script/eval_strata/clean_unseen_triple_100.csv"", ""cfg_eval_cfg"": ""4.0""}",5script/train.csv,,,,DiT-2Cond-XL/2,,,,,,20260816-114452-v3a-2factor-glyph-XL-highdim-LoRA-cs,v3a_xl_highdim,,all_experiments_20260903,,,,,,
2.005,0.1261,1000,,"{""cfg_model"": ""DiT-2Cond-XL/2"", ""cfg_data_csv"": ""5script/train.csv"", ""cfg_diffusion_type"": """", ""cfg_main_ckpt"": """", ""cfg_skel_latent_shards_dir"": """", ""cfg_global_batch_size"": ""16"", ""cfg_batch_size"": """", ""cfg_lr"": ""0.0001"", ""cfg_max_steps"": ""30000"", ""cfg_eval_csv"": ""5script/eval_strata/clean_unseen_triple_100.csv"", ""cfg_eval_cfg"": ""4.0""}",5script/train.csv,,,,DiT-2Cond-XL/2,,,,,,20260816-132613-v3a-XL-skelhead-guide,v3a_xl_skelhead,,all_experiments_20260903,,,,,,
1.1843,0.4045,15000,,"{""cfg_model"": ""DiT-2Cond-XL/2"", ""cfg_data_csv"": ""5script/train.csv"", ""cfg_diffusion_type"": """", ""cfg_main_ckpt"": """", ""cfg_skel_latent_shards_dir"": """", ""cfg_global_batch_size"": ""16"", ""cfg_batch_size"": """", ""cfg_lr"": ""0.0001"", ""cfg_max_steps"": ""30000"", ""cfg_eval_csv"": ""5script/eval_strata/clean_unseen_triple_100.csv"", ""cfg_eval_cfg"": ""4.0""}",5script/train.csv,,,,DiT-2Cond-XL/2,,,,,,20260816-133413-v3a-XL-skelhead-guide,v3a_xl_skelhead,,all_experiments_20260903,,,,,,
,,,,"{""cfg_model"": ""DiT-2Cond-XL/2"", ""cfg_data_csv"": ""kailishu_train.csv"", ""cfg_diffusion_type"": """", ""cfg_main_ckpt"": """", ""cfg_skel_latent_shards_dir"": """", ""cfg_global_batch_size"": ""16"", ""cfg_batch_size"": """", ""cfg_lr"": ""0.0001"", ""cfg_max_steps"": ""30000"", ""cfg_eval_csv"": ""kailishu_eval.csv"", ""cfg_eval_cfg"": ""4.0""}",kailishu_train.csv,,,,DiT-2Cond-XL/2,,,,,,20260816-145812-v3b-XL-glyphcond-kailishu,v3b_xl_glyphcond,,all_experiments_20260903,,,,,,
0.9922,0.4888,30000,,"{""cfg_model"": ""DiT-2Cond-XL/2"", ""cfg_data_csv"": ""kailishu_train.csv"", ""cfg_diffusion_type"": """", ""cfg_main_ckpt"": """", ""cfg_skel_latent_shards_dir"": """", ""cfg_global_batch_size"": ""16"", ""cfg_batch_size"": """", ""cfg_lr"": ""0.0001"", ""cfg_max_steps"": ""30000"", ""cfg_eval_csv"": ""kailishu_eval.csv"", ""cfg_eval_cfg"": ""4.0""}",kailishu_train.csv,,,,DiT-2Cond-XL/2,,,,,,20260816-150221-v3b-XL-glyphcond-kailishu,v3b_xl_glyphcond,,all_experiments_20260903,,,,,,
,,,,"{""cfg_model"": ""DiT-2Cond-XL/2"", ""cfg_data_csv"": ""kailishu_train.csv"", ""cfg_diffusion_type"": """", ""cfg_main_ckpt"": """", ""cfg_skel_latent_shards_dir"": """", ""cfg_global_batch_size"": ""16"", ""cfg_batch_size"": """", ""cfg_lr"": ""0.0001"", ""cfg_max_steps"": ""30000"", ""cfg_eval_csv"": ""kailishu_eval.csv"", ""cfg_eval_cfg"": ""4.0""}",kailishu_train.csv,,,,DiT-2Cond-XL/2,,,,,,20260816-183348-v3c-XL-glyphcond-midstep-kailishu,v3c_xl_glyphcond_midstep,,all_experiments_20260903,,,,,,
,,,,"{""cfg_model"": ""DiT-2Cond-XL/2"", ""cfg_data_csv"": ""kailishu_train.csv"", ""cfg_diffusion_type"": """", ""cfg_main_ckpt"": """", ""cfg_skel_latent_shards_dir"": """", ""cfg_global_batch_size"": ""16"", ""cfg_batch_size"": """", ""cfg_lr"": ""0.0001"", ""cfg_max_steps"": ""30000"", ""cfg_eval_csv"": ""kailishu_eval.csv"", ""cfg_eval_cfg"": ""4.0""}",kailishu_train.csv,,,,DiT-2Cond-XL/2,,,,,,20260816-191208-v3c-XL-glyphcond-midstep-kailishu,v3c_xl_glyphcond_midstep,,all_experiments_20260903,,,,,,
0.042,0.8523,1000,,"{""cfg_model"": """", ""cfg_data_csv"": """", ""cfg_diffusion_type"": """", ""cfg_main_ckpt"": """", ""cfg_skel_latent_shards_dir"": """", ""cfg_global_batch_size"": """", ""cfg_batch_size"": """", ""cfg_lr"": """", ""cfg_max_steps"": """", ""cfg_eval_csv"": """", ""cfg_eval_cfg"": """"}",,,,,,,,,,,20260814-160701-DiT-3Cond-S-2,dit_s_pretrain,,all_experiments_20260903,,,,,,
0.0286,0.8985,45000,,"{""cfg_model"": """", ""cfg_data_csv"": """", ""cfg_diffusion_type"": """", ""cfg_main_ckpt"": """", ""cfg_skel_latent_shards_dir"": """", ""cfg_global_batch_size"": """", ""cfg_batch_size"": """", ""cfg_lr"": """", ""cfg_max_steps"": """", ""cfg_eval_csv"": """", ""cfg_eval_cfg"": """"}",,,,,,,,,,,20260814-170506-DiT-3Cond-S-2,exp_s_scratch,,all_experiments_20260903,,,,,,
0.0271,0.9014,37000,,"{""cfg_model"": """", ""cfg_data_csv"": """", ""cfg_diffusion_type"": """", ""cfg_main_ckpt"": """", ""cfg_skel_latent_shards_dir"": """", ""cfg_global_batch_size"": """", ""cfg_batch_size"": """", ""cfg_lr"": """", ""cfg_max_steps"": """", ""cfg_eval_csv"": """", ""cfg_eval_cfg"": """"}",,,,,,,,,,,20260814-184935-DiT-3Cond-XL-2,exp_xl_head,,all_experiments_20260903,,,,,,
0.027,0.9027,37000,,"{""cfg_model"": """", ""cfg_data_csv"": """", ""cfg_diffusion_type"": """", ""cfg_main_ckpt"": """", ""cfg_skel_latent_shards_dir"": """", ""cfg_global_batch_size"": """", ""cfg_batch_size"": """", ""cfg_lr"": """", ""cfg_max_steps"": """", ""cfg_eval_csv"": """", ""cfg_eval_cfg"": """"}",,,,,,,,,,,20260814-231414-DiT-3Cond-XL-2,exp_xl_head_r32,,all_experiments_20260903,,,,,,
0.027,0.9024,37000,,"{""cfg_model"": """", ""cfg_data_csv"": """", ""cfg_diffusion_type"": """", ""cfg_main_ckpt"": """", ""cfg_skel_latent_shards_dir"": """", ""cfg_global_batch_size"": """", ""cfg_batch_size"": """", ""cfg_lr"": """", ""cfg_max_steps"": """", ""cfg_eval_csv"": """", ""cfg_eval_cfg"": """"}",,,,,,,,,,,20260815-032642-DiT-3Cond-XL-2,exp_xl_head_r32_attn,,all_experiments_20260903,,,,,,
0.0269,0.9021,37000,,"{""cfg_model"": """", ""cfg_data_csv"": """", ""cfg_diffusion_type"": """", ""cfg_main_ckpt"": """", ""cfg_skel_latent_shards_dir"": """", ""cfg_global_batch_size"": """", ""cfg_batch_size"": """", ""cfg_lr"": """", ""cfg_max_steps"": """", ""cfg_eval_csv"": """", ""cfg_eval_cfg"": """"}",,,,,,,,,,,20260815-012124-DiT-3Cond-XL-2,exp_xl_head_r64,,all_experiments_20260903,,,,,,
0.0269,0.9029,37000,,"{""cfg_model"": """", ""cfg_data_csv"": """", ""cfg_diffusion_type"": """", ""cfg_main_ckpt"": """", ""cfg_skel_latent_shards_dir"": """", ""cfg_global_batch_size"": """", ""cfg_batch_size"": """", ""cfg_lr"": """", ""cfg_max_steps"": """", ""cfg_eval_csv"": """", ""cfg_eval_cfg"": """"}",,,,,,,,,,,20260814-211629-DiT-3Cond-XL-2,exp_xl_head_r8,,all_experiments_20260903,,,,,,
,,,1.7,,,,,0.3984,,,0.8554,501,,eval_strict_midclean n=501 cfg=r.get(cfg) steps=50,s19_midclean_s_flow/20260828-143711-s19-midclean-s-flow,s19-midclean-s-flow,0.0182,eval_unified_20260829,0.516,,,0.5287,0.5041,0.5126
,,,4.0,,,,,0.4008,,,0.8786,501,,eval_strict_midclean n=501 cfg=r.get(cfg) steps=50,s19_midclean_s_flow/20260828-143711-s19-midclean-s-flow,s19-midclean-s-flow,0.0181,eval_unified_20260829,0.5087,,,0.5218,0.4968,0.5046
,,,1.7,,,,,0.4978,,,0.8541,501,,eval_strict_midclean n=501 cfg=r.get(cfg) steps=50,s18_s_flow_small/20260827-232003-s18-s-flow-small,s18-s-flow-small,0.0175,eval_unified_20260829,0.4336,,,0.4672,0.3939,0.4364
,,,4.0,,,,,0.567,,,0.907,501,,eval_strict_midclean n=501 cfg=r.get(cfg) steps=50,s18_s_flow_small/20260827-232003-s18-s-flow-small,s18-s-flow-small,0.0167,eval_unified_20260829,0.3424,,,0.378,0.2713,0.3873
,,,1.7,,,,,0.3989,,,0.8166,501,,eval_strict_midclean n=501 cfg=r.get(cfg) steps=50,s17_s_flow/20260827-070924-s17-s-flow,s17-s-flow,0.0214,eval_unified_20260829,0.5204,,,0.5374,0.5015,0.52
,,,4.0,,,,,0.4058,,,0.8273,501,,eval_strict_midclean n=501 cfg=r.get(cfg) steps=50,s17_s_flow/20260827-070924-s17-s-flow,s17-s-flow,0.0216,eval_unified_20260829,0.5139,,,0.5296,0.4952,0.5155
,,,1.7,,,,,0.3988,,,0.7888,501,,eval_strict_midclean n=501 cfg=r.get(cfg) steps=50,s15_ws_flow/20260826-133102-s15-ws-flow,s15-ws-flow,0.0244,eval_unified_20260829,0.5245,,,0.5406,0.5065,0.5243
,,,4.0,,,,,0.4065,,,0.7978,501,,eval_strict_midclean n=501 cfg=r.get(cfg) steps=50,s15_ws_flow/20260826-133102-s15-ws-flow,s15-ws-flow,0.024,eval_unified_20260829,0.5177,,,0.5335,0.4989,0.5194
,,,,,,,12,,,0.10421574115753174,,500,"{""六体"": 0.8002, ""行"": 0.8004, ""草"": 0.8195, ""篆"": 0.8282, ""楷"": 0.7982, ""隶"": 0.8159}",,ctrl_fame_v2/094156,fame_final_ctrl,,fame_final_eval,,0.7814469573177232,0.804461935448914,,,
,,,,,,,75,,,0.9101306796073914,,500,"{""六体"": 0.4818, ""行"": 0.5053, ""草"": 0.5059, ""篆"": 0.4688, ""楷"": 0.5031, ""隶"": 0.4804}",,ctrl_fame_v2/094156,fame_final_base,,fame_final_eval,,0.4983704425984397,0.5003022991878163,,,
